{
"type": "FeatureCollection",
"name": "KotaProbolinggo",
"crs": { "type": "name", "properties": { "name": "urn:ogc:def:crs:OGC:1.3:CRS84" } },
"features": [
{ "type": "Feature", "properties": { "KDPPUM": null, "NAMOBJ": "KEDUNGSUPIT", "REMARK": "Wilayah Administrasi Keluruhan/Desa", "KDPBPS": null, "FCODE": null, "LUASWH": 0.0, "UUPP": null, "SRS_ID": null, "LCODE": "BA0020", "METADATA": null, "KDEBPS": null, "KDEPUM": null, "KDCBPS": null, "KDCPUM": null, "KDBBPS": null, "KDBPUM": null, "WADMKD": null, "WIADKD": null, "WADMKC": "WONOMERTO", "WIADKC": null, "WADMKK": "PROBOLINGGO", "WIADKK": null, "WADMPR": "JAWA TIMUR", "WIADPR": null, "TIPADM": 0, "SHAPE_Leng": 0.05472213838, "SHAPE_Area": 8.669793e-05 }, "geometry": { "type": "MultiPolygon", "coordinates": [ [ [ [ 113.20659, -7.81466355, 0.0 ], [ 113.206548528383394, -7.815018860424285, 0.0 ], [ 113.206369154000228, -7.814980439999932, 0.0 ], [ 113.206432620368034, -7.814609768500393, 0.0 ], [ 113.20659, -7.81466355, 0.0 ] ] ], [ [ [ 113.200390395000085, -7.812392976999984, 0.0 ], [ 113.200270356, -7.8125486829999, 0.0 ], [ 113.200158414898908, -7.81249437948577, 0.0 ], [ 113.20016508, -7.812478619999965, 0.0 ], [ 113.200489079999983, -7.811972099999977, 0.0 ], [ 113.200841520000012, -7.811559719999963, 0.0 ], [ 113.201151840000108, -7.811329949999958, 0.0 ], [ 113.201223873656488, -7.811302862963878, 0.0 ], [ 113.201094851000107, -7.811387067999888, 0.0 ], [ 113.200961002000227, -7.811502990999976, 0.0 ], [ 113.20088811500014, -7.811599708999985, 0.0 ], [ 113.2008265850002, -7.811667356999898, 0.0 ], [ 113.200768791000215, -7.811706247999918, 0.0 ], [ 113.20063314700009, -7.81185046699995, 0.0 ], [ 113.200596239000149, -7.811910034999904, 0.0 ], [ 113.200581819000107, -7.811996596999961, 0.0 ], [ 113.20057494100017, -7.812110321999867, 0.0 ], [ 113.20050862300009, -7.812234207999904, 0.0 ], [ 113.200390395000085, -7.812392976999984, 0.0 ] ] ], [ [ [ 113.201645303000177, -7.81117263599991, 0.0 ], [ 113.201598770441208, -7.811177784264657, 0.0 ], [ 113.201698680000064, -7.811138609999936, 0.0 ], [ 113.20178147999998, -7.811062649999958, 0.0 ], [ 113.201874, -7.810916669999958, 0.0 ], [ 113.201930160000117, -7.809852869999958, 0.0 ], [ 113.202055708760128, -7.809525712728995, 0.0 ], [ 113.202029252000145, -7.809706046999889, 0.0 ], [ 113.202024889000228, -7.810114465999931, 0.0 ], [ 113.202026456, -7.810413412999974, 0.0 ], [ 113.202022918999972, -7.810637014999912, 0.0 ], [ 113.202002298000053, -7.810752437999959, 0.0 ], [ 113.201957898000018, -7.810851447999891, 0.0 ], [ 113.20186608800006, -7.810988298999934, 0.0 ], [ 113.201777576000012, -7.811098292999887, 0.0 ], [ 113.201702099000173, -7.81115724799988, 0.0 ], [ 113.201645303000177, -7.81117263599991, 0.0 ] ] ], [ [ [ 113.202210156000106, -7.809185187999958, 0.0 ], [ 113.202174470062346, -7.809216242340746, 0.0 ], [ 113.202211679999962, -7.809119279999923, 0.0 ], [ 113.20218648, -7.808842799999962, 0.0 ], [ 113.202152280000021, -7.808659559999988, 0.0 ], [ 113.202216360000079, -7.808436089999972, 0.0 ], [ 113.202383760000075, -7.80825725999992, 0.0 ], [ 113.20292340000006, -7.807616099999983, 0.0 ], [ 113.203030320000025, -7.807449329999951, 0.0 ], [ 113.203134720000136, -7.80701444999994, 0.0 ], [ 113.203224720000122, -7.806501899999986, 0.0 ], [ 113.203257371790272, -7.806407822952945, 0.0 ], [ 113.203249110000087, -7.806449057999966, 0.0 ], [ 113.203251728000126, -7.806891601, 0.0 ], [ 113.203256727000195, -7.807175165999915, 0.0 ], [ 113.203241524000177, -7.807254863999937, 0.0 ], [ 113.203156105000218, -7.807413100999973, 0.0 ], [ 113.203023407000074, -7.80759137599998, 0.0 ], [ 113.202886306000096, -7.807785217999943, 0.0 ], [ 113.202769419000106, -7.807900057999941, 0.0 ], [ 113.202589780000167, -7.808077402999871, 0.0 ], [ 113.20241902400015, -7.808252893999914, 0.0 ], [ 113.202339808, -7.80833979399991, 0.0 ], [ 113.202289009000239, -7.808444077999923, 0.0 ], [ 113.202259611000017, -7.808581778999947, 0.0 ], [ 113.202260598000109, -7.808798669999952, 0.0 ], [ 113.202256518000027, -7.809132619999961, 0.0 ], [ 113.202210156000106, -7.809185187999958, 0.0 ] ] ], [ [ [ 113.208332040000101, -7.80581051999998, 0.0 ], [ 113.208330960000012, -7.806733109999932, 0.0 ], [ 113.208232680000052, -7.807418099999943, 0.0 ], [ 113.208185880000087, -7.807748039999975, 0.0 ], [ 113.207950080000032, -7.808587920000011, 0.0 ], [ 113.207844960000131, -7.808961779999947, 0.0 ], [ 113.207731920000015, -7.809736859999951, 0.0 ], [ 113.2075386, -7.810260659999948, 0.0 ], [ 113.207235479999966, -7.81054245, 0.0 ], [ 113.206814280000117, -7.81066142999989, 0.0 ], [ 113.206580640000055, -7.810732619999918, 0.0 ], [ 113.206205880000041, -7.81078130999995, 0.0 ], [ 113.205968280000107, -7.810698599999945, 0.0 ], [ 113.20589484000007, -7.810670879999961, 0.0 ], [ 113.205551626693932, -7.810530073143298, 0.0 ], [ 113.20555336300005, -7.810522895999974, 0.0 ], [ 113.205629596000151, -7.810166789999908, 0.0 ], [ 113.204844800000131, -7.809974143999867, 0.0 ], [ 113.204872726000232, -7.809727098999943, 0.0 ], [ 113.204937566, -7.809563998999948, 0.0 ], [ 113.204855729000059, -7.809535777999923, 0.0 ], [ 113.205312376000194, -7.808508835999952, 0.0 ], [ 113.205985155999983, -7.808790722999916, 0.0 ], [ 113.206197307000039, -7.808172277999905, 0.0 ], [ 113.206758765000046, -7.808319094999973, 0.0 ], [ 113.207045909000186, -7.808404262999915, 0.0 ], [ 113.207436686000094, -7.808512296999972, 0.0 ], [ 113.207754545000199, -7.808611311999904, 0.0 ], [ 113.207897869000149, -7.808165566999971, 0.0 ], [ 113.208018440000089, -7.807841763999914, 0.0 ], [ 113.208224819000208, -7.807220817999873, 0.0 ], [ 113.207953940000081, -7.807158429999951, 0.0 ], [ 113.207402514000023, -7.807014634999955, 0.0 ], [ 113.207350733000084, -7.807088197999914, 0.0 ], [ 113.20677307600026, -7.806916250999986, 0.0 ], [ 113.206445932000193, -7.806785381999905, 0.0 ], [ 113.206543083000057, -7.806569967999934, 0.0 ], [ 113.206518942000102, -7.806541445999883, 0.0 ], [ 113.206653028, -7.806058244999871, 0.0 ], [ 113.20713786900015, -7.806189465999893, 0.0 ], [ 113.207494764000188, -7.806264509999973, 0.0 ], [ 113.207504106000073, -7.806235993999923, 0.0 ], [ 113.208140836000183, -7.806342742999963, 0.0 ], [ 113.2082129824513, -7.805757921222025, 0.0 ], [ 113.208332040000101, -7.80581051999998, 0.0 ] ] ], [ [ [ 113.205659227628757, -7.804432279325326, 0.0 ], [ 113.205789784126381, -7.804484332186814, 0.0 ], [ 113.205753392, -7.804473910999967, 0.0 ], [ 113.205665372, -7.804435237999964, 0.0 ], [ 113.205659227628757, -7.804432279325326, 0.0 ] ] ], [ [ [ 113.204068410000204, -7.805682760999979, 0.0 ], [ 113.203743956, -7.806136136999921, 0.0 ], [ 113.203700936, -7.806170160999983, 0.0 ], [ 113.203648562000097, -7.806173506999905, 0.0 ], [ 113.203589824000133, -7.806146158999951, 0.0 ], [ 113.203534198000057, -7.806128011999959, 0.0 ], [ 113.203497220000017, -7.806131277999963, 0.0 ], [ 113.203408174000202, -7.806196267999923, 0.0 ], [ 113.203290683189167, -7.806311845427107, 0.0 ], [ 113.203304280000125, -7.806272669999938, 0.0 ], [ 113.203593359999971, -7.806011039999962, 0.0 ], [ 113.204022480000049, -7.805567159999917, 0.0 ], [ 113.204202480000021, -7.805314259999953, 0.0 ], [ 113.204634120000023, -7.804710359999902, 0.0 ], [ 113.20490772, -7.804398959999983, 0.0 ], [ 113.205059640000059, -7.804222109999916, 0.0 ], [ 113.205081600000099, -7.804156949999943, 0.0 ], [ 113.205165498934392, -7.804206905951407, 0.0 ], [ 113.205133402000129, -7.804224008999896, 0.0 ], [ 113.205104174000098, -7.804251454999946, 0.0 ], [ 113.20503525800008, -7.804335498999972, 0.0 ], [ 113.20495166100018, -7.804413384999933, 0.0 ], [ 113.20487222700001, -7.804487091999903, 0.0 ], [ 113.204774027000141, -7.804588007999904, 0.0 ], [ 113.204699574000117, -7.804699193999866, 0.0 ], [ 113.204645271000146, -7.804805032999919, 0.0 ], [ 113.204579752000058, -7.804924123999914, 0.0 ], [ 113.204506422000023, -7.805007378999964, 0.0 ], [ 113.204395493000263, -7.805132309999909, 0.0 ], [ 113.204316533000124, -7.805225082999947, 0.0 ], [ 113.204193784000182, -7.805476237999944, 0.0 ], [ 113.204068410000204, -7.805682760999979, 0.0 ] ] ] ] } },
{ "type": "Feature", "properties": { "KDPPUM": null, "NAMOBJ": "JORONGAN", "REMARK": "Wilayah Administrasi Keluruhan/Desa", "KDPBPS": null, "FCODE": null, "LUASWH": 0.0, "UUPP": null, "SRS_ID": null, "LCODE": "BA0020", "METADATA": null, "KDEBPS": null, "KDEPUM": null, "KDCBPS": null, "KDCPUM": null, "KDBBPS": null, "KDBPUM": null, "WADMKD": null, "WIADKD": null, "WADMKC": "LECES", "WIADKC": null, "WADMKK": "PROBOLINGGO", "WIADKK": null, "WADMPR": "JAWA TIMUR", "WIADPR": null, "TIPADM": 0, "SHAPE_Leng": 0.07402112115, "SHAPE_Area": 0.00016963283 }, "geometry": { "type": "MultiPolygon", "coordinates": [ [ [ [ 113.215452480000039, -7.819629929999962, 0.0 ], [ 113.215648319999985, -7.819814339999944, 0.0 ], [ 113.215797720000083, -7.819973729999987, 0.0 ], [ 113.215966023354895, -7.820067036253199, 0.0 ], [ 113.215962939000164, -7.820066520999937, 0.0 ], [ 113.215919283000204, -7.820050934999891, 0.0 ], [ 113.215891418000112, -7.820039242999901, 0.0 ], [ 113.215843760000254, -7.820015814999916, 0.0 ], [ 113.215806009000147, -7.820000197999956, 0.0 ], [ 113.215682670000248, -7.819912009999943, 0.0 ], [ 113.21561914700024, -7.819884688999903, 0.0 ], [ 113.215549685999989, -7.819865353, 0.0 ], [ 113.215496027000086, -7.819837980999946, 0.0 ], [ 113.215438418000119, -7.81981261699989, 0.0 ], [ 113.215392786000152, -7.819804903999874, 0.0 ], [ 113.21533731000018, -7.819801218999924, 0.0 ], [ 113.215291762000234, -7.819809410999891, 0.0 ], [ 113.215198940000192, -7.819867193999965, 0.0 ], [ 113.215114083000103, -7.819932797999886, 0.0 ], [ 113.215095616000085, -7.819931719999975, 0.0 ], [ 113.215061828348922, -7.819916840427378, 0.0 ], [ 113.215223520000094, -7.819732529999925, 0.0 ], [ 113.2153448400001, -7.819643789999954, 0.0 ], [ 113.215452480000039, -7.819629929999962, 0.0 ] ] ], [ [ [ 113.217224150000249, -7.819764288999888, 0.0 ], [ 113.217194477000106, -7.819990375999943, 0.0 ], [ 113.217166397000184, -7.82009363799996, 0.0 ], [ 113.217131473000137, -7.820146417999887, 0.0 ], [ 113.217105172000089, -7.820161919999926, 0.0 ], [ 113.217067728000103, -7.820162116999942, 0.0 ], [ 113.217034671000121, -7.820157951999953, 0.0 ], [ 113.216983993000099, -7.820142854999947, 0.0 ], [ 113.216957443000027, -7.820125462999929, 0.0 ], [ 113.216939774999986, -7.820105763999987, 0.0 ], [ 113.21692636100012, -7.820070769999933, 0.0 ], [ 113.216893480000152, -7.819972526999976, 0.0 ], [ 113.216881020000102, -7.81993427499992, 0.0 ], [ 113.216863301000146, -7.819890807999876, 0.0 ], [ 113.216842088, -7.81985079399994, 0.0 ], [ 113.216821623110832, -7.819814875406507, 0.0 ], [ 113.216899320000024, -7.819833779999954, 0.0 ], [ 113.217033240000092, -7.819860419999937, 0.0 ], [ 113.21711928, -7.819816499999945, 0.0 ], [ 113.217162480000027, -7.81970976, 0.0 ], [ 113.217138, -7.81948151999994, 0.0 ], [ 113.21699004000007, -7.819145369999926, 0.0 ], [ 113.216836198249609, -7.8189337171533, 0.0 ], [ 113.216976216999981, -7.819052826, 0.0 ], [ 113.217184209000138, -7.819249105999894, 0.0 ], [ 113.217222192, -7.819393592999948, 0.0 ], [ 113.21722970800009, -7.819571224999901, 0.0 ], [ 113.217224150000249, -7.819764288999888, 0.0 ] ] ], [ [ [ 113.216485790000178, -7.817994068999969, 0.0 ], [ 113.21641972200004, -7.817994415999909, 0.0 ], [ 113.216355862000086, -7.817988243999931, 0.0 ], [ 113.216256800000153, -7.817982166999872, 0.0 ], [ 113.21621454211602, -7.817979647338149, 0.0 ], [ 113.216221080000125, -7.817974379999939, 0.0 ], [ 113.216652360000012, -7.817970779999907, 0.0 ], [ 113.216734889560442, -7.817971657227442, 0.0 ], [ 113.216699234000075, -7.817977584999937, 0.0 ], [ 113.216646430000239, -7.817984458999973, 0.0 ], [ 113.216543028000203, -7.817991598999942, 0.0 ], [ 113.216485790000178, -7.817994068999969, 0.0 ] ] ], [ [ [ 113.217028174000106, -7.817738991999914, 0.0 ], [ 113.217019383711701, -7.817752448489081, 0.0 ], [ 113.21695476, -7.817546609999983, 0.0 ], [ 113.216919542210064, -7.817489116957834, 0.0 ], [ 113.217002997999984, -7.817557113999964, 0.0 ], [ 113.217031924000153, -7.817613986999962, 0.0 ], [ 113.217041055000195, -7.817673132999882, 0.0 ], [ 113.217028174000106, -7.817738991999914, 0.0 ] ] ], [ [ [ 113.21739820500008, -7.816789765999978, 0.0 ], [ 113.217257429000071, -7.816810205999982, 0.0 ], [ 113.21720019200022, -7.816812765999927, 0.0 ], [ 113.217129714000166, -7.816813135999958, 0.0 ], [ 113.217008617, -7.81680934399991, 0.0 ], [ 113.216927141000014, -7.816807602999944, 0.0 ], [ 113.216861102000138, -7.816799183999958, 0.0 ], [ 113.216759809000195, -7.816795286999902, 0.0 ], [ 113.216680588000131, -7.816795702999936, 0.0 ], [ 113.21662338500019, -7.816804769999887, 0.0 ], [ 113.216563975000255, -7.816820444999941, 0.0 ], [ 113.21641694700007, -7.81690237099988, 0.0 ], [ 113.216302820000053, -7.816973188999967, 0.0 ], [ 113.216283198937134, -7.817000597713488, 0.0 ], [ 113.21628156000007, -7.816995989999988, 0.0 ], [ 113.216316120000087, -7.816881959999968, 0.0 ], [ 113.21643096, -7.816797359999985, 0.0 ], [ 113.21716212, -7.816774319999944, 0.0 ], [ 113.21745192, -7.816724099999963, 0.0 ], [ 113.217700305505147, -7.816625449983629, 0.0 ], [ 113.217571725000056, -7.816714297999862, 0.0 ], [ 113.21739820500008, -7.816789765999978, 0.0 ] ] ], [ [ [ 113.217907638000042, -7.816409514999958, 0.0 ], [ 113.217899402406687, -7.816423137769537, 0.0 ], [ 113.217899760000023, -7.816416119999971, 0.0 ], [ 113.217753240000064, -7.816212629999921, 0.0 ], [ 113.217684812073358, -7.816164131125049, 0.0 ], [ 113.217712133000219, -7.816171326999967, 0.0 ], [ 113.217774533000053, -7.816198381999897, 0.0 ], [ 113.217855378000166, -7.816236364999931, 0.0 ], [ 113.217908834000056, -7.816296271999914, 0.0 ], [ 113.217921833000062, -7.816323676999961, 0.0 ], [ 113.217925659000031, -7.816354654999948, 0.0 ], [ 113.217918480000051, -7.816382074999908, 0.0 ], [ 113.217907638000042, -7.816409514999958, 0.0 ] ] ], [ [ [ 113.218556154000154, -7.814797301999967, 0.0 ], [ 113.21867897300001, -7.815027828999945, 0.0 ], [ 113.218753377000127, -7.815190920999939, 0.0 ], [ 113.218773510000105, -7.815252810999908, 0.0 ], [ 113.218799260000097, -7.815500746999906, 0.0 ], [ 113.218796622000156, -7.815652224999916, 0.0 ], [ 113.21878809900025, -7.81575068499998, 0.0 ], [ 113.218781429000131, -7.815775571999907, 0.0 ], [ 113.218763388000156, -7.815798350999927, 0.0 ], [ 113.218732841000019, -7.815816584999926, 0.0 ], [ 113.218701161000155, -7.815832566999916, 0.0 ], [ 113.218655769000037, -7.815841842999884, 0.0 ], [ 113.218612693000026, -7.81585110599994, 0.0 ], [ 113.218584305000078, -7.815853514999962, 0.0 ], [ 113.218552506000108, -7.815846903999947, 0.0 ], [ 113.218478478000023, -7.815797587999953, 0.0 ], [ 113.218463695000224, -7.815786368999913, 0.0 ], [ 113.21844432900005, -7.815770565999937, 0.0 ], [ 113.218419265000108, -7.815751537999873, 0.0 ], [ 113.218352008000139, -7.815696402999929, 0.0 ], [ 113.218293926000129, -7.815666252999922, 0.0 ], [ 113.218223503000246, -7.815592065999912, 0.0 ], [ 113.218118500000088, -7.815493930999963, 0.0 ], [ 113.217930599000084, -7.815308659999911, 0.0 ], [ 113.217672638000138, -7.815047121999942, 0.0 ], [ 113.217641309000129, -7.81501619899996, 0.0 ], [ 113.217630293000198, -7.815010743999952, 0.0 ], [ 113.217586348000196, -7.815010974999971, 0.0 ], [ 113.217568066000013, -7.815016582999903, 0.0 ], [ 113.217542444000031, -7.815033165999942, 0.0 ], [ 113.217463912000099, -7.815079215999933, 0.0 ], [ 113.21738707700014, -7.815107001999923, 0.0 ], [ 113.217211657000107, -7.815204711999925, 0.0 ], [ 113.217112946000015, -7.815250867999925, 0.0 ], [ 113.217005380000089, -7.815361054999894, 0.0 ], [ 113.216921684, -7.815476537999945, 0.0 ], [ 113.216887396000104, -7.815578928999891, 0.0 ], [ 113.216885959000066, -7.815646534999889, 0.0 ], [ 113.21690829800005, -7.815715823999938, 0.0 ], [ 113.216954488000056, -7.815786794999948, 0.0 ], [ 113.217039107380174, -7.815857519804183, 0.0 ], [ 113.216981760000095, -7.815834449999983, 0.0 ], [ 113.216843160000082, -7.81571465999993, 0.0 ], [ 113.216780880000073, -7.815583709999931, 0.0 ], [ 113.216808960000094, -7.815456089999941, 0.0 ], [ 113.217397560000123, -7.81503146999998, 0.0 ], [ 113.21759952000005, -7.81487450999996, 0.0 ], [ 113.21785548, -7.814562299999974, 0.0 ], [ 113.217967080000079, -7.814367899999965, 0.0 ], [ 113.218010116045647, -7.814217830650662, 0.0 ], [ 113.218004297000235, -7.814276492999863, 0.0 ], [ 113.218306131000062, -7.81449604899991, 0.0 ], [ 113.218462733000152, -7.814627892999894, 0.0 ], [ 113.218506187000102, -7.814704570999933, 0.0 ], [ 113.218556154000154, -7.814797301999967, 0.0 ] ] ], [ [ [ 113.219836189, -7.812926740999917, 0.0 ], [ 113.219925699000228, -7.813105477999962, 0.0 ], [ 113.220012278000098, -7.81323868399997, 0.0 ], [ 113.220066589000155, -7.813361484999916, 0.0 ], [ 113.220059172000077, -7.81347114499993, 0.0 ], [ 113.220021791000178, -7.81351146699998, 0.0 ], [ 113.21993355300016, -7.813573473999959, 0.0 ], [ 113.219842455000091, -7.813603323999942, 0.0 ], [ 113.219778060000081, -7.813608993999967, 0.0 ], [ 113.21973776300004, -7.813606584999945, 0.0 ], [ 113.219692032999987, -7.813580075999973, 0.0 ], [ 113.219640705000174, -7.81352684499992, 0.0 ], [ 113.219581365000067, -7.813442387999949, 0.0 ], [ 113.219547133000077, -7.813385542999953, 0.0 ], [ 113.21949684500018, -7.81328865699993, 0.0 ], [ 113.219464773000013, -7.813244452999914, 0.0 ], [ 113.219438115000031, -7.813206635999983, 0.0 ], [ 113.219413612000125, -7.813180376999942, 0.0 ], [ 113.219387993000055, -7.813155116999983, 0.0 ], [ 113.219342283000088, -7.813118393999964, 0.0 ], [ 113.219249860000076, -7.81306727799991, 0.0 ], [ 113.219150421000109, -7.813032012999923, 0.0 ], [ 113.219105889000076, -7.813020316999932, 0.0 ], [ 113.219057983000098, -7.813020568999953, 0.0 ], [ 113.21900323700001, -7.813027634999916, 0.0 ], [ 113.218805174000053, -7.813097357999911, 0.0 ], [ 113.218749453000243, -7.813117983999931, 0.0 ], [ 113.218537902000236, -7.813223474999955, 0.0 ], [ 113.218285418540759, -7.813352618511129, 0.0 ], [ 113.21830764000002, -7.813295639999975, 0.0 ], [ 113.218674120000045, -7.812865439999907, 0.0 ], [ 113.218969320000056, -7.812552959999987, 0.0 ], [ 113.219033040000085, -7.812479969999988, 0.0 ], [ 113.219072280000134, -7.81243281, 0.0 ], [ 113.21917164, -7.81230167999998, 0.0 ], [ 113.21958204000012, -7.811774729999989, 0.0 ], [ 113.219789040000023, -7.811574749999963, 0.0 ], [ 113.220142560000141, -7.811359199999981, 0.0 ], [ 113.220646560000091, -7.811108459999929, 0.0 ], [ 113.220823680000095, -7.811027549999984, 0.0 ], [ 113.221076325661372, -7.811039652425624, 0.0 ], [ 113.221021609000132, -7.811072761999906, 0.0 ], [ 113.22094452900015, -7.811138867999958, 0.0 ], [ 113.220876014000154, -7.811184955999952, 0.0 ], [ 113.220787365000191, -7.811239735999955, 0.0 ], [ 113.220724393000225, -7.811260038999947, 0.0 ], [ 113.220638492000049, -7.811283354999922, 0.0 ], [ 113.220543922000033, -7.811292436999874, 0.0 ], [ 113.220389098000012, -7.811298943999969, 0.0 ], [ 113.220301507000144, -7.811313411999922, 0.0 ], [ 113.22021885600023, -7.811343578999931, 0.0 ], [ 113.220127047000091, -7.811394488999969, 0.0 ], [ 113.220060649000203, -7.811445355999915, 0.0 ], [ 113.219943772000207, -7.811546824999962, 0.0 ], [ 113.219746757000067, -7.811715772, 0.0 ], [ 113.219673965000084, -7.811787186999954, 0.0 ], [ 113.219615957000087, -7.81188409999989, 0.0 ], [ 113.219600054000097, -7.811986213, 0.0 ], [ 113.21959511600005, -7.812154963999919, 0.0 ], [ 113.219642474999972, -7.812404864999902, 0.0 ], [ 113.219729517000161, -7.812639917999899, 0.0 ], [ 113.219836189, -7.812926740999917, 0.0 ] ] ], [ [ [ 113.221470671000162, -7.81085323699995, 0.0 ], [ 113.221459984831498, -7.810858094553065, 0.0 ], [ 113.22154764000004, -7.810794539999979, 0.0 ], [ 113.22155487314896, -7.810789639541628, 0.0 ], [ 113.221516378000032, -7.810818745999939, 0.0 ], [ 113.221470671000162, -7.81085323699995, 0.0 ] ] ], [ [ [ 113.221690611000241, -7.810709202999934, 0.0 ], [ 113.221602819301964, -7.810757156022909, 0.0 ], [ 113.22169164000006, -7.8106969799999, 0.0 ], [ 113.221709405137858, -7.810695259002156, 0.0 ], [ 113.221690611000241, -7.810709202999934, 0.0 ] ] ], [ [ [ 113.222805674000128, -7.808385929999908, 0.0 ], [ 113.222774296282452, -7.808403141582644, 0.0 ], [ 113.222642760000056, -7.807861349999936, 0.0 ], [ 113.222611800000067, -7.80770384999996, 0.0 ], [ 113.222662920000033, -7.80752088, 0.0 ], [ 113.22277956, -7.807360229999951, 0.0 ], [ 113.223148920000099, -7.807175909999977, 0.0 ], [ 113.223390666686683, -7.807035250841611, 0.0 ], [ 113.223314913000067, -7.807180309999897, 0.0 ], [ 113.223283863, -7.807202252999936, 0.0 ], [ 113.22324039800003, -7.807236641999939, 0.0 ], [ 113.223153412000116, -7.807280568999932, 0.0 ], [ 113.223050969999989, -7.807355573999921, 0.0 ], [ 113.223004252000038, -7.807368290999907, 0.0 ], [ 113.222867391, -7.807421787999981, 0.0 ], [ 113.222729184000102, -7.80754569199993, 0.0 ], [ 113.222705116000071, -7.807587659999939, 0.0 ], [ 113.222692143999964, -7.807636077999948, 0.0 ], [ 113.22268566700005, -7.807669187999934, 0.0 ], [ 113.222679248000233, -7.80771314199993, 0.0 ], [ 113.222679481000071, -7.80775715199993, 0.0 ], [ 113.222679748, -7.807807758999942, 0.0 ], [ 113.222684379000128, -7.807849576999939, 0.0 ], [ 113.222691286000071, -7.807897889999939, 0.0 ], [ 113.222698193000028, -7.807946292999947, 0.0 ], [ 113.222705026000241, -7.807994605999948, 0.0 ], [ 113.222796211000144, -7.808278255999969, 0.0 ], [ 113.222814306000132, -7.808336450999899, 0.0 ], [ 113.222812661000177, -7.808364654999924, 0.0 ], [ 113.222805674000128, -7.808385929999908, 0.0 ] ] ], [ [ [ 113.223923280000051, -7.806180509999951, 0.0 ], [ 113.224304160000116, -7.806265649999979, 0.0 ], [ 113.224332687915975, -7.806265944102233, 0.0 ], [ 113.224311269000182, -7.806268186999922, 0.0 ], [ 113.22427113700023, -7.80626839799994, 0.0 ], [ 113.224229031000036, -7.806262925999931, 0.0 ], [ 113.224192699000142, -7.806261218999879, 0.0 ], [ 113.224123913000128, -7.806255887999971, 0.0 ], [ 113.224072271000026, -7.806256158999904, 0.0 ], [ 113.224024514999982, -7.806256409999925, 0.0 ], [ 113.223972927000247, -7.806252795999892, 0.0 ], [ 113.223927061000182, -7.806256922999879, 0.0 ], [ 113.223890800000021, -7.806268500999948, 0.0 ], [ 113.223843114000076, -7.806282126999921, 0.0 ], [ 113.223763141000035, -7.806337764999906, 0.0 ], [ 113.22364519945674, -7.806500266514639, 0.0 ], [ 113.223682080000074, -7.806348, 0.0 ], [ 113.223781440000039, -7.806232529999903, 0.0 ], [ 113.223923280000051, -7.806180509999951, 0.0 ] ] ] ] } },
{ "type": "Feature", "properties": { "KDPPUM": null, "NAMOBJ": "KEL. WIROBORANG", "REMARK": "Wilayah Administrasi Keluruhan/Desa", "KDPBPS": null, "FCODE": null, "LUASWH": 0.0, "UUPP": null, "SRS_ID": null, "LCODE": "BA0020", "METADATA": null, "KDEBPS": null, "KDEPUM": null, "KDCBPS": null, "KDCPUM": null, "KDBBPS": null, "KDBPUM": null, "WADMKD": null, "WIADKD": null, "WADMKC": "MAYANGAN", "WIADKC": null, "WADMKK": "KOTA PROBOLINGGO", "WIADKK": null, "WADMPR": "JAWA TIMUR", "WIADPR": null, "TIPADM": 0, "SHAPE_Leng": 0.04453359012, "SHAPE_Area": 8.101936e-05 }, "geometry": { "type": "MultiPolygon", "coordinates": [ [ [ [ 113.233560204022481, -7.752335427393533, 0.0 ], [ 113.233515389000118, -7.752470969999916, 0.0 ], [ 113.233332778000189, -7.752418428999921, 0.0 ], [ 113.233289400000245, -7.752425795999908, 0.0 ], [ 113.233212369000185, -7.752428097999921, 0.0 ], [ 113.233183624000205, -7.752432856999871, 0.0 ], [ 113.233143555000083, -7.752557599999889, 0.0 ], [ 113.233100586000162, -7.752642321999883, 0.0 ], [ 113.233044408000225, -7.75270217199995, 0.0 ], [ 113.232936310999989, -7.752807750999892, 0.0 ], [ 113.232856369000118, -7.752895830999897, 0.0 ], [ 113.232829295000187, -7.752919830999929, 0.0 ], [ 113.232799171000011, -7.752960746999939, 0.0 ], [ 113.232791744000011, -7.753026123999931, 0.0 ], [ 113.232784393000117, -7.753091591999929, 0.0 ], [ 113.232769269000116, -7.753157099999932, 0.0 ], [ 113.232736759000176, -7.753213029999941, 0.0 ], [ 113.232715781000039, -7.753259319999952, 0.0 ], [ 113.232720538000166, -7.753424674999867, 0.0 ], [ 113.232717069000145, -7.753503587999912, 0.0 ], [ 113.232705770000095, -7.753557507999933, 0.0 ], [ 113.232694360000224, -7.753590282999891, 0.0 ], [ 113.232657863000128, -7.753626983999908, 0.0 ], [ 113.232628893000225, -7.75368831799992, 0.0 ], [ 113.232610223000094, -7.753803819999884, 0.0 ], [ 113.232600979000125, -7.753878876999877, 0.0 ], [ 113.232576124000204, -7.753927084999958, 0.0 ], [ 113.232543533, -7.75396765199994, 0.0 ], [ 113.232511032000062, -7.754025479999928, 0.0 ], [ 113.232499602000175, -7.754054458999928, 0.0 ], [ 113.23250977000022, -7.754154446999941, 0.0 ], [ 113.232502110000027, -7.754175633999917, 0.0 ], [ 113.232479147000092, -7.754214161999908, 0.0 ], [ 113.232431223000205, -7.754266376999876, 0.0 ], [ 113.232423533000187, -7.754281780999907, 0.0 ], [ 113.232415968000097, -7.754306853999939, 0.0 ], [ 113.232408566000103, -7.754362651999937, 0.0 ], [ 113.232389510000218, -7.7544051359999, 0.0 ], [ 113.232254146000216, -7.754951690999913, 0.0 ], [ 113.232159947999961, -7.755298217999986, 0.0 ], [ 113.232072320000086, -7.755516020999977, 0.0 ], [ 113.231855177000057, -7.756000828999944, 0.0 ], [ 113.231994657000058, -7.75600804999992, 0.0 ], [ 113.232162010000053, -7.756015124999884, 0.0 ], [ 113.232475268000115, -7.755986550999918, 0.0 ], [ 113.232653969000168, -7.755977298999952, 0.0 ], [ 113.232754285000027, -7.755983368999921, 0.0 ], [ 113.232904237474912, -7.75604732613391, 0.0 ], [ 113.232931560000125, -7.756258859999978, 0.0 ], [ 113.233950360000136, -7.756562339999952, 0.0 ], [ 113.234638342286388, -7.756935193413696, 0.0 ], [ 113.234639319000024, -7.757120195999924, 0.0 ], [ 113.234633617000085, -7.757186648999916, 0.0 ], [ 113.234593829, -7.757307775, 0.0 ], [ 113.234567844000154, -7.757368369999941, 0.0 ], [ 113.234463772000069, -7.757613370999962, 0.0 ], [ 113.234424752000123, -7.75771018299989, 0.0 ], [ 113.234414256000065, -7.757760394999959, 0.0 ], [ 113.234404139000205, -7.757896456999937, 0.0 ], [ 113.234379768000139, -7.758036208999954, 0.0 ], [ 113.234305164, -7.758201257999932, 0.0 ], [ 113.234223840000027, -7.758438005999981, 0.0 ], [ 113.234206247000074, -7.758516811999929, 0.0 ], [ 113.234196034000121, -7.758620702999909, 0.0 ], [ 113.234197036000211, -7.758810477999891, 0.0 ], [ 113.234190354000091, -7.758903594999957, 0.0 ], [ 113.234687575000208, -7.759069344999904, 0.0 ], [ 113.235015437999976, -7.759174079999955, 0.0 ], [ 113.235236500000141, -7.759261842999933, 0.0 ], [ 113.235266352000124, -7.759282651999879, 0.0 ], [ 113.235309927000088, -7.759567183999973, 0.0 ], [ 113.23521111, -7.760156201999859, 0.0 ], [ 113.235175236000046, -7.760367587999941, 0.0 ], [ 113.235178761000171, -7.760511350999934, 0.0 ], [ 113.235167044000178, -7.760599162999917, 0.0 ], [ 113.235129370000251, -7.760879873999961, 0.0 ], [ 113.234981193000067, -7.762027104999937, 0.0 ], [ 113.234966526000193, -7.762150719999863, 0.0 ], [ 113.235993677, -7.762631877999883, 0.0 ], [ 113.235925929000175, -7.76293443599987, 0.0 ], [ 113.235780523000045, -7.763474626999891, 0.0 ], [ 113.235704246000211, -7.763733038999955, 0.0 ], [ 113.235625354000078, -7.763949260999905, 0.0 ], [ 113.235474620000133, -7.764414562999946, 0.0 ], [ 113.235359061000068, -7.764819220999943, 0.0 ], [ 113.235355668627733, -7.76482540697603, 0.0 ], [ 113.235038640000113, -7.765016219999989, 0.0 ], [ 113.234908680000117, -7.765103519999929, 0.0 ], [ 113.234745240000095, -7.765504199999953, 0.0 ], [ 113.23453248000007, -7.766024849999955, 0.0 ], [ 113.234436360000018, -7.76626190999994, 0.0 ], [ 113.23450152000008, -7.766466749999925, 0.0 ], [ 113.234594400000134, -7.766758529999908, 0.0 ], [ 113.23463904, -7.76689821, 0.0 ], [ 113.232835080000044, -7.766668799999945, 0.0 ], [ 113.232584160000073, -7.766679509999943, 0.0 ], [ 113.230779840000082, -7.766669069999967, 0.0 ], [ 113.231405520000067, -7.763155379999944, 0.0 ], [ 113.230402920000074, -7.762956479999918, 0.0 ], [ 113.230516320000135, -7.762505759999929, 0.0 ], [ 113.230542240000048, -7.762335299999947, 0.0 ], [ 113.23113732, -7.760329379999977, 0.0 ], [ 113.23038636000004, -7.759964429999979, 0.0 ], [ 113.229828360000056, -7.759713059999964, 0.0 ], [ 113.22884664, -7.759251449999962, 0.0 ], [ 113.227974719999978, -7.758825209999955, 0.0 ], [ 113.228079480000034, -7.756432649999969, 0.0 ], [ 113.22834408000007, -7.755700949999913, 0.0 ], [ 113.228942760000137, -7.755223769999954, 0.0 ], [ 113.229423360000027, -7.75405971, 0.0 ], [ 113.229550440000054, -7.75374507, 0.0 ], [ 113.229914400000069, -7.752825899999973, 0.0 ], [ 113.230337040000123, -7.751748959999951, 0.0 ], [ 113.230685880000038, -7.751804669999942, 0.0 ], [ 113.231128680000083, -7.751882879999929, 0.0 ], [ 113.233560204022481, -7.752335427393533, 0.0 ] ] ] ] } },
{ "type": "Feature", "properties": { "KDPPUM": null, "NAMOBJ": "SUMBERTAMAN", "REMARK": "Wilayah Administrasi Keluruhan/Desa", "KDPBPS": null, "FCODE": null, "LUASWH": 0.0, "UUPP": null, "SRS_ID": null, "LCODE": "BA0020", "METADATA": null, "KDEBPS": null, "KDEPUM": null, "KDCBPS": null, "KDCPUM": null, "KDBBPS": null, "KDBPUM": null, "WADMKD": null, "WIADKD": null, "WADMKC": "WONOASIH", "WIADKC": null, "WADMKK": "KOTA PROBOLINGGO", "WIADKK": null, "WADMPR": "JAWA TIMUR", "WIADPR": null, "TIPADM": 0, "SHAPE_Leng": 0.06575332299, "SHAPE_Area": 0.00015244701 }, "geometry": { "type": "MultiPolygon", "coordinates": [ [ [ [ 113.23463904, -7.76689821, 0.0 ], [ 113.234893821618741, -7.767042117264779, 0.0 ], [ 113.234894067000056, -7.767188402999949, 0.0 ], [ 113.235021891000059, -7.767279909999971, 0.0 ], [ 113.235017668822607, -7.767336065729282, 0.0 ], [ 113.234990400000029, -7.76754026999993, 0.0 ], [ 113.234956309417143, -7.767795147736447, 0.0 ], [ 113.23492970100007, -7.76789247999994, 0.0 ], [ 113.234813261000127, -7.768158965999962, 0.0 ], [ 113.234902987733278, -7.768193527329405, 0.0 ], [ 113.234864760000036, -7.768478609999942, 0.0 ], [ 113.234806440000085, -7.768913669999968, 0.0 ], [ 113.234768857877341, -7.769032527049326, 0.0 ], [ 113.234717263000078, -7.7691114429999, 0.0 ], [ 113.234670842999975, -7.769193834999967, 0.0 ], [ 113.234650564000077, -7.769259279999876, 0.0 ], [ 113.234634224000047, -7.769348923999921, 0.0 ], [ 113.234595672000054, -7.769506011999862, 0.0 ], [ 113.234579273000037, -7.769584449999869, 0.0 ], [ 113.234533058000025, -7.769719798999876, 0.0 ], [ 113.234505043000112, -7.769806159999916, 0.0 ], [ 113.234498094000159, -7.769862949999908, 0.0 ], [ 113.234500861398473, -7.769880277916965, 0.0 ], [ 113.234334840000059, -7.770405779999969, 0.0 ], [ 113.234358600000078, -7.770423599999933, 0.0 ], [ 113.234782595253819, -7.770841510881567, 0.0 ], [ 113.23476070700022, -7.770938614999913, 0.0 ], [ 113.234668352000128, -7.771392945999935, 0.0 ], [ 113.234652903000082, -7.771467402999878, 0.0 ], [ 113.235373192000083, -7.771686105999944, 0.0 ], [ 113.235471443473088, -7.771468266117811, 0.0 ], [ 113.23591271117067, -7.771838116674303, 0.0 ], [ 113.235913129000082, -7.771843039999872, 0.0 ], [ 113.235917518000093, -7.771923989, 0.0 ], [ 113.235917655000108, -7.771949743999908, 0.0 ], [ 113.235915795000224, -7.771965478999967, 0.0 ], [ 113.235900068000248, -7.77198734099991, 0.0 ], [ 113.235898259000095, -7.772026842999892, 0.0 ], [ 113.235886910000232, -7.772127575999967, 0.0 ], [ 113.235865382000128, -7.772182996999934, 0.0 ], [ 113.23582806400006, -7.772248350999924, 0.0 ], [ 113.235790620000259, -7.772290028999908, 0.0 ], [ 113.235762155000117, -7.77231963999996, 0.0 ], [ 113.235723427000025, -7.772358612999898, 0.0 ], [ 113.235684773000017, -7.772397495999918, 0.0 ], [ 113.235657808000013, -7.772442190999886, 0.0 ], [ 113.235646396000135, -7.772488791999923, 0.0 ], [ 113.235633032000095, -7.772533414999973, 0.0 ], [ 113.23562152700012, -7.772562484999892, 0.0 ], [ 113.235594429, -7.772581966999905, 0.0 ], [ 113.235567349999982, -7.772605334999884, 0.0 ], [ 113.235548034000161, -7.772626764999881, 0.0 ], [ 113.235536489000182, -7.772648152999874, 0.0 ], [ 113.235700189000141, -7.772740282999859, 0.0 ], [ 113.23611478000025, -7.772850430999913, 0.0 ], [ 113.236441730000038, -7.772935826999873, 0.0 ], [ 113.236472829000036, -7.772881439999903, 0.0 ], [ 113.236496828000242, -7.772869294999875, 0.0 ], [ 113.236838992664133, -7.772963192978512, 0.0 ], [ 113.236997039999977, -7.77329396999993, 0.0 ], [ 113.236831799999976, -7.773845579999918, 0.0 ], [ 113.236727040000019, -7.774170479999977, 0.0 ], [ 113.236387920000112, -7.774182269999887, 0.0 ], [ 113.236243560000077, -7.774826309999973, 0.0 ], [ 113.236156080000114, -7.775215919999969, 0.0 ], [ 113.236070760000075, -7.775595629999945, 0.0 ], [ 113.235745320000063, -7.775698409999922, 0.0 ], [ 113.23566072000007, -7.776146879999903, 0.0 ], [ 113.235600960000014, -7.776464129999951, 0.0 ], [ 113.235594840000132, -7.776495629999982, 0.0 ], [ 113.235892920000097, -7.77660056999996, 0.0 ], [ 113.235934320000069, -7.776719369999931, 0.0 ], [ 113.235927480000115, -7.776880919999975, 0.0 ], [ 113.235904080000054, -7.777459619999984, 0.0 ], [ 113.235896520000139, -7.777510739999951, 0.0 ], [ 113.235513120000036, -7.777624049999911, 0.0 ], [ 113.23546956000007, -7.777785689999963, 0.0 ], [ 113.235427799999982, -7.778001509999967, 0.0 ], [ 113.235730560000079, -7.778106809999976, 0.0 ], [ 113.23587996, -7.778158829999928, 0.0 ], [ 113.235866107212374, -7.778222147375715, 0.0 ], [ 113.235842364000092, -7.778222271999937, 0.0 ], [ 113.235794596000048, -7.778219450999881, 0.0 ], [ 113.235737439000118, -7.778193634999877, 0.0 ], [ 113.235473634000044, -7.778136735999876, 0.0 ], [ 113.235310276000035, -7.778123769999958, 0.0 ], [ 113.234784407000049, -7.778141270999896, 0.0 ], [ 113.234737779000099, -7.778127960999949, 0.0 ], [ 113.234665814000181, -7.77808586499993, 0.0 ], [ 113.234613881000058, -7.778157621999917, 0.0 ], [ 113.234569606000036, -7.778221657999975, 0.0 ], [ 113.234539023000167, -7.778302971999953, 0.0 ], [ 113.234474237000043, -7.778515866999982, 0.0 ], [ 113.234451289000191, -7.77858548399988, 0.0 ], [ 113.234432077000207, -7.778612695999911, 0.0 ], [ 113.234346549000136, -7.778662579999953, 0.0 ], [ 113.234286663000077, -7.778700037999943, 0.0 ], [ 113.234271127000213, -7.778715663999904, 0.0 ], [ 113.234262853000061, -7.778733690999974, 0.0 ], [ 113.234254604000085, -7.778770786999935, 0.0 ], [ 113.234254877000012, -7.778822206999926, 0.0 ], [ 113.234250638000205, -7.778939078999915, 0.0 ], [ 113.234256986000105, -7.778994804999908, 0.0 ], [ 113.234257146000033, -7.779024897999911, 0.0 ], [ 113.234255762000174, -7.779045961999966, 0.0 ], [ 113.234242353000141, -7.779082180999943, 0.0 ], [ 113.234221508, -7.779139585999896, 0.0 ], [ 113.234110565000066, -7.779414266999975, 0.0 ], [ 113.234001895000134, -7.779680530999979, 0.0 ], [ 113.233954624000134, -7.779799979999915, 0.0 ], [ 113.233947665000173, -7.779840593999989, 0.0 ], [ 113.233952624000139, -7.779873914999904, 0.0 ], [ 113.233967137, -7.779904834999886, 0.0 ], [ 113.233996211000104, -7.779961978, 0.0 ], [ 113.234015544000016, -7.780000012999945, 0.0 ], [ 113.234032599000102, -7.780059567999988, 0.0 ], [ 113.234040266000207, -7.780152519999952, 0.0 ], [ 113.234042922000157, -7.780202571999919, 0.0 ], [ 113.234043175000082, -7.780250285999958, 0.0 ], [ 113.234038568000145, -7.780283657999878, 0.0 ], [ 113.234000077000161, -7.780409928999934, 0.0 ], [ 113.233996518000041, -7.780443384999948, 0.0 ], [ 113.233996646000051, -7.780467512999902, 0.0 ], [ 113.233998632000038, -7.780489824999972, 0.0 ], [ 113.234008046000113, -7.780517608999961, 0.0 ], [ 113.234019423000078, -7.780549178999909, 0.0 ], [ 113.234045736000127, -7.780578772999959, 0.0 ], [ 113.234088704000129, -7.780606380999934, 0.0 ], [ 113.234339034000229, -7.780686847999931, 0.0 ], [ 113.234578136000124, -7.780763669999981, 0.0 ], [ 113.234798564000059, -7.780828207999903, 0.0 ], [ 113.23507334500006, -7.780868782999974, 0.0 ], [ 113.235461389000108, -7.781030490999942, 0.0 ], [ 113.235867854000077, -7.781199149999864, 0.0 ], [ 113.236026886000261, -7.781241869999935, 0.0 ], [ 113.236213519000074, -7.781289053999931, 0.0 ], [ 113.236427825000035, -7.781340700999941, 0.0 ], [ 113.23653845900013, -7.781374548999899, 0.0 ], [ 113.236759811000155, -7.781458239999985, 0.0 ], [ 113.236939628000115, -7.781516845999949, 0.0 ], [ 113.23705952700017, -7.781564381999974, 0.0 ], [ 113.237107974000097, -7.781582470999961, 0.0 ], [ 113.237149411000146, -7.78158912099989, 0.0 ], [ 113.237195470000046, -7.781593486999984, 0.0 ], [ 113.237252118000114, -7.781607827999927, 0.0 ], [ 113.237332641665461, -7.781634637567471, 0.0 ], [ 113.237305813536054, -7.781675156911618, 0.0 ], [ 113.237273723000044, -7.781693837999939, 0.0 ], [ 113.237238534000056, -7.78170983899993, 0.0 ], [ 113.237197167000105, -7.781730299999936, 0.0 ], [ 113.237162861000101, -7.781757772999899, 0.0 ], [ 113.237090299000229, -7.781828915999924, 0.0 ], [ 113.237070418, -7.781856674999911, 0.0 ], [ 113.237060534000079, -7.781881126999892, 0.0 ], [ 113.237061878000105, -7.781923142999904, 0.0 ], [ 113.237069867000045, -7.781964038999913, 0.0 ], [ 113.237085580587021, -7.782007955212624, 0.0 ], [ 113.237083440000106, -7.782011189999906, 0.0 ], [ 113.237107560000055, -7.782186599999942, 0.0 ], [ 113.237154720000049, -7.782297749999902, 0.0 ], [ 113.237257348074976, -7.782539594730455, 0.0 ], [ 113.237262377000164, -7.782569865999946, 0.0 ], [ 113.237290715000114, -7.782671112999974, 0.0 ], [ 113.237350211000063, -7.782757464999925, 0.0 ], [ 113.237351582561331, -7.782759280036046, 0.0 ], [ 113.237524080000057, -7.783158059999941, 0.0 ], [ 113.237523357181274, -7.78317164727267, 0.0 ], [ 113.237503538000141, -7.783231917999924, 0.0 ], [ 113.237486183000129, -7.783270959999957, 0.0 ], [ 113.237434505000024, -7.783348228999955, 0.0 ], [ 113.237407085000058, -7.783377653999903, 0.0 ], [ 113.237362383000089, -7.783403644999922, 0.0 ], [ 113.237271013000083, -7.783423014999926, 0.0 ], [ 113.237176253000058, -7.783437250999949, 0.0 ], [ 113.236996936000239, -7.783445065999974, 0.0 ], [ 113.236936629000041, -7.783445383999911, 0.0 ], [ 113.236903822000173, -7.783445556999926, 0.0 ], [ 113.23688829700022, -7.78344907299995, 0.0 ], [ 113.236853919000211, -7.783462990999947, 0.0 ], [ 113.236812591000074, -7.783476944999947, 0.0 ], [ 113.236785107000202, -7.783494350999966, 0.0 ], [ 113.236761169000175, -7.783532252999905, 0.0 ], [ 113.236732028000162, -7.783575332999916, 0.0 ], [ 113.236718424000102, -7.783602967999894, 0.0 ], [ 113.236716869000063, -7.783633882999965, 0.0 ], [ 113.236748220000166, -7.783697338999975, 0.0 ], [ 113.236795562, -7.783774717999982, 0.0 ], [ 113.236802211000196, -7.783802516999884, 0.0 ], [ 113.236812301000143, -7.783845028999938, 0.0 ], [ 113.236822487000012, -7.783905523999881, 0.0 ], [ 113.236829298000217, -7.783949679999893, 0.0 ], [ 113.236822991000054, -7.784000501999923, 0.0 ], [ 113.236805123000167, -7.784041443999936, 0.0 ], [ 113.236782354000155, -7.784074367999906, 0.0 ], [ 113.236751238000153, -7.784097396999947, 0.0 ], [ 113.236713603000155, -7.784117205999898, 0.0 ], [ 113.236664316000244, -7.784124062999933, 0.0 ], [ 113.236578974000025, -7.78412451299997, 0.0 ], [ 113.23649520100011, -7.784124954999918, 0.0 ], [ 113.236424563000043, -7.784122073999946, 0.0 ], [ 113.236373672000084, -7.784122342999879, 0.0 ], [ 113.23632107, -7.784124246999948, 0.0 ], [ 113.236208383000175, -7.784379778999952, 0.0 ], [ 113.236179834000041, -7.784449966999897, 0.0 ], [ 113.236169643000082, -7.784487072999948, 0.0 ], [ 113.236165827000036, -7.784542670999929, 0.0 ], [ 113.236178910000135, -7.78467029699992, 0.0 ], [ 113.236208486000095, -7.784793768999922, 0.0 ], [ 113.236227476000067, -7.784865694999922, 0.0 ], [ 113.236221536000116, -7.784915158999929, 0.0 ], [ 113.236217633000152, -7.784954309999971, 0.0 ], [ 113.236217808000248, -7.784987294999947, 0.0 ], [ 113.236217950000167, -7.78501404399994, 0.0 ], [ 113.236228361000059, -7.785032514999958, 0.0 ], [ 113.236271777000098, -7.78507403799993, 0.0 ], [ 113.23628176900003, -7.785098113999968, 0.0 ], [ 113.236287259000136, -7.785118689999894, 0.0 ], [ 113.236287372000149, -7.785140106999979, 0.0 ], [ 113.236268052000142, -7.785217205999874, 0.0 ], [ 113.236250472000023, -7.785284353999923, 0.0 ], [ 113.236233286000015, -7.7853271, 0.0 ], [ 113.236215285000043, -7.785342918999973, 0.0 ], [ 113.236164531000099, -7.785369123999921, 0.0 ], [ 113.23613031500021, -7.785512270999952, 0.0 ], [ 113.236042143000105, -7.785937390999955, 0.0 ], [ 113.235937030000017, -7.786395133999903, 0.0 ], [ 113.235843529, -7.786647039999963, 0.0 ], [ 113.235640052000051, -7.787200552999931, 0.0 ], [ 113.235487077, -7.787652312999917, 0.0 ], [ 113.235482162000039, -7.787683607999931, 0.0 ], [ 113.235464971000127, -7.787753645999953, 0.0 ], [ 113.235437308000058, -7.787822021999926, 0.0 ], [ 113.235411225000036, -7.787878098999947, 0.0 ], [ 113.235395735000083, -7.787930595999939, 0.0 ], [ 113.236415440000172, -7.788206360999929, 0.0 ], [ 113.236301593999983, -7.788694242999973, 0.0 ], [ 113.236622449000066, -7.788811478, 0.0 ], [ 113.236654572999967, -7.788837425999919, 0.0 ], [ 113.236654742000169, -7.788869325999894, 0.0 ], [ 113.236626813000072, -7.78909865499995, 0.0 ], [ 113.237034835224165, -7.789194954785696, 0.0 ], [ 113.237030160000046, -7.78921469999996, 0.0 ], [ 113.236932240000115, -7.789616369999976, 0.0 ], [ 113.232341160000033, -7.788862529999953, 0.0 ], [ 113.232154679999979, -7.788229469999976, 0.0 ], [ 113.232058920000128, -7.788034529999923, 0.0 ], [ 113.231890800000073, -7.787883779999973, 0.0 ], [ 113.231614679999964, -7.787698199999983, 0.0 ], [ 113.231450880000011, -7.787456459999966, 0.0 ], [ 113.2313328, -7.787248739999921, 0.0 ], [ 113.231264400000114, -7.78716477, 0.0 ], [ 113.23118016, -7.786896749999929, 0.0 ], [ 113.2311632400001, -7.786738619999902, 0.0 ], [ 113.231162160000096, -7.786532969999939, 0.0 ], [ 113.231160720000062, -7.786263959999886, 0.0 ], [ 113.231175840000077, -7.786089899999961, 0.0 ], [ 113.231272680000089, -7.785638639999927, 0.0 ], [ 113.231314080000061, -7.78545585, 0.0 ], [ 113.23145736, -7.784931779999972, 0.0 ], [ 113.231360160000051, -7.784924759999925, 0.0 ], [ 113.230900440000028, -7.784884889999912, 0.0 ], [ 113.230001520000073, -7.784753759999987, 0.0 ], [ 113.229864720000037, -7.784695439999958, 0.0 ], [ 113.229420480000059, -7.784673029999968, 0.0 ], [ 113.229324360000092, -7.7846724, 0.0 ], [ 113.228867880000067, -7.784657639999939, 0.0 ], [ 113.228472600000046, -7.78464179999996, 0.0 ], [ 113.228341200000017, -7.783453259999941, 0.0 ], [ 113.22830664, -7.782927209999936, 0.0 ], [ 113.228289360000076, -7.782661349999966, 0.0 ], [ 113.228254800000059, -7.782143939999965, 0.0 ], [ 113.22818208, -7.781057729999887, 0.0 ], [ 113.228147160000034, -7.780443929999905, 0.0 ], [ 113.228127, -7.779969719999926, 0.0 ], [ 113.228122680000055, -7.779870359999965, 0.0 ], [ 113.228092799999985, -7.779361859999902, 0.0 ], [ 113.227999200000141, -7.777777769999929, 0.0 ], [ 113.227974360000033, -7.777484819999938, 0.0 ], [ 113.227944840000077, -7.777266119999961, 0.0 ], [ 113.2279246800001, -7.777002959999948, 0.0 ], [ 113.22790992000013, -7.776881819999961, 0.0 ], [ 113.227894080000056, -7.776713069999943, 0.0 ], [ 113.227876800000132, -7.776539099999937, 0.0 ], [ 113.227867800000013, -7.776461159999972, 0.0 ], [ 113.227836119999964, -7.776048779999957, 0.0 ], [ 113.227860240000012, -7.773831539999911, 0.0 ], [ 113.22788688, -7.772482169999908, 0.0 ], [ 113.227907040000062, -7.771643549999975, 0.0 ], [ 113.22795528000006, -7.771660019999917, 0.0 ], [ 113.228204760000011, -7.771727069999958, 0.0 ], [ 113.22861840000003, -7.771838309999925, 0.0 ], [ 113.229173520000046, -7.771983929999983, 0.0 ], [ 113.229401760000101, -7.772043689999954, 0.0 ], [ 113.230308240000141, -7.772319989999989, 0.0 ], [ 113.230397520000068, -7.77234915, 0.0 ], [ 113.230559160000126, -7.77240054, 0.0 ], [ 113.230560960000091, -7.772275079999915, 0.0 ], [ 113.230560600000061, -7.771673159999938, 0.0 ], [ 113.230648800000083, -7.77142701, 0.0 ], [ 113.230809360000038, -7.771115969999933, 0.0 ], [ 113.230932840000037, -7.770810599999979, 0.0 ], [ 113.231016360000027, -7.770746519999918, 0.0 ], [ 113.231145240000032, -7.770755699999967, 0.0 ], [ 113.231417400000083, -7.770844799999967, 0.0 ], [ 113.231614679999964, -7.770885029999921, 0.0 ], [ 113.231696760000105, -7.770828869999981, 0.0 ], [ 113.231760480000048, -7.770704849999934, 0.0 ], [ 113.23179611999997, -7.770479399999932, 0.0 ], [ 113.23184688, -7.770071789999957, 0.0 ], [ 113.231945160000052, -7.770056399999927, 0.0 ], [ 113.232120840000107, -7.770028590000024, 0.0 ], [ 113.232240360000134, -7.76991473999993, 0.0 ], [ 113.232305520000111, -7.769768219999975, 0.0 ], [ 113.23231524000002, -7.769698379999969, 0.0 ], [ 113.232339360000068, -7.769529, 0.0 ], [ 113.232356280000133, -7.769217689999987, 0.0 ], [ 113.232305880000055, -7.769209769999954, 0.0 ], [ 113.232149640000088, -7.769158109999942, 0.0 ], [ 113.232076200000051, -7.76905155, 0.0 ], [ 113.232071520000105, -7.768927799999982, 0.0 ], [ 113.232131280000075, -7.768747979999937, 0.0 ], [ 113.232228120000102, -7.768675169999952, 0.0 ], [ 113.232328560000056, -7.768587149999952, 0.0 ], [ 113.232438000000144, -7.768339919999924, 0.0 ], [ 113.232530880000013, -7.768032569999985, 0.0 ], [ 113.232489840000085, -7.767949949999988, 0.0 ], [ 113.23237572000005, -7.767908369999923, 0.0 ], [ 113.232153600000061, -7.767823319999902, 0.0 ], [ 113.231984040000071, -7.767631529999932, 0.0 ], [ 113.232029760000032, -7.767539819999982, 0.0 ], [ 113.232191040000046, -7.767402929999935, 0.0 ], [ 113.232355560000073, -7.767228509999981, 0.0 ], [ 113.232426840000016, -7.767053459999975, 0.0 ], [ 113.232584160000073, -7.766679509999943, 0.0 ], [ 113.232835080000044, -7.766668799999945, 0.0 ], [ 113.23463904, -7.76689821, 0.0 ] ] ] ] } },
{ "type": "Feature", "properties": { "KDPPUM": null, "NAMOBJ": "KALIREJO", "REMARK": "Wilayah Administrasi Keluruhan/Desa", "KDPBPS": null, "FCODE": null, "LUASWH": 0.0, "UUPP": null, "SRS_ID": null, "LCODE": "BA0020", "METADATA": null, "KDEBPS": null, "KDEPUM": null, "KDCBPS": null, "KDCPUM": null, "KDBBPS": null, "KDBPUM": null, "WADMKD": null, "WIADKD": null, "WADMKC": "DRINGU", "WIADKC": null, "WADMKK": "PROBOLINGGO", "WIADKK": null, "WADMPR": "JAWA TIMUR", "WIADPR": null, "TIPADM": 0, "SHAPE_Leng": 0.04861228324, "SHAPE_Area": 8.85952e-05 }, "geometry": { "type": "MultiPolygon", "coordinates": [ [ [ [ 113.235873228000074, -7.778222109999923, 0.0 ], [ 113.235866107212374, -7.778222147375715, 0.0 ], [ 113.23587996, -7.778158829999928, 0.0 ], [ 113.235730560000079, -7.778106809999976, 0.0 ], [ 113.235427799999982, -7.778001509999967, 0.0 ], [ 113.23546956000007, -7.777785689999963, 0.0 ], [ 113.235513120000036, -7.777624049999911, 0.0 ], [ 113.235896520000139, -7.777510739999951, 0.0 ], [ 113.235904080000054, -7.777459619999984, 0.0 ], [ 113.235927480000115, -7.776880919999975, 0.0 ], [ 113.235934320000069, -7.776719369999931, 0.0 ], [ 113.235892920000097, -7.77660056999996, 0.0 ], [ 113.235594840000132, -7.776495629999982, 0.0 ], [ 113.235600960000014, -7.776464129999951, 0.0 ], [ 113.23566072000007, -7.776146879999903, 0.0 ], [ 113.235745320000063, -7.775698409999922, 0.0 ], [ 113.236070760000075, -7.775595629999945, 0.0 ], [ 113.236156080000114, -7.775215919999969, 0.0 ], [ 113.236243560000077, -7.774826309999973, 0.0 ], [ 113.236387920000112, -7.774182269999887, 0.0 ], [ 113.236727040000019, -7.774170479999977, 0.0 ], [ 113.236831799999976, -7.773845579999918, 0.0 ], [ 113.236997039999977, -7.77329396999993, 0.0 ], [ 113.236838992664133, -7.772963192978512, 0.0 ], [ 113.237366313000066, -7.7731079019999, 0.0 ], [ 113.237331131, -7.773378929999943, 0.0 ], [ 113.237310575000166, -7.773462631999941, 0.0 ], [ 113.237291891000126, -7.773532948999986, 0.0 ], [ 113.237240987000092, -7.773643379999974, 0.0 ], [ 113.237076642000076, -7.773669278999897, 0.0 ], [ 113.236960345000043, -7.773708660999958, 0.0 ], [ 113.236909071000156, -7.773805808999914, 0.0 ], [ 113.236887689999989, -7.774269796999935, 0.0 ], [ 113.23684970900004, -7.774336962999897, 0.0 ], [ 113.236749546000198, -7.77454407899998, 0.0 ], [ 113.236749656000114, -7.774564863999924, 0.0 ], [ 113.236983335000261, -7.774676867999954, 0.0 ], [ 113.236823826000119, -7.775023197999921, 0.0 ], [ 113.2367871510002, -7.775097223999918, 0.0 ], [ 113.236782859000201, -7.77511920699996, 0.0 ], [ 113.236787415000222, -7.775147017999952, 0.0 ], [ 113.236802292000206, -7.775176309999978, 0.0 ], [ 113.23681121100006, -7.775195240999945, 0.0 ], [ 113.236815698000072, -7.775209947999919, 0.0 ], [ 113.236814317000039, -7.775217274999903, 0.0 ], [ 113.236798163000046, -7.775229017999987, 0.0 ], [ 113.236740955000101, -7.77524992399994, 0.0 ], [ 113.236707188000238, -7.775266187999954, 0.0 ], [ 113.236689653000127, -7.77528534899994, 0.0 ], [ 113.236641521000053, -7.775369105999943, 0.0 ], [ 113.23657960400007, -7.775474352999947, 0.0 ], [ 113.236521954000196, -7.775623497999941, 0.0 ], [ 113.23650417900005, -7.775696069999906, 0.0 ], [ 113.236473036000049, -7.775784435999935, 0.0 ], [ 113.236402181000145, -7.775980191999878, 0.0 ], [ 113.236374672, -7.77602100399988, 0.0 ], [ 113.236337325, -7.776066838999942, 0.0 ], [ 113.236285883000022, -7.776146274999942, 0.0 ], [ 113.236266853000046, -7.776179631999948, 0.0 ], [ 113.236247008000092, -7.776256370999903, 0.0 ], [ 113.236226276000068, -7.776349201999945, 0.0 ], [ 113.236214633000074, -7.776408455999963, 0.0 ], [ 113.236190992000076, -7.776516393999923, 0.0 ], [ 113.236153423000161, -7.776633350999919, 0.0 ], [ 113.236105128000077, -7.776770789999922, 0.0 ], [ 113.236077120000161, -7.776928996999867, 0.0 ], [ 113.236049052000141, -7.777075997999951, 0.0 ], [ 113.236028525000037, -7.777207415999989, 0.0 ], [ 113.235996511000053, -7.77744191699994, 0.0 ], [ 113.235970915000067, -7.777632192999963, 0.0 ], [ 113.23594742700017, -7.777811342999954, 0.0 ], [ 113.235947942000038, -7.777908578999917, 0.0 ], [ 113.235948422000078, -7.777999218999955, 0.0 ], [ 113.235947883000122, -7.778066638999938, 0.0 ], [ 113.235894717000164, -7.778215850999938, 0.0 ], [ 113.235873228000074, -7.778222109999923, 0.0 ] ] ], [ [ [ 113.235892645000078, -7.771601674999975, 0.0 ], [ 113.23591271117067, -7.771838116674303, 0.0 ], [ 113.235471443473088, -7.771468266117811, 0.0 ], [ 113.235581562000093, -7.77122411499991, 0.0 ], [ 113.235736205000109, -7.771214895999947, 0.0 ], [ 113.235772481, -7.771220940999914, 0.0 ], [ 113.235805652000167, -7.771233327999962, 0.0 ], [ 113.235834091000115, -7.771255138, 0.0 ], [ 113.235867328000111, -7.771280086999923, 0.0 ], [ 113.235892645000078, -7.771601674999975, 0.0 ] ] ], [ [ [ 113.234864537, -7.770477987999904, 0.0 ], [ 113.234782595253819, -7.770841510881567, 0.0 ], [ 113.234358600000078, -7.770423599999933, 0.0 ], [ 113.234334840000059, -7.770405779999969, 0.0 ], [ 113.234500861398473, -7.769880277916965, 0.0 ], [ 113.234501108000146, -7.769881821999959, 0.0 ], [ 113.234511341000186, -7.769894871999973, 0.0 ], [ 113.234533290000044, -7.769904877999913, 0.0 ], [ 113.234593240000123, -7.769922094999917, 0.0 ], [ 113.23485481, -7.769967259999923, 0.0 ], [ 113.23487821500008, -7.769970027999886, 0.0 ], [ 113.23489431200008, -7.769975726999913, 0.0 ], [ 113.234904507000039, -7.769981547999951, 0.0 ], [ 113.234898181000219, -7.770156087999915, 0.0 ], [ 113.234864537, -7.770477987999904, 0.0 ] ] ], [ [ [ 113.234878942000051, -7.768864149999956, 0.0 ], [ 113.234768857877341, -7.769032527049326, 0.0 ], [ 113.234806440000085, -7.768913669999968, 0.0 ], [ 113.234864760000036, -7.768478609999942, 0.0 ], [ 113.234902987733278, -7.768193527329405, 0.0 ], [ 113.234948199000186, -7.768210941999911, 0.0 ], [ 113.23496039500013, -7.768242055999909, 0.0 ], [ 113.23497984100014, -7.768287500999939, 0.0 ], [ 113.235006548000044, -7.768335256999894, 0.0 ], [ 113.235035608000132, -7.76837577199996, 0.0 ], [ 113.235045387999961, -7.768402108999918, 0.0 ], [ 113.235043239000149, -7.768462036, 0.0 ], [ 113.23501030800017, -7.768593970999895, 0.0 ], [ 113.23495331500007, -7.768726031999986, 0.0 ], [ 113.23491241700016, -7.768821046999943, 0.0 ], [ 113.234878942000051, -7.768864149999956, 0.0 ] ] ], [ [ [ 113.234993335000013, -7.767659709999954, 0.0 ], [ 113.234956309417143, -7.767795147736447, 0.0 ], [ 113.234990400000029, -7.76754026999993, 0.0 ], [ 113.235017668822607, -7.767336065729282, 0.0 ], [ 113.234993335000013, -7.767659709999954, 0.0 ] ] ], [ [ [ 113.235266763000169, -7.764987525999924, 0.0 ], [ 113.235235918000186, -7.765033325999894, 0.0 ], [ 113.235064149000181, -7.765011364999943, 0.0 ], [ 113.234810130000042, -7.765673135999897, 0.0 ], [ 113.23449280400007, -7.766403559999937, 0.0 ], [ 113.234549198000209, -7.766426759999902, 0.0 ], [ 113.234658909000146, -7.766484742999904, 0.0 ], [ 113.234656793000141, -7.766706525999957, 0.0 ], [ 113.234893442, -7.76681580499994, 0.0 ], [ 113.234893821618741, -7.767042117264779, 0.0 ], [ 113.23463904, -7.76689821, 0.0 ], [ 113.234594400000134, -7.766758529999908, 0.0 ], [ 113.23450152000008, -7.766466749999925, 0.0 ], [ 113.234436360000018, -7.76626190999994, 0.0 ], [ 113.23453248000007, -7.766024849999955, 0.0 ], [ 113.234745240000095, -7.765504199999953, 0.0 ], [ 113.234908680000117, -7.765103519999929, 0.0 ], [ 113.235038640000113, -7.765016219999989, 0.0 ], [ 113.235355668627733, -7.76482540697603, 0.0 ], [ 113.235266763000169, -7.764987525999924, 0.0 ] ] ] ] } },
{ "type": "Feature", "properties": { "KDPPUM": null, "NAMOBJ": "POHSANGIT LOR", "REMARK": "Wilayah Administrasi Keluruhan/Desa", "KDPBPS": null, "FCODE": null, "LUASWH": 0.0, "UUPP": null, "SRS_ID": null, "LCODE": "BA0020", "METADATA": null, "KDEBPS": null, "KDEPUM": null, "KDCBPS": null, "KDCPUM": null, "KDBBPS": null, "KDBPUM": null, "WADMKD": null, "WIADKD": null, "WADMKC": "WONOMERTO", "WIADKC": null, "WADMKK": "PROBOLINGGO", "WIADKK": null, "WADMPR": "JAWA TIMUR", "WIADPR": null, "TIPADM": 0, "SHAPE_Leng": 0.06235942888, "SHAPE_Area": 0.00018817373 }, "geometry": { "type": "MultiPolygon", "coordinates": [ [ [ [ 113.186925397464719, -7.811032840763012, 0.0 ], [ 113.186866033571363, -7.811024058962481, 0.0 ], [ 113.186877480000064, -7.811025209999968, 0.0 ], [ 113.186925397464719, -7.811032840763012, 0.0 ] ] ] ] } },
{ "type": "Feature", "properties": { "KDPPUM": null, "NAMOBJ": "KARENG KIDUL", "REMARK": "Wilayah Administrasi Keluruhan/Desa", "KDPBPS": null, "FCODE": null, "LUASWH": 0.0, "UUPP": null, "SRS_ID": null, "LCODE": "BA0020", "METADATA": null, "KDEBPS": null, "KDEPUM": null, "KDCBPS": null, "KDCPUM": null, "KDBBPS": null, "KDBPUM": null, "WADMKD": null, "WIADKD": null, "WADMKC": "WONOMERTO", "WIADKC": null, "WADMKK": "PROBOLINGGO", "WIADKK": null, "WADMPR": "JAWA TIMUR", "WIADPR": null, "TIPADM": 0, "SHAPE_Leng": 0.06425085421, "SHAPE_Area": 0.00016105652 }, "geometry": { "type": "MultiPolygon", "coordinates": [ [ [ [ 113.20016508, -7.812478619999965, 0.0 ], [ 113.200158414898908, -7.81249437948577, 0.0 ], [ 113.200101551209769, -7.812466794460128, 0.0 ], [ 113.20016508, -7.812478619999965, 0.0 ] ] ], [ [ [ 113.19896988000005, -7.812256139999942, 0.0 ], [ 113.199145456043624, -7.812288822528537, 0.0 ], [ 113.19908978600003, -7.812280365999904, 0.0 ], [ 113.198651385000076, -7.812212969999923, 0.0 ], [ 113.198405611, -7.812178551999917, 0.0 ], [ 113.19836694649365, -7.812166377860443, 0.0 ], [ 113.198932080000034, -7.812249659999939, 0.0 ], [ 113.19896988000005, -7.812256139999942, 0.0 ] ] ], [ [ [ 113.19286032, -7.811980559999967, 0.0 ], [ 113.19332292, -7.811995679999974, 0.0 ], [ 113.19366103048219, -7.811985535042567, 0.0 ], [ 113.193450763000186, -7.812009912999908, 0.0 ], [ 113.193353846000164, -7.812013849999879, 0.0 ], [ 113.193205079000109, -7.812021490999978, 0.0 ], [ 113.192903856000143, -7.811988621999923, 0.0 ], [ 113.192836439985513, -7.811977271738304, 0.0 ], [ 113.19286032, -7.811980559999967, 0.0 ] ] ], [ [ [ 113.195141099000168, -7.811942841999954, 0.0 ], [ 113.194807271595067, -7.811949796648634, 0.0 ], [ 113.19525828000009, -7.811919809999914, 0.0 ], [ 113.195444515961853, -7.811922735700307, 0.0 ], [ 113.195141099000168, -7.811942841999954, 0.0 ] ] ] ] } },
{ "type": "Feature", "properties": { "KDPPUM": null, "NAMOBJ": "KARENG LOR", "REMARK": "Wilayah Administrasi Keluruhan/Desa", "KDPBPS": null, "FCODE": null, "LUASWH": 0.0, "UUPP": null, "SRS_ID": null, "LCODE": "BA0020", "METADATA": null, "KDEBPS": null, "KDEPUM": null, "KDCBPS": null, "KDCPUM": null, "KDBBPS": null, "KDBPUM": null, "WADMKD": null, "WIADKD": null, "WADMKC": "KADEMANGAN", "WIADKC": null, "WADMKK": "KOTA PROBOLINGGO", "WIADKK": null, "WADMPR": "JAWA TIMUR", "WIADPR": null, "TIPADM": 0, "SHAPE_Leng": 0.09785894753, "SHAPE_Area": 0.00025674068 }, "geometry": { "type": "MultiPolygon", "coordinates": [ [ [ [ 113.203835640000037, -7.789512149999968, 0.0 ], [ 113.20271892, -7.789639049999987, 0.0 ], [ 113.202308520000074, -7.789634099999933, 0.0 ], [ 113.201853840000027, -7.789677929999918, 0.0 ], [ 113.201550360000041, -7.79025969, 0.0 ], [ 113.201516160000054, -7.790629679999974, 0.0 ], [ 113.201489520000081, -7.790893739999973, 0.0 ], [ 113.201344080000027, -7.791683219999925, 0.0 ], [ 113.201385120000054, -7.792315649999939, 0.0 ], [ 113.201327880000022, -7.79299794, 0.0 ], [ 113.20112628000004, -7.79418179999989, 0.0 ], [ 113.20091928000015, -7.795020599999926, 0.0 ], [ 113.200889040000135, -7.795125809999927, 0.0 ], [ 113.200848360000052, -7.795245509999972, 0.0 ], [ 113.200742160000146, -7.795557899999974, 0.0 ], [ 113.20062768, -7.79593427999994, 0.0 ], [ 113.200590240000096, -7.796328389999953, 0.0 ], [ 113.20087032, -7.79704577999998, 0.0 ], [ 113.201055360000041, -7.79733, 0.0 ], [ 113.201158680000063, -7.797510629999984, 0.0 ], [ 113.201271, -7.797706379999926, 0.0 ], [ 113.201125920000095, -7.798156110000011, 0.0 ], [ 113.200992, -7.79868081, 0.0 ], [ 113.2009509600001, -7.798885649999889, 0.0 ], [ 113.200693560000119, -7.800170219999949, 0.0 ], [ 113.20053840000007, -7.800865019999971, 0.0 ], [ 113.200358040000069, -7.80146217, 0.0 ], [ 113.200329960000062, -7.801604459999957, 0.0 ], [ 113.200318080000145, -7.801670069999968, 0.0 ], [ 113.200081560000015, -7.802768609999912, 0.0 ], [ 113.200032240000027, -7.802936729999967, 0.0 ], [ 113.199873839999981, -7.803477449999942, 0.0 ], [ 113.199856560000057, -7.803535949999986, 0.0 ], [ 113.199833880000043, -7.803651239999933, 0.0 ], [ 113.199706800000101, -7.80430482, 0.0 ], [ 113.199669720000045, -7.804519649999932, 0.0 ], [ 113.199585480000096, -7.805012669999957, 0.0 ], [ 113.199489720000074, -7.805571029999971, 0.0 ], [ 113.19927624, -7.806729779999923, 0.0 ], [ 113.199245640000044, -7.807074299999918, 0.0 ], [ 113.199230880000073, -7.807238189999978, 0.0 ], [ 113.199130080000074, -7.80772788, 0.0 ], [ 113.199032880000118, -7.807976549999964, 0.0 ], [ 113.198960880000115, -7.808084189999899, 0.0 ], [ 113.198938920000074, -7.808150969999918, 0.0 ], [ 113.198900760000015, -7.808296229999947, 0.0 ], [ 113.198840640000114, -7.8084845999999, 0.0 ], [ 113.19877080000002, -7.808667209999911, 0.0 ], [ 113.198683680000087, -7.808923259999958, 0.0 ], [ 113.198627880000089, -7.809193079999901, 0.0 ], [ 113.19859656000007, -7.809343919999947, 0.0 ], [ 113.198544720000044, -7.809638399999887, 0.0 ], [ 113.198473440000015, -7.810044569999921, 0.0 ], [ 113.19822180000007, -7.811477909999944, 0.0 ], [ 113.198162320302629, -7.812106228768869, 0.0 ], [ 113.198126948000123, -7.812100472999941, 0.0 ], [ 113.197683382, -7.812045935999958, 0.0 ], [ 113.196944465000158, -7.81195208499992, 0.0 ], [ 113.196673235, -7.811966328999944, 0.0 ], [ 113.195863165000134, -7.81188685399994, 0.0 ], [ 113.195592445000116, -7.811912932999878, 0.0 ], [ 113.195444515961853, -7.811922735700307, 0.0 ], [ 113.19525828000009, -7.811919809999914, 0.0 ], [ 113.194807271595067, -7.811949796648634, 0.0 ], [ 113.19396796400008, -7.811967281999934, 0.0 ], [ 113.193668647000095, -7.81198465199995, 0.0 ], [ 113.19366103048219, -7.811985535042567, 0.0 ], [ 113.19332292, -7.811995679999974, 0.0 ], [ 113.19286032, -7.811980559999967, 0.0 ], [ 113.192836439985513, -7.811977271738304, 0.0 ], [ 113.191884781000027, -7.811817048999938, 0.0 ], [ 113.191869205795342, -7.811814756481851, 0.0 ], [ 113.191870680000108, -7.811683109999958, 0.0 ], [ 113.191793640000043, -7.809917039999938, 0.0 ], [ 113.1917094, -7.808587199999952, 0.0 ], [ 113.191699680000085, -7.808507549999934, 0.0 ], [ 113.191512840000073, -7.806977009999951, 0.0 ], [ 113.191497720000072, -7.806891329999967, 0.0 ], [ 113.19142608, -7.806033629999966, 0.0 ], [ 113.191364160000035, -7.805478329999939, 0.0 ], [ 113.191241760000025, -7.804450889999927, 0.0 ], [ 113.19123816, -7.803261269999908, 0.0 ], [ 113.19122196, -7.802919449999958, 0.0 ], [ 113.191320960000098, -7.802393040000013, 0.0 ], [ 113.191405200000048, -7.801930979999973, 0.0 ], [ 113.19165792, -7.801235369999972, 0.0 ], [ 113.191738920000034, -7.800613379999934, 0.0 ], [ 113.191761240000019, -7.800098039999927, 0.0 ], [ 113.191893720000053, -7.799497559999981, 0.0 ], [ 113.191976160000038, -7.798949099999987, 0.0 ], [ 113.192073720000025, -7.798349249999916, 0.0 ], [ 113.19220152000004, -7.797734369999933, 0.0 ], [ 113.192290440000107, -7.797267360000017, 0.0 ], [ 113.192357040000019, -7.796738339999944, 0.0 ], [ 113.1924384, -7.79596929, 0.0 ], [ 113.192649360000047, -7.79525217, 0.0 ], [ 113.192767800000084, -7.794621719999963, 0.0 ], [ 113.19290316, -7.794436409999907, 0.0 ], [ 113.193105480000128, -7.794112229999907, 0.0 ], [ 113.193293760000074, -7.793686979999983, 0.0 ], [ 113.193349920000017, -7.793553150000012, 0.0 ], [ 113.193434880000027, -7.793494739999975, 0.0 ], [ 113.193612, -7.793450009999916, 0.0 ], [ 113.19376392000008, -7.793288099999931, 0.0 ], [ 113.193999360000021, -7.79306111999998, 0.0 ], [ 113.194184760000084, -7.792844849999938, 0.0 ], [ 113.194612800000058, -7.792062120000011, 0.0 ], [ 113.194767600000077, -7.791761699999935, 0.0 ], [ 113.194882080000042, -7.791562709999901, 0.0 ], [ 113.194926360000068, -7.791393959999972, 0.0 ], [ 113.194961640000059, -7.791237359999982, 0.0 ], [ 113.195008080000079, -7.790962319999963, 0.0 ], [ 113.195130840000019, -7.790391719999914, 0.0 ], [ 113.195411640000074, -7.789666769999972, 0.0 ], [ 113.195567160000152, -7.789065839999989, 0.0 ], [ 113.195669760000115, -7.788740849999922, 0.0 ], [ 113.195832480000078, -7.788197249999975, 0.0 ], [ 113.196127679999989, -7.787542409999972, 0.0 ], [ 113.196361680000081, -7.78686318, 0.0 ], [ 113.196650040000051, -7.786195739999926, 0.0 ], [ 113.197023360000117, -7.785254699999957, 0.0 ], [ 113.197064760000075, -7.785244349999989, 0.0 ], [ 113.19719328000005, -7.78475258999989, 0.0 ], [ 113.197396320000067, -7.784137889999922, 0.0 ], [ 113.197556880000121, -7.783485659999958, 0.0 ], [ 113.1979356, -7.782499799999922, 0.0 ], [ 113.198298480000105, -7.780695659999949, 0.0 ], [ 113.198770440000075, -7.779186809999985, 0.0 ], [ 113.198913, -7.779228209999946, 0.0 ], [ 113.199671160000079, -7.779493799999983, 0.0 ], [ 113.19993648, -7.779588749999935, 0.0 ], [ 113.20004268, -7.779678209999965, 0.0 ], [ 113.200063200000017, -7.779739949999922, 0.0 ], [ 113.200449840000033, -7.779818789999961, 0.0 ], [ 113.201205480000112, -7.780016249999957, 0.0 ], [ 113.201688960000055, -7.780172219999983, 0.0 ], [ 113.202199440000101, -7.778283299999924, 0.0 ], [ 113.202627480000089, -7.776548189999978, 0.0 ], [ 113.204140200000097, -7.776843569999905, 0.0 ], [ 113.204201760000046, -7.77665006999997, 0.0 ], [ 113.204266560000079, -7.776446399999905, 0.0 ], [ 113.204389680000048, -7.77579273, 0.0 ], [ 113.204640600000033, -7.774728209999939, 0.0 ], [ 113.204682360000106, -7.774461, 0.0 ], [ 113.205024720000097, -7.773649739999968, 0.0 ], [ 113.205863160000021, -7.773187680000017, 0.0 ], [ 113.206708080000112, -7.773430139999917, 0.0 ], [ 113.206671, -7.773932249999984, 0.0 ], [ 113.206915080000016, -7.774003439999923, 0.0 ], [ 113.206755240000021, -7.77461372999997, 0.0 ], [ 113.206447800000078, -7.776124109999973, 0.0 ], [ 113.205852360000108, -7.776036089999973, 0.0 ], [ 113.205702960000082, -7.777285379999956, 0.0 ], [ 113.20493004, -7.777967039999957, 0.0 ], [ 113.204985120000018, -7.77822516, 0.0 ], [ 113.204539800000035, -7.781120099999985, 0.0 ], [ 113.204298240000028, -7.782033059999939, 0.0 ], [ 113.203916640000074, -7.782299189999932, 0.0 ], [ 113.203180440000096, -7.782816239999903, 0.0 ], [ 113.203180080000067, -7.784360459999952, 0.0 ], [ 113.203128599999985, -7.785818099999943, 0.0 ], [ 113.20317936, -7.785824939999976, 0.0 ], [ 113.203756439999964, -7.785913049999984, 0.0 ], [ 113.20377192, -7.786551239999941, 0.0 ], [ 113.203835640000037, -7.789512149999968, 0.0 ] ] ] ] } },
{ "type": "Feature", "properties": { "KDPPUM": null, "NAMOBJ": "JREBENG WETAN", "REMARK": "Wilayah Administrasi Keluruhan/Desa", "KDPBPS": null, "FCODE": null, "LUASWH": 0.0, "UUPP": null, "SRS_ID": null, "LCODE": "BA0020", "METADATA": null, "KDEBPS": null, "KDEPUM": null, "KDCBPS": null, "KDCPUM": null, "KDBBPS": null, "KDBPUM": null, "WADMKD": null, "WIADKD": null, "WADMKC": "WONOASIH", "WIADKC": null, "WADMKK": "KOTA PROBOLINGGO", "WIADKK": null, "WADMPR": "JAWA TIMUR", "WIADPR": null, "TIPADM": 0, "SHAPE_Leng": 0.03729641037, "SHAPE_Area": 6.129683e-05 }, "geometry": { "type": "MultiPolygon", "coordinates": [ [ [ [ 113.216778720000079, -7.774962029999923, 0.0 ], [ 113.217207480000113, -7.775066789999887, 0.0 ], [ 113.217582960000101, -7.775880389999969, 0.0 ], [ 113.217624000000114, -7.776160199999939, 0.0 ], [ 113.217748200000088, -7.776798659999919, 0.0 ], [ 113.217784200000139, -7.776984869999961, 0.0 ], [ 113.217781680000016, -7.77725478, 0.0 ], [ 113.217726600000077, -7.777593, 0.0 ], [ 113.217670440000049, -7.778126519999919, 0.0 ], [ 113.21750916000012, -7.779091229999981, 0.0 ], [ 113.217441480000019, -7.779380400000015, 0.0 ], [ 113.217442920000053, -7.779788279999924, 0.0 ], [ 113.217271560000086, -7.78045103999996, 0.0 ], [ 113.217169680000097, -7.780626179999974, 0.0 ], [ 113.216993280000153, -7.78069637999992, 0.0 ], [ 113.216820120000037, -7.781010749999908, 0.0 ], [ 113.216256, -7.780767749999963, 0.0 ], [ 113.21563320000007, -7.780549409999928, 0.0 ], [ 113.215104000000153, -7.780380479999984, 0.0 ], [ 113.215008960000105, -7.780355549999964, 0.0 ], [ 113.214507840000039, -7.780225589999958, 0.0 ], [ 113.213935800000044, -7.780166189999928, 0.0 ], [ 113.213442960000037, -7.780050899999893, 0.0 ], [ 113.21290908, -7.779961979999907, 0.0 ], [ 113.212538280000146, -7.77995334, 0.0 ], [ 113.212534319999989, -7.779997169999977, 0.0 ], [ 113.21236476, -7.781678189999976, 0.0 ], [ 113.212277280000038, -7.782419789999963, 0.0 ], [ 113.212280520000036, -7.782473969999916, 0.0 ], [ 113.212280880000066, -7.782539219999897, 0.0 ], [ 113.212280880000066, -7.782647579999981, 0.0 ], [ 113.212280160000105, -7.78271868, 0.0 ], [ 113.212282320000099, -7.782815430000014, 0.0 ], [ 113.212233720000071, -7.783186859999926, 0.0 ], [ 113.212120320000025, -7.78426811999995, 0.0 ], [ 113.212035720000031, -7.785234629999895, 0.0 ], [ 113.212005480000016, -7.785432089999979, 0.0 ], [ 113.211774360000078, -7.785444329999926, 0.0 ], [ 113.211326520000071, -7.785264239999947, 0.0 ], [ 113.210798400000073, -7.785074429999963, 0.0 ], [ 113.210213760000102, -7.785037619999937, 0.0 ], [ 113.210082360000158, -7.785040139999968, 0.0 ], [ 113.209361280000081, -7.784894069999961, 0.0 ], [ 113.208607440000065, -7.784694179999942, 0.0 ], [ 113.20872948000013, -7.783553339999962, 0.0 ], [ 113.208776640000124, -7.782713369999918, 0.0 ], [ 113.20867764, -7.782524459999919, 0.0 ], [ 113.208653520000055, -7.782287669999956, 0.0 ], [ 113.20864524, -7.78214223, 0.0 ], [ 113.208737399999976, -7.781520059999949, 0.0 ], [ 113.208885360000053, -7.780867379999947, 0.0 ], [ 113.20890588000006, -7.780777469999968, 0.0 ], [ 113.208927480000071, -7.780682699999943, 0.0 ], [ 113.208942240000056, -7.780605659999964, 0.0 ], [ 113.20896312, -7.780503329999934, 0.0 ], [ 113.208978240000107, -7.780411529999977, 0.0 ], [ 113.209189200000054, -7.77912372, 0.0 ], [ 113.20959240000002, -7.776898829999947, 0.0 ], [ 113.209955280000031, -7.775089379999979, 0.0 ], [ 113.209990560000023, -7.774752509999907, 0.0 ], [ 113.210003880000059, -7.774536419999968, 0.0 ], [ 113.210334360000047, -7.774572419999927, 0.0 ], [ 113.210854200000071, -7.774634789999936, 0.0 ], [ 113.211709920000075, -7.774746209999918, 0.0 ], [ 113.212967400000025, -7.774891739999969, 0.0 ], [ 113.213012400000025, -7.774898129999965, 0.0 ], [ 113.215402080000132, -7.774938629999941, 0.0 ], [ 113.216778720000079, -7.774962029999923, 0.0 ] ] ] ] } },
{ "type": "Feature", "properties": { "KDPPUM": null, "NAMOBJ": "SUMBER WETAN", "REMARK": "Wilayah Administrasi Keluruhan/Desa", "KDPBPS": null, "FCODE": null, "LUASWH": 0.0, "UUPP": null, "SRS_ID": null, "LCODE": "BA0020", "METADATA": null, "KDEBPS": null, "KDEPUM": null, "KDCBPS": null, "KDCPUM": null, "KDBBPS": null, "KDBPUM": null, "WADMKD": null, "WIADKD": null, "WADMKC": "KADEMANGAN", "WIADKC": null, "WADMKK": "KOTA PROBOLINGGO", "WIADKK": null, "WADMPR": "JAWA TIMUR", "WIADPR": null, "TIPADM": 0, "SHAPE_Leng": 0.09865258209, "SHAPE_Area": 0.00025419361 }, "geometry": { "type": "MultiPolygon", "coordinates": [ [ [ [ 113.197779000000111, -7.774882649999928, 0.0 ], [ 113.199444360000058, -7.775637029999906, 0.0 ], [ 113.199588, -7.775896229999947, 0.0 ], [ 113.199621120000117, -7.77602960999997, 0.0 ], [ 113.19951672, -7.776465930000011, 0.0 ], [ 113.199252840000113, -7.777282769999918, 0.0 ], [ 113.199225480000152, -7.77739122, 0.0 ], [ 113.199118920000046, -7.777818719999942, 0.0 ], [ 113.199110280000042, -7.777853099999945, 0.0 ], [ 113.198996160000092, -7.778289870000023, 0.0 ], [ 113.198931, -7.778533229999908, 0.0 ], [ 113.198812920000037, -7.778974049999967, 0.0 ], [ 113.198770440000075, -7.779186809999985, 0.0 ], [ 113.198298480000105, -7.780695659999949, 0.0 ], [ 113.1979356, -7.782499799999922, 0.0 ], [ 113.197556880000121, -7.783485659999958, 0.0 ], [ 113.197396320000067, -7.784137889999922, 0.0 ], [ 113.19719328000005, -7.78475258999989, 0.0 ], [ 113.197064760000075, -7.785244349999989, 0.0 ], [ 113.197023360000117, -7.785254699999957, 0.0 ], [ 113.196650040000051, -7.786195739999926, 0.0 ], [ 113.196361680000081, -7.78686318, 0.0 ], [ 113.196127679999989, -7.787542409999972, 0.0 ], [ 113.195832480000078, -7.788197249999975, 0.0 ], [ 113.195669760000115, -7.788740849999922, 0.0 ], [ 113.195567160000152, -7.789065839999989, 0.0 ], [ 113.195411640000074, -7.789666769999972, 0.0 ], [ 113.195130840000019, -7.790391719999914, 0.0 ], [ 113.195008080000079, -7.790962319999963, 0.0 ], [ 113.194961640000059, -7.791237359999982, 0.0 ], [ 113.194926360000068, -7.791393959999972, 0.0 ], [ 113.194882080000042, -7.791562709999901, 0.0 ], [ 113.194767600000077, -7.791761699999935, 0.0 ], [ 113.194612800000058, -7.792062120000011, 0.0 ], [ 113.194184760000084, -7.792844849999938, 0.0 ], [ 113.193999360000021, -7.79306111999998, 0.0 ], [ 113.19376392000008, -7.793288099999931, 0.0 ], [ 113.193612, -7.793450009999916, 0.0 ], [ 113.193434880000027, -7.793494739999975, 0.0 ], [ 113.193349920000017, -7.793553150000012, 0.0 ], [ 113.193293760000074, -7.793686979999983, 0.0 ], [ 113.193105480000128, -7.794112229999907, 0.0 ], [ 113.19290316, -7.794436409999907, 0.0 ], [ 113.192767800000084, -7.794621719999963, 0.0 ], [ 113.192649360000047, -7.79525217, 0.0 ], [ 113.1924384, -7.79596929, 0.0 ], [ 113.192357040000019, -7.796738339999944, 0.0 ], [ 113.192290440000107, -7.797267360000017, 0.0 ], [ 113.19220152000004, -7.797734369999933, 0.0 ], [ 113.192073720000025, -7.798349249999916, 0.0 ], [ 113.191976160000038, -7.798949099999987, 0.0 ], [ 113.191893720000053, -7.799497559999981, 0.0 ], [ 113.191761240000019, -7.800098039999927, 0.0 ], [ 113.191738920000034, -7.800613379999934, 0.0 ], [ 113.19165792, -7.801235369999972, 0.0 ], [ 113.191405200000048, -7.801930979999973, 0.0 ], [ 113.191320960000098, -7.802393040000013, 0.0 ], [ 113.19122196, -7.802919449999958, 0.0 ], [ 113.19123816, -7.803261269999908, 0.0 ], [ 113.191241760000025, -7.804450889999927, 0.0 ], [ 113.191364160000035, -7.805478329999939, 0.0 ], [ 113.19142608, -7.806033629999966, 0.0 ], [ 113.191497720000072, -7.806891329999967, 0.0 ], [ 113.191512840000073, -7.806977009999951, 0.0 ], [ 113.191699680000085, -7.808507549999934, 0.0 ], [ 113.1917094, -7.808587199999952, 0.0 ], [ 113.191793640000043, -7.809917039999938, 0.0 ], [ 113.191870680000108, -7.811683109999958, 0.0 ], [ 113.191869205795342, -7.811814756481851, 0.0 ], [ 113.190986841000168, -7.811684880999927, 0.0 ], [ 113.190600303000153, -7.811630672999883, 0.0 ], [ 113.189929082000035, -7.81153356599993, 0.0 ], [ 113.189595197000031, -7.811457664999956, 0.0 ], [ 113.188932361000084, -7.811320206999952, 0.0 ], [ 113.188670996000042, -7.811277186999945, 0.0 ], [ 113.188328226000195, -7.811217327999966, 0.0 ], [ 113.187833274, -7.811155182999887, 0.0 ], [ 113.187470644000115, -7.811113499999902, 0.0 ], [ 113.186925397464719, -7.811032840763012, 0.0 ], [ 113.186877480000064, -7.811025209999968, 0.0 ], [ 113.186866033571363, -7.811024058962481, 0.0 ], [ 113.186752887000139, -7.811007320999909, 0.0 ], [ 113.185991560000033, -7.810916095999911, 0.0 ], [ 113.185563149000018, -7.810872492999945, 0.0 ], [ 113.184811216000071, -7.810791248999884, 0.0 ], [ 113.184087731000247, -7.810718803999929, 0.0 ], [ 113.184055744000176, -7.810690410999978, 0.0 ], [ 113.183383527000075, -7.810674815999931, 0.0 ], [ 113.182733103000075, -7.810567106, 0.0 ], [ 113.181867578000052, -7.810502620999983, 0.0 ], [ 113.181759800884635, -7.810490980495956, 0.0 ], [ 113.181896880000082, -7.80970463999995, 0.0 ], [ 113.182010280000128, -7.809133859999974, 0.0 ], [ 113.182072920000081, -7.808579639999948, 0.0 ], [ 113.182264800000141, -7.807556249999916, 0.0 ], [ 113.18227056, -7.807522049999928, 0.0 ], [ 113.182308720000051, -7.80729497999997, 0.0 ], [ 113.182371000000131, -7.806925619999962, 0.0 ], [ 113.182402320000065, -7.806773249999967, 0.0 ], [ 113.182628400000112, -7.80568145999996, 0.0 ], [ 113.182713, -7.80527366999997, 0.0 ], [ 113.182721640000111, -7.80523119, 0.0 ], [ 113.182764840000033, -7.804808009999899, 0.0 ], [ 113.183060040000129, -7.802981999999894, 0.0 ], [ 113.183192160000132, -7.802054639999902, 0.0 ], [ 113.183238960000011, -7.801762769999911, 0.0 ], [ 113.183326799999989, -7.80121565999994, 0.0 ], [ 113.183380800000023, -7.800878249999911, 0.0 ], [ 113.18340132000003, -7.800751709999922, 0.0 ], [ 113.183494560000113, -7.800250049999892, 0.0 ], [ 113.183660520000075, -7.799296859999984, 0.0 ], [ 113.18372208000001, -7.798999949999931, 0.0 ], [ 113.183785800000052, -7.798540409999923, 0.0 ], [ 113.18382144000006, -7.798352580000014, 0.0 ], [ 113.183908560000077, -7.797826619999928, 0.0 ], [ 113.183929800000058, -7.79769765, 0.0 ], [ 113.184128160000128, -7.796170439999941, 0.0 ], [ 113.184219599999963, -7.795465559999972, 0.0 ], [ 113.184333360000053, -7.794721259999939, 0.0 ], [ 113.184394560000143, -7.794320219999975, 0.0 ], [ 113.184410040000088, -7.794229229999907, 0.0 ], [ 113.18448348000004, -7.79379785999992, 0.0 ], [ 113.184572400000121, -7.79327703, 0.0 ], [ 113.1847729200001, -7.792099289999978, 0.0 ], [ 113.184788040000015, -7.791985709999906, 0.0 ], [ 113.184862560000056, -7.791420419999941, 0.0 ], [ 113.184882360000088, -7.791273, 0.0 ], [ 113.18500368, -7.790681339999896, 0.0 ], [ 113.188274280000073, -7.79121656999995, 0.0 ], [ 113.188309200000035, -7.791024869999987, 0.0 ], [ 113.188320000000132, -7.790867009999982, 0.0 ], [ 113.188476240000085, -7.789990589999942, 0.0 ], [ 113.188549680000037, -7.789578299999935, 0.0 ], [ 113.18865768, -7.788980969999983, 0.0 ], [ 113.188683240000074, -7.788829769999907, 0.0 ], [ 113.188809600000056, -7.788108599999923, 0.0 ], [ 113.188850280000125, -7.787943809999966, 0.0 ], [ 113.188910040000096, -7.787856329999922, 0.0 ], [ 113.189038920000016, -7.787937149999948, 0.0 ], [ 113.19046416, -7.788828689999907, 0.0 ], [ 113.19064092000005, -7.788941279999985, 0.0 ], [ 113.19154704000006, -7.78951782, 0.0 ], [ 113.191572240000013, -7.789361849999967, 0.0 ], [ 113.191588080000088, -7.78926339, 0.0 ], [ 113.191694280000078, -7.788771989999923, 0.0 ], [ 113.191808040000069, -7.788360509999983, 0.0 ], [ 113.19185556, -7.787825549999951, 0.0 ], [ 113.192010360000026, -7.787195819999983, 0.0 ], [ 113.192198639999972, -7.786494989999905, 0.0 ], [ 113.192290440000107, -7.785581849999936, 0.0 ], [ 113.192331840000065, -7.78557140999996, 0.0 ], [ 113.192489160000036, -7.785085589999909, 0.0 ], [ 113.192614800000129, -7.784453159999984, 0.0 ], [ 113.19292368, -7.783660529999949, 0.0 ], [ 113.193160920000096, -7.782837299999958, 0.0 ], [ 113.1933744, -7.782097679999957, 0.0 ], [ 113.193739800000131, -7.781089769999962, 0.0 ], [ 113.193959760000112, -7.780078799999981, 0.0 ], [ 113.193979200000044, -7.77999735, 0.0 ], [ 113.194362240000018, -7.778260439999897, 0.0 ], [ 113.194748520000104, -7.776497339999946, 0.0 ], [ 113.19533460000001, -7.77663, 0.0 ], [ 113.195576880000075, -7.776514529999947, 0.0 ], [ 113.195834280000142, -7.776438209999938, 0.0 ], [ 113.195954160000028, -7.776170459999989, 0.0 ], [ 113.195994480000067, -7.775766809999897, 0.0 ], [ 113.196081960000029, -7.775320590000014, 0.0 ], [ 113.196240360000075, -7.775036099999923, 0.0 ], [ 113.196362040000025, -7.77486752999992, 0.0 ], [ 113.196745800000059, -7.774975259999952, 0.0 ], [ 113.197234319999978, -7.775218620000015, 0.0 ], [ 113.197779000000111, -7.774882649999928, 0.0 ] ] ] ] } },
{ "type": "Feature", "properties": { "KDPPUM": null, "NAMOBJ": "PAKISTAJI", "REMARK": "Wilayah Administrasi Keluruhan/Desa", "KDPBPS": null, "FCODE": null, "LUASWH": 0.0, "UUPP": null, "SRS_ID": null, "LCODE": "BA0020", "METADATA": null, "KDEBPS": null, "KDEPUM": null, "KDCBPS": null, "KDCPUM": null, "KDBBPS": null, "KDBPUM": null, "WADMKD": null, "WIADKD": null, "WADMKC": "WONOASIH", "WIADKC": null, "WADMKK": "KOTA PROBOLINGGO", "WIADKK": null, "WADMPR": "JAWA TIMUR", "WIADPR": null, "TIPADM": 0, "SHAPE_Leng": 0.09927016709, "SHAPE_Area": 0.00015217159 }, "geometry": { "type": "MultiPolygon", "coordinates": [ [ [ [ 113.209260480000012, -7.814952809999955, 0.0 ], [ 113.209009920000057, -7.815466259999894, 0.0 ], [ 113.208927952618382, -7.815430052220808, 0.0 ], [ 113.209268943608663, -7.814901841306956, 0.0 ], [ 113.209260480000012, -7.814952809999955, 0.0 ] ] ], [ [ [ 113.206927620000258, -7.80456375999994, 0.0 ], [ 113.206830771000142, -7.804893584999963, 0.0 ], [ 113.206781723000077, -7.804875584999895, 0.0 ], [ 113.206668951192995, -7.804830200073233, 0.0 ], [ 113.207037633988122, -7.804213290024144, 0.0 ], [ 113.206927620000258, -7.80456375999994, 0.0 ] ] ], [ [ [ 113.217977160000032, -7.78999832999996, 0.0 ], [ 113.217129360000044, -7.792816859999931, 0.0 ], [ 113.215920120000092, -7.79246594999994, 0.0 ], [ 113.215432320000147, -7.793764019999962, 0.0 ], [ 113.215021200000052, -7.795226969999948, 0.0 ], [ 113.216331600000117, -7.795841489999901, 0.0 ], [ 113.215312440000076, -7.798564259999942, 0.0 ], [ 113.214056040000045, -7.800899489999981, 0.0 ], [ 113.213228760000078, -7.803314369999949, 0.0 ], [ 113.213177640000012, -7.803426959999939, 0.0 ], [ 113.212608480000085, -7.80467715, 0.0 ], [ 113.212586880000075, -7.804731779999898, 0.0 ], [ 113.212314360000093, -7.805631779999935, 0.0 ], [ 113.212339920000076, -7.805755259999938, 0.0 ], [ 113.212920240000031, -7.806092039999914, 0.0 ], [ 113.215133880000053, -7.807252229999985, 0.0 ], [ 113.21435376000008, -7.808891219999971, 0.0 ], [ 113.214057120000049, -7.80937569, 0.0 ], [ 113.214002040000111, -7.809466319999949, 0.0 ], [ 113.212502280000095, -7.808974739999954, 0.0 ], [ 113.212436400000144, -7.808951339999972, 0.0 ], [ 113.211810719999988, -7.808706539999967, 0.0 ], [ 113.211414720000079, -7.808504220000014, 0.0 ], [ 113.211326520000071, -7.808763689999989, 0.0 ], [ 113.211261720000039, -7.808988689999953, 0.0 ], [ 113.211199440000115, -7.808985989999908, 0.0 ], [ 113.211127440000027, -7.809015959999989, 0.0 ], [ 113.211038880000075, -7.809131699999973, 0.0 ], [ 113.210994960000079, -7.80919857, 0.0 ], [ 113.210950680000138, -7.809276509999965, 0.0 ], [ 113.21091756000007, -7.809332219999956, 0.0 ], [ 113.210843040000114, -7.80940979999998, 0.0 ], [ 113.210740080000036, -7.809630479999942, 0.0 ], [ 113.210619840000035, -7.809877889999896, 0.0 ], [ 113.210539920000087, -7.810111439999947, 0.0 ], [ 113.210370360000084, -7.810567469999931, 0.0 ], [ 113.210327159999977, -7.810909919999933, 0.0 ], [ 113.210214480000076, -7.811123759999951, 0.0 ], [ 113.210157600000159, -7.81139475, 0.0 ], [ 113.209730640000089, -7.81296858, 0.0 ], [ 113.209571160000138, -7.813549349999917, 0.0 ], [ 113.209557480000072, -7.81359867, 0.0 ], [ 113.209325640000074, -7.81456041, 0.0 ], [ 113.2092695406335, -7.814898245963999, 0.0 ], [ 113.208940252000062, -7.81477811999989, 0.0 ], [ 113.208581797000164, -7.814691971999956, 0.0 ], [ 113.2080948790002, -7.81458001599993, 0.0 ], [ 113.207791624000066, -7.814501891999949, 0.0 ], [ 113.20766391398061, -7.814930493105578, 0.0 ], [ 113.207481, -7.81486533, 0.0 ], [ 113.207424480000057, -7.814846879999983, 0.0 ], [ 113.206864680000109, -7.814688749999956, 0.0 ], [ 113.20659, -7.81466355, 0.0 ], [ 113.206432620368034, -7.814609768500393, 0.0 ], [ 113.206453561000103, -7.81448746599991, 0.0 ], [ 113.206510949000062, -7.814129379999947, 0.0 ], [ 113.206271977, -7.814038357999966, 0.0 ], [ 113.2063600540001, -7.813646491999872, 0.0 ], [ 113.206592420000234, -7.812664822999917, 0.0 ], [ 113.206178183999967, -7.81253079399993, 0.0 ], [ 113.206059744000214, -7.81250646999996, 0.0 ], [ 113.205775898000084, -7.812437912999972, 0.0 ], [ 113.205635938000142, -7.812898370999967, 0.0 ], [ 113.205496826000086, -7.813363975999945, 0.0 ], [ 113.205394784000163, -7.813786731999929, 0.0 ], [ 113.20511563800008, -7.813716703999908, 0.0 ], [ 113.204813761000239, -7.813616157999938, 0.0 ], [ 113.204828677000052, -7.813510433999895, 0.0 ], [ 113.20489729300013, -7.813098426999911, 0.0 ], [ 113.204122484000052, -7.812787881999974, 0.0 ], [ 113.204077839000178, -7.812711658999973, 0.0 ], [ 113.20423099500006, -7.812301379999955, 0.0 ], [ 113.204288233000099, -7.812042613999949, 0.0 ], [ 113.204343476000048, -7.811944993999955, 0.0 ], [ 113.204365458000083, -7.811875382999879, 0.0 ], [ 113.204425403000158, -7.81160548699993, 0.0 ], [ 113.204438546000091, -7.81146091199987, 0.0 ], [ 113.204809934000096, -7.811533983999965, 0.0 ], [ 113.205284456000101, -7.811634441999928, 0.0 ], [ 113.205551626693932, -7.810530073143298, 0.0 ], [ 113.20589484000007, -7.810670879999961, 0.0 ], [ 113.205968280000107, -7.810698599999945, 0.0 ], [ 113.206205880000041, -7.81078130999995, 0.0 ], [ 113.206580640000055, -7.810732619999918, 0.0 ], [ 113.206814280000117, -7.81066142999989, 0.0 ], [ 113.207235479999966, -7.81054245, 0.0 ], [ 113.2075386, -7.810260659999948, 0.0 ], [ 113.207731920000015, -7.809736859999951, 0.0 ], [ 113.207844960000131, -7.808961779999947, 0.0 ], [ 113.207950080000032, -7.808587920000011, 0.0 ], [ 113.208185880000087, -7.807748039999975, 0.0 ], [ 113.208232680000052, -7.807418099999943, 0.0 ], [ 113.208330960000012, -7.806733109999932, 0.0 ], [ 113.208332040000101, -7.80581051999998, 0.0 ], [ 113.2082129824513, -7.805757921222025, 0.0 ], [ 113.208222487000185, -7.805680876999912, 0.0 ], [ 113.207992506000252, -7.805635806999913, 0.0 ], [ 113.208077184000061, -7.805009532999875, 0.0 ], [ 113.208048983000126, -7.804947864999924, 0.0 ], [ 113.208287150000032, -7.804445413999918, 0.0 ], [ 113.208020573000084, -7.80434811899995, 0.0 ], [ 113.207888951000129, -7.80430361899991, 0.0 ], [ 113.207509336000072, -7.804213962999953, 0.0 ], [ 113.207094372412314, -7.804118350676383, 0.0 ], [ 113.207112720000026, -7.804087649999893, 0.0 ], [ 113.20802136000006, -7.802141849999924, 0.0 ], [ 113.208148440000102, -7.802171910000013, 0.0 ], [ 113.20960680000006, -7.802414279999905, 0.0 ], [ 113.210048880000045, -7.80133517999997, 0.0 ], [ 113.210183880000031, -7.801005419999953, 0.0 ], [ 113.210281800000047, -7.800587549999928, 0.0 ], [ 113.211314280000025, -7.797150989999981, 0.0 ], [ 113.212104840000066, -7.794603989999917, 0.0 ], [ 113.212587960000079, -7.792740449999915, 0.0 ], [ 113.212319400000055, -7.79253633, 0.0 ], [ 113.212032839999978, -7.79231852999991, 0.0 ], [ 113.21244432, -7.79183594999995, 0.0 ], [ 113.212574280000013, -7.791705989999944, 0.0 ], [ 113.21277660000014, -7.791639299999932, 0.0 ], [ 113.213112480000049, -7.79163533999996, 0.0 ], [ 113.213261160000087, -7.79164551, 0.0 ], [ 113.213353319999982, -7.791578639999976, 0.0 ], [ 113.213404440000133, -7.791446429999962, 0.0 ], [ 113.21337816000009, -7.791299639999984, 0.0 ], [ 113.213239920000106, -7.791115949999973, 0.0 ], [ 113.213131560000107, -7.790989139999962, 0.0 ], [ 113.213123280000133, -7.790882939999968, 0.0 ], [ 113.213256120000111, -7.790689439999944, 0.0 ], [ 113.213521440000036, -7.790455529999953, 0.0 ], [ 113.21387460000004, -7.79016726, 0.0 ], [ 113.213998440000069, -7.790075549999955, 0.0 ], [ 113.21414064000011, -7.79000714999998, 0.0 ], [ 113.214305160000137, -7.78971861, 0.0 ], [ 113.21432712, -7.789605929999912, 0.0 ], [ 113.21409528, -7.789142879999968, 0.0 ], [ 113.214039120000066, -7.78897584, 0.0 ], [ 113.214061080000107, -7.788798359999973, 0.0 ], [ 113.214178799999985, -7.78849596, 0.0 ], [ 113.214292200000045, -7.788371939999951, 0.0 ], [ 113.214437280000055, -7.788100139999933, 0.0 ], [ 113.21460540000011, -7.787895749999986, 0.0 ], [ 113.214924, -7.787816549999917, 0.0 ], [ 113.215030560000031, -7.787778659999979, 0.0 ], [ 113.215116960000074, -7.78765644, 0.0 ], [ 113.215177800000134, -7.787260889999949, 0.0 ], [ 113.215224960000128, -7.786908359999913, 0.0 ], [ 113.215294800000038, -7.78657995, 0.0 ], [ 113.215386240000058, -7.786326059999961, 0.0 ], [ 113.215392, -7.786241189999956, 0.0 ], [ 113.215388760000096, -7.786057409999938, 0.0 ], [ 113.215335840000066, -7.785746639999982, 0.0 ], [ 113.215288680000072, -7.785450089999959, 0.0 ], [ 113.21531352000008, -7.785066959999966, 0.0 ], [ 113.215346639999979, -7.78486148999993, 0.0 ], [ 113.215326120000057, -7.7847957, 0.0 ], [ 113.215276080000095, -7.784199989999909, 0.0 ], [ 113.21550576, -7.783975529999989, 0.0 ], [ 113.215665600000079, -7.783530299999921, 0.0 ], [ 113.215766399999978, -7.783146, 0.0 ], [ 113.215854240000141, -7.7828238, 0.0 ], [ 113.215995, -7.782533369999946, 0.0 ], [ 113.216173560000016, -7.782169229999926, 0.0 ], [ 113.216255640000142, -7.782001199999968, 0.0 ], [ 113.21631288, -7.781894459999929, 0.0 ], [ 113.216513400000068, -7.781544359999916, 0.0 ], [ 113.216598360000077, -7.781399639999933, 0.0 ], [ 113.216820120000037, -7.781010749999908, 0.0 ], [ 113.216993280000153, -7.78069637999992, 0.0 ], [ 113.217169680000097, -7.780626179999974, 0.0 ], [ 113.217271560000086, -7.78045103999996, 0.0 ], [ 113.217442920000053, -7.779788279999924, 0.0 ], [ 113.217441480000019, -7.779380400000015, 0.0 ], [ 113.21750916000012, -7.779091229999981, 0.0 ], [ 113.217670440000049, -7.778126519999919, 0.0 ], [ 113.217706440000015, -7.778337299999951, 0.0 ], [ 113.21779104000008, -7.778464649999918, 0.0 ], [ 113.218120800000094, -7.778755259999983, 0.0 ], [ 113.218199280000022, -7.778816009999947, 0.0 ], [ 113.21836452, -7.778943629999937, 0.0 ], [ 113.218349400000093, -7.77916350000001, 0.0 ], [ 113.218401240000034, -7.779228929999917, 0.0 ], [ 113.218745040000059, -7.779667679999893, 0.0 ], [ 113.218849800000015, -7.779801779999975, 0.0 ], [ 113.218973280000114, -7.780240079999913, 0.0 ], [ 113.219072280000134, -7.78093802999993, 0.0 ], [ 113.219064720000034, -7.781105519999933, 0.0 ], [ 113.219016120000106, -7.781712389999964, 0.0 ], [ 113.218936200000059, -7.782837029999936, 0.0 ], [ 113.21897148000005, -7.783062929999975, 0.0 ], [ 113.219076960000081, -7.78320980999996, 0.0 ], [ 113.219268840000055, -7.783467029999926, 0.0 ], [ 113.219330400000089, -7.783733699999964, 0.0 ], [ 113.219325, -7.783930709999922, 0.0 ], [ 113.219322120000015, -7.784023139999931, 0.0 ], [ 113.219205120000112, -7.784939429999984, 0.0 ], [ 113.21878140000004, -7.786659779999951, 0.0 ], [ 113.218668720000139, -7.787117429999981, 0.0 ], [ 113.218066440000044, -7.789290209999901, 0.0 ], [ 113.218011, -7.789425840000021, 0.0 ], [ 113.217977160000032, -7.78999832999996, 0.0 ] ] ] ] } },
{ "type": "Feature", "properties": { "KDPPUM": null, "NAMOBJ": "MUNENG", "REMARK": "Wilayah Administrasi Keluruhan/Desa", "KDPBPS": null, "FCODE": null, "LUASWH": 0.0, "UUPP": null, "SRS_ID": null, "LCODE": "BA0020", "METADATA": null, "KDEBPS": null, "KDEPUM": null, "KDCBPS": null, "KDCPUM": null, "KDBBPS": null, "KDBPUM": null, "WADMKD": null, "WIADKD": null, "WADMKC": "SUMBERASIH", "WIADKC": null, "WADMKK": "PROBOLINGGO", "WIADKK": null, "WADMPR": "JAWA TIMUR", "WIADPR": null, "TIPADM": 0, "SHAPE_Leng": 0.08746394496, "SHAPE_Area": 0.00020187451 }, "geometry": { "type": "MultiPolygon", "coordinates": [ [ [ [ 113.164240543429671, -7.77931911450689, 0.0 ], [ 113.163967336000198, -7.779251550999923, 0.0 ], [ 113.163969040739033, -7.779244772451801, 0.0 ], [ 113.16407724000014, -7.779274739999977, 0.0 ], [ 113.164231680000043, -7.77931569, 0.0 ], [ 113.164240543429671, -7.77931911450689, 0.0 ] ] ] ] } },
{ "type": "Feature", "properties": { "KDPPUM": null, "NAMOBJ": "KEDOPOK", "REMARK": "Wilayah Administrasi Keluruhan/Desa", "KDPBPS": null, "FCODE": null, "LUASWH": 0.0, "UUPP": null, "SRS_ID": null, "LCODE": "BA0020", "METADATA": null, "KDEBPS": null, "KDEPUM": null, "KDCBPS": null, "KDCPUM": null, "KDBBPS": null, "KDBPUM": null, "WADMKD": null, "WIADKD": null, "WADMKC": "WONOASIH", "WIADKC": null, "WADMKK": "KOTA PROBOLINGGO", "WIADKK": null, "WADMPR": "JAWA TIMUR", "WIADPR": null, "TIPADM": 0, "SHAPE_Leng": 0.07100697396, "SHAPE_Area": 0.00012013505 }, "geometry": { "type": "MultiPolygon", "coordinates": [ [ [ [ 113.216820120000037, -7.781010749999908, 0.0 ], [ 113.216598360000077, -7.781399639999933, 0.0 ], [ 113.216513400000068, -7.781544359999916, 0.0 ], [ 113.21631288, -7.781894459999929, 0.0 ], [ 113.216255640000142, -7.782001199999968, 0.0 ], [ 113.216173560000016, -7.782169229999926, 0.0 ], [ 113.215995, -7.782533369999946, 0.0 ], [ 113.215854240000141, -7.7828238, 0.0 ], [ 113.215766399999978, -7.783146, 0.0 ], [ 113.215665600000079, -7.783530299999921, 0.0 ], [ 113.21550576, -7.783975529999989, 0.0 ], [ 113.215276080000095, -7.784199989999909, 0.0 ], [ 113.215326120000057, -7.7847957, 0.0 ], [ 113.215346639999979, -7.78486148999993, 0.0 ], [ 113.21531352000008, -7.785066959999966, 0.0 ], [ 113.215288680000072, -7.785450089999959, 0.0 ], [ 113.215335840000066, -7.785746639999982, 0.0 ], [ 113.215388760000096, -7.786057409999938, 0.0 ], [ 113.215392, -7.786241189999956, 0.0 ], [ 113.215386240000058, -7.786326059999961, 0.0 ], [ 113.215294800000038, -7.78657995, 0.0 ], [ 113.215224960000128, -7.786908359999913, 0.0 ], [ 113.215177800000134, -7.787260889999949, 0.0 ], [ 113.215116960000074, -7.78765644, 0.0 ], [ 113.215030560000031, -7.787778659999979, 0.0 ], [ 113.214924, -7.787816549999917, 0.0 ], [ 113.21460540000011, -7.787895749999986, 0.0 ], [ 113.214437280000055, -7.788100139999933, 0.0 ], [ 113.214292200000045, -7.788371939999951, 0.0 ], [ 113.214178799999985, -7.78849596, 0.0 ], [ 113.214061080000107, -7.788798359999973, 0.0 ], [ 113.214039120000066, -7.78897584, 0.0 ], [ 113.21409528, -7.789142879999968, 0.0 ], [ 113.21432712, -7.789605929999912, 0.0 ], [ 113.214305160000137, -7.78971861, 0.0 ], [ 113.21414064000011, -7.79000714999998, 0.0 ], [ 113.213998440000069, -7.790075549999955, 0.0 ], [ 113.21387460000004, -7.79016726, 0.0 ], [ 113.213521440000036, -7.790455529999953, 0.0 ], [ 113.213256120000111, -7.790689439999944, 0.0 ], [ 113.213123280000133, -7.790882939999968, 0.0 ], [ 113.213131560000107, -7.790989139999962, 0.0 ], [ 113.213239920000106, -7.791115949999973, 0.0 ], [ 113.21337816000009, -7.791299639999984, 0.0 ], [ 113.213404440000133, -7.791446429999962, 0.0 ], [ 113.213353319999982, -7.791578639999976, 0.0 ], [ 113.213261160000087, -7.79164551, 0.0 ], [ 113.213112480000049, -7.79163533999996, 0.0 ], [ 113.21277660000014, -7.791639299999932, 0.0 ], [ 113.212574280000013, -7.791705989999944, 0.0 ], [ 113.21244432, -7.79183594999995, 0.0 ], [ 113.212032839999978, -7.79231852999991, 0.0 ], [ 113.211970920000098, -7.792390979999954, 0.0 ], [ 113.211786600000124, -7.792378019999948, 0.0 ], [ 113.211533160000016, -7.79228477999996, 0.0 ], [ 113.211205560000096, -7.792181639999953, 0.0 ], [ 113.211070560000024, -7.79216301000001, 0.0 ], [ 113.210669519999968, -7.792118189999943, 0.0 ], [ 113.210485920000153, -7.792160039999942, 0.0 ], [ 113.21026884000004, -7.792278119999942, 0.0 ], [ 113.209975080000063, -7.79237387999996, 0.0 ], [ 113.208925680000107, -7.79267061, 0.0 ], [ 113.208603480000093, -7.792823519999949, 0.0 ], [ 113.20834140000008, -7.79292287999991, 0.0 ], [ 113.208198120000034, -7.792907759999903, 0.0 ], [ 113.207946120000059, -7.79287356, 0.0 ], [ 113.207780520000028, -7.792916849999944, 0.0 ], [ 113.207616, -7.793047259999987, 0.0 ], [ 113.207376960000033, -7.793299169999958, 0.0 ], [ 113.207380920000105, -7.79346818999991, 0.0 ], [ 113.20736148, -7.793722259999971, 0.0 ], [ 113.207268960000079, -7.79402205, 0.0 ], [ 113.207092200000019, -7.794336329999975, 0.0 ], [ 113.206919400000103, -7.794713069999972, 0.0 ], [ 113.206827600000153, -7.794988829999962, 0.0 ], [ 113.206795920000104, -7.795305359999951, 0.0 ], [ 113.206796640000078, -7.795953539999935, 0.0 ], [ 113.206694040000116, -7.796515589999988, 0.0 ], [ 113.206667760000073, -7.797011849999926, 0.0 ], [ 113.20655652, -7.797301289999982, 0.0 ], [ 113.206430520000069, -7.797495419999969, 0.0 ], [ 113.206281120000057, -7.797791519999954, 0.0 ], [ 113.206160880000056, -7.798029479999926, 0.0 ], [ 113.206051080000023, -7.798256189999943, 0.0 ], [ 113.206005, -7.798574339999977, 0.0 ], [ 113.206870080000016, -7.799283359999933, 0.0 ], [ 113.206806360000073, -7.799383439999954, 0.0 ], [ 113.206659120000069, -7.799689979999915, 0.0 ], [ 113.20656516000011, -7.799885549999932, 0.0 ], [ 113.206820040000053, -7.800004709999932, 0.0 ], [ 113.2069086, -7.800219269999921, 0.0 ], [ 113.206709880000091, -7.800944039999937, 0.0 ], [ 113.206488120000031, -7.801751609999965, 0.0 ], [ 113.206306320000095, -7.802318069999938, 0.0 ], [ 113.205213, -7.80208254, 0.0 ], [ 113.20381584000009, -7.801802279999983, 0.0 ], [ 113.204077200000043, -7.79932485, 0.0 ], [ 113.2009509600001, -7.798885649999889, 0.0 ], [ 113.200992, -7.79868081, 0.0 ], [ 113.201125920000095, -7.798156110000011, 0.0 ], [ 113.201271, -7.797706379999926, 0.0 ], [ 113.201158680000063, -7.797510629999984, 0.0 ], [ 113.201055360000041, -7.79733, 0.0 ], [ 113.20087032, -7.79704577999998, 0.0 ], [ 113.200590240000096, -7.796328389999953, 0.0 ], [ 113.20062768, -7.79593427999994, 0.0 ], [ 113.200742160000146, -7.795557899999974, 0.0 ], [ 113.200848360000052, -7.795245509999972, 0.0 ], [ 113.200889040000135, -7.795125809999927, 0.0 ], [ 113.20091928000015, -7.795020599999926, 0.0 ], [ 113.20112628000004, -7.79418179999989, 0.0 ], [ 113.201327880000022, -7.79299794, 0.0 ], [ 113.201385120000054, -7.792315649999939, 0.0 ], [ 113.201344080000027, -7.791683219999925, 0.0 ], [ 113.201489520000081, -7.790893739999973, 0.0 ], [ 113.201516160000054, -7.790629679999974, 0.0 ], [ 113.201550360000041, -7.79025969, 0.0 ], [ 113.201853840000027, -7.789677929999918, 0.0 ], [ 113.202308520000074, -7.789634099999933, 0.0 ], [ 113.20271892, -7.789639049999987, 0.0 ], [ 113.203835640000037, -7.789512149999968, 0.0 ], [ 113.204464200000089, -7.789506479999943, 0.0 ], [ 113.205378599999989, -7.789546529999971, 0.0 ], [ 113.206012560000119, -7.789627169999982, 0.0 ], [ 113.206007160000027, -7.789550489999943, 0.0 ], [ 113.206555800000046, -7.789568849999952, 0.0 ], [ 113.207380200000131, -7.789578659999965, 0.0 ], [ 113.2080786, -7.789552469999929, 0.0 ], [ 113.20870032000002, -7.78953411, 0.0 ], [ 113.209526520000082, -7.789467149999975, 0.0 ], [ 113.20970904, -7.78936428, 0.0 ], [ 113.209857720000045, -7.789013099999977, 0.0 ], [ 113.209993800000021, -7.78825574999993, 0.0 ], [ 113.210029080000012, -7.787436389999904, 0.0 ], [ 113.210067600000087, -7.786767329999968, 0.0 ], [ 113.210154000000131, -7.785758339999973, 0.0 ], [ 113.210082360000158, -7.785040139999968, 0.0 ], [ 113.210213760000102, -7.785037619999937, 0.0 ], [ 113.210798400000073, -7.785074429999963, 0.0 ], [ 113.211326520000071, -7.785264239999947, 0.0 ], [ 113.211774360000078, -7.785444329999926, 0.0 ], [ 113.212005480000016, -7.785432089999979, 0.0 ], [ 113.212035720000031, -7.785234629999895, 0.0 ], [ 113.212120320000025, -7.78426811999995, 0.0 ], [ 113.212233720000071, -7.783186859999926, 0.0 ], [ 113.212282320000099, -7.782815430000014, 0.0 ], [ 113.212280160000105, -7.78271868, 0.0 ], [ 113.212280880000066, -7.782647579999981, 0.0 ], [ 113.212280880000066, -7.782539219999897, 0.0 ], [ 113.212280520000036, -7.782473969999916, 0.0 ], [ 113.212277280000038, -7.782419789999963, 0.0 ], [ 113.21236476, -7.781678189999976, 0.0 ], [ 113.212534319999989, -7.779997169999977, 0.0 ], [ 113.212538280000146, -7.77995334, 0.0 ], [ 113.21290908, -7.779961979999907, 0.0 ], [ 113.213442960000037, -7.780050899999893, 0.0 ], [ 113.213935800000044, -7.780166189999928, 0.0 ], [ 113.214507840000039, -7.780225589999958, 0.0 ], [ 113.215008960000105, -7.780355549999964, 0.0 ], [ 113.215104000000153, -7.780380479999984, 0.0 ], [ 113.21563320000007, -7.780549409999928, 0.0 ], [ 113.216256, -7.780767749999963, 0.0 ], [ 113.216820120000037, -7.781010749999908, 0.0 ] ] ] ] } },
{ "type": "Feature", "properties": { "KDPPUM": null, "NAMOBJ": "PAKISTAJI", "REMARK": "Wilayah Administrasi Keluruhan/Desa", "KDPBPS": null, "FCODE": null, "LUASWH": 0.0, "UUPP": null, "SRS_ID": null, "LCODE": "BA0020", "METADATA": null, "KDEBPS": null, "KDEPUM": null, "KDCBPS": null, "KDCPUM": null, "KDBBPS": null, "KDBPUM": null, "WADMKD": null, "WIADKD": null, "WADMKC": "WONOASIH", "WIADKC": null, "WADMKK": "KOTA PROBOLINGGO", "WIADKK": null, "WADMPR": "JAWA TIMUR", "WIADPR": null, "TIPADM": 0, "SHAPE_Leng": 0.12850060824000001, "SHAPE_Area": 0.00018481031 }, "geometry": { "type": "MultiPolygon", "coordinates": [ [ [ [ 113.20766391398061, -7.814930493105578, 0.0 ], [ 113.207572247000115, -7.815238131999937, 0.0 ], [ 113.206548528383394, -7.815018860424285, 0.0 ], [ 113.20659, -7.81466355, 0.0 ], [ 113.206864680000109, -7.814688749999956, 0.0 ], [ 113.207424480000057, -7.814846879999983, 0.0 ], [ 113.207481, -7.81486533, 0.0 ], [ 113.20766391398061, -7.814930493105578, 0.0 ] ] ], [ [ [ 113.225770800000063, -7.786094129999956, 0.0 ], [ 113.22585, -7.787287349999918, 0.0 ], [ 113.225902920000067, -7.788086909999905, 0.0 ], [ 113.225571360000075, -7.788058739999972, 0.0 ], [ 113.225534640000063, -7.787729339999984, 0.0 ], [ 113.22511092, -7.787664629999959, 0.0 ], [ 113.225021640000065, -7.787314619999954, 0.0 ], [ 113.22479376000004, -7.787152709999969, 0.0 ], [ 113.224432319999977, -7.787003039999931, 0.0 ], [ 113.22387108000008, -7.786887389999954, 0.0 ], [ 113.223674880000104, -7.786846889999978, 0.0 ], [ 113.223615480000078, -7.786834649999943, 0.0 ], [ 113.223377160000069, -7.78678559999997, 0.0 ], [ 113.22320868000007, -7.786762109999891, 0.0 ], [ 113.223150360000133, -7.787009249999912, 0.0 ], [ 113.223090600000077, -7.787262419999898, 0.0 ], [ 113.223021840000158, -7.787554289999978, 0.0 ], [ 113.222870640000082, -7.788195, 0.0 ], [ 113.222807640000028, -7.788515489999927, 0.0 ], [ 113.22274284, -7.788740399999973, 0.0 ], [ 113.222756520000061, -7.788842279999965, 0.0 ], [ 113.222883240000058, -7.788938309999917, 0.0 ], [ 113.223018960000104, -7.789045770000016, 0.0 ], [ 113.223059640000088, -7.789135049999942, 0.0 ], [ 113.222890800000059, -7.78963392, 0.0 ], [ 113.222741760000076, -7.79007402, 0.0 ], [ 113.22423828, -7.790508179999957, 0.0 ], [ 113.223472920000091, -7.793529929999956, 0.0 ], [ 113.223213360000017, -7.795530449999923, 0.0 ], [ 113.222670120000103, -7.797117419999957, 0.0 ], [ 113.222239920000121, -7.799252399999947, 0.0 ], [ 113.222021760000104, -7.800003179999983, 0.0 ], [ 113.221922760000083, -7.800764670000017, 0.0 ], [ 113.221643040000117, -7.801230509999925, 0.0 ], [ 113.219905320000052, -7.80084936, 0.0 ], [ 113.219614080000014, -7.80206309999998, 0.0 ], [ 113.219506439999989, -7.802507429999974, 0.0 ], [ 113.219433000000137, -7.803079199999942, 0.0 ], [ 113.219399880000054, -7.80322482, 0.0 ], [ 113.219344080000056, -7.803295109999954, 0.0 ], [ 113.21901720000001, -7.804077209999917, 0.0 ], [ 113.219075160000102, -7.804786049999947, 0.0 ], [ 113.218610400000102, -7.805605859999922, 0.0 ], [ 113.218388640000057, -7.80624836999997, 0.0 ], [ 113.218333200000089, -7.80640901999994, 0.0 ], [ 113.217905520000045, -7.807052789999915, 0.0 ], [ 113.217631920000059, -7.808336909999937, 0.0 ], [ 113.21759952000005, -7.80947235, 0.0 ], [ 113.217583680000061, -7.810168769999983, 0.0 ], [ 113.217534720000103, -7.810379099999977, 0.0 ], [ 113.217512040000088, -7.81044209999995, 0.0 ], [ 113.217451200000028, -7.810564949999989, 0.0 ], [ 113.21728452, -7.810911359999963, 0.0 ], [ 113.217083640000084, -7.810887959999981, 0.0 ], [ 113.216972040000087, -7.810877429999909, 0.0 ], [ 113.21686008000006, -7.810880579999903, 0.0 ], [ 113.216488560000045, -7.810861589999931, 0.0 ], [ 113.215894560000024, -7.810831259999908, 0.0 ], [ 113.215777200000076, -7.81082531999995, 0.0 ], [ 113.215649040000045, -7.811361539999908, 0.0 ], [ 113.214976560000096, -7.81136487, 0.0 ], [ 113.214759480000069, -7.812276929999975, 0.0 ], [ 113.214749400000031, -7.812317609999965, 0.0 ], [ 113.214432960000053, -7.813545029999915, 0.0 ], [ 113.214166560000038, -7.814590829999936, 0.0 ], [ 113.213849760000031, -7.815414150000024, 0.0 ], [ 113.213355120000045, -7.816037669999922, 0.0 ], [ 113.212409040000011, -7.817399009999939, 0.0 ], [ 113.212373400000089, -7.817826239999938, 0.0 ], [ 113.21233416000004, -7.818070860000017, 0.0 ], [ 113.212306080000118, -7.818246, 0.0 ], [ 113.212162645710777, -7.819119692806044, 0.0 ], [ 113.2118111260002, -7.819074228999902, 0.0 ], [ 113.211246866000053, -7.81886679799997, 0.0 ], [ 113.21111278500014, -7.818753811999947, 0.0 ], [ 113.210868336000075, -7.818545788999966, 0.0 ], [ 113.210451084000013, -7.818265920999902, 0.0 ], [ 113.209890596, -7.817993850999951, 0.0 ], [ 113.209078052000095, -7.817615826999937, 0.0 ], [ 113.208938785000129, -7.817568206999905, 0.0 ], [ 113.208602551000098, -7.817501281999874, 0.0 ], [ 113.207915580000105, -7.817267013999942, 0.0 ], [ 113.208242285000225, -7.816602239999916, 0.0 ], [ 113.208574210000151, -7.815978015999871, 0.0 ], [ 113.208927952618382, -7.815430052220808, 0.0 ], [ 113.209009920000057, -7.815466259999894, 0.0 ], [ 113.209260480000012, -7.814952809999955, 0.0 ], [ 113.209268943608663, -7.814901841306956, 0.0 ], [ 113.209270936000067, -7.814898754999923, 0.0 ], [ 113.2092695406335, -7.814898245963999, 0.0 ], [ 113.209325640000074, -7.81456041, 0.0 ], [ 113.209557480000072, -7.81359867, 0.0 ], [ 113.209571160000138, -7.813549349999917, 0.0 ], [ 113.209730640000089, -7.81296858, 0.0 ], [ 113.210157600000159, -7.81139475, 0.0 ], [ 113.210214480000076, -7.811123759999951, 0.0 ], [ 113.210327159999977, -7.810909919999933, 0.0 ], [ 113.210370360000084, -7.810567469999931, 0.0 ], [ 113.210539920000087, -7.810111439999947, 0.0 ], [ 113.210619840000035, -7.809877889999896, 0.0 ], [ 113.210740080000036, -7.809630479999942, 0.0 ], [ 113.210843040000114, -7.80940979999998, 0.0 ], [ 113.21091756000007, -7.809332219999956, 0.0 ], [ 113.210950680000138, -7.809276509999965, 0.0 ], [ 113.210994960000079, -7.80919857, 0.0 ], [ 113.211038880000075, -7.809131699999973, 0.0 ], [ 113.211127440000027, -7.809015959999989, 0.0 ], [ 113.211199440000115, -7.808985989999908, 0.0 ], [ 113.211261720000039, -7.808988689999953, 0.0 ], [ 113.211326520000071, -7.808763689999989, 0.0 ], [ 113.211414720000079, -7.808504220000014, 0.0 ], [ 113.211810719999988, -7.808706539999967, 0.0 ], [ 113.212436400000144, -7.808951339999972, 0.0 ], [ 113.212502280000095, -7.808974739999954, 0.0 ], [ 113.214002040000111, -7.809466319999949, 0.0 ], [ 113.214057120000049, -7.80937569, 0.0 ], [ 113.21435376000008, -7.808891219999971, 0.0 ], [ 113.215133880000053, -7.807252229999985, 0.0 ], [ 113.212920240000031, -7.806092039999914, 0.0 ], [ 113.212339920000076, -7.805755259999938, 0.0 ], [ 113.212314360000093, -7.805631779999935, 0.0 ], [ 113.212586880000075, -7.804731779999898, 0.0 ], [ 113.212608480000085, -7.80467715, 0.0 ], [ 113.213177640000012, -7.803426959999939, 0.0 ], [ 113.213228760000078, -7.803314369999949, 0.0 ], [ 113.213644920000135, -7.803554129999981, 0.0 ], [ 113.213937240000078, -7.803715049999973, 0.0 ], [ 113.214049200000105, -7.803776519999907, 0.0 ], [ 113.214468600000075, -7.804063799999962, 0.0 ], [ 113.214840120000076, -7.80431066999996, 0.0 ], [ 113.216184720000129, -7.805095559999888, 0.0 ], [ 113.216394600000086, -7.804768949999954, 0.0 ], [ 113.216603760000083, -7.80430445999998, 0.0 ], [ 113.216722560000136, -7.804070009999943, 0.0 ], [ 113.216872320000093, -7.803774809999943, 0.0 ], [ 113.217075720000054, -7.80300665999998, 0.0 ], [ 113.217202800000081, -7.80244451999992, 0.0 ], [ 113.21741124, -7.801772129999975, 0.0 ], [ 113.217611400000052, -7.801186319999911, 0.0 ], [ 113.217802920000082, -7.800635789999923, 0.0 ], [ 113.217976800000088, -7.800012, 0.0 ], [ 113.218246800000131, -7.79938649999994, 0.0 ], [ 113.218344360000032, -7.798783409999956, 0.0 ], [ 113.218516800000089, -7.798073309999911, 0.0 ], [ 113.218842960000075, -7.797376349999976, 0.0 ], [ 113.219081640000013, -7.796607389999945, 0.0 ], [ 113.219343, -7.796688749999927, 0.0 ], [ 113.219964360000048, -7.796820779999926, 0.0 ], [ 113.220370800000097, -7.796944079999914, 0.0 ], [ 113.220847440000014, -7.797054689999918, 0.0 ], [ 113.221087200000042, -7.796138219999939, 0.0 ], [ 113.221335960000019, -7.795024379999973, 0.0 ], [ 113.221562400000025, -7.794024749999952, 0.0 ], [ 113.220408240000097, -7.793742149999929, 0.0 ], [ 113.219675280000018, -7.793468459999932, 0.0 ], [ 113.219642160000035, -7.792922249999947, 0.0 ], [ 113.219804160000109, -7.792177229999943, 0.0 ], [ 113.220033480000083, -7.79142447000001, 0.0 ], [ 113.220184680000074, -7.79062211999997, 0.0 ], [ 113.22038916000011, -7.789754789999972, 0.0 ], [ 113.220618480000084, -7.788829319999959, 0.0 ], [ 113.220905400000106, -7.787580569999932, 0.0 ], [ 113.220918, -7.787466719999927, 0.0 ], [ 113.221073519999976, -7.786975499999961, 0.0 ], [ 113.22120420000013, -7.786469789999952, 0.0 ], [ 113.221339560000061, -7.78578848999998, 0.0 ], [ 113.221382040000108, -7.785575369999933, 0.0 ], [ 113.221447200000085, -7.785151289999927, 0.0 ], [ 113.221431360000096, -7.784823149999955, 0.0 ], [ 113.221431, -7.78456926, 0.0 ], [ 113.221557720000078, -7.784147879999949, 0.0 ], [ 113.22169992000012, -7.78353228, 0.0 ], [ 113.221855440000013, -7.783004969999975, 0.0 ], [ 113.221855800000043, -7.782823619999892, 0.0 ], [ 113.221857960000051, -7.782790049999956, 0.0 ], [ 113.221873800000026, -7.782680609999961, 0.0 ], [ 113.222904840000069, -7.782844409999925, 0.0 ], [ 113.222939400000087, -7.78285007999995, 0.0 ], [ 113.223171240000084, -7.78289139, 0.0 ], [ 113.223652920000063, -7.782939449999972, 0.0 ], [ 113.22370044, -7.783285139999975, 0.0 ], [ 113.22371448, -7.78347566999993, 0.0 ], [ 113.223770280000096, -7.783490249999982, 0.0 ], [ 113.223956760000064, -7.78353911999994, 0.0 ], [ 113.223943800000058, -7.783836479999941, 0.0 ], [ 113.22405360000009, -7.783863389999947, 0.0 ], [ 113.224162320000019, -7.783889939999924, 0.0 ], [ 113.224281840000145, -7.783919099999938, 0.0 ], [ 113.224213800000015, -7.784198549999967, 0.0 ], [ 113.224022280000071, -7.78498541999997, 0.0 ], [ 113.223899880000062, -7.785497159999945, 0.0 ], [ 113.223888360000089, -7.78555124999998, 0.0 ], [ 113.225749560000082, -7.785653849999942, 0.0 ], [ 113.225770800000063, -7.786094129999956, 0.0 ] ] ] ] } },
{ "type": "Feature", "properties": { "KDPPUM": null, "NAMOBJ": "KEDUNGASEM", "REMARK": "Wilayah Administrasi Keluruhan/Desa", "KDPBPS": null, "FCODE": null, "LUASWH": 0.0, "UUPP": null, "SRS_ID": null, "LCODE": "BA0020", "METADATA": null, "KDEBPS": null, "KDEPUM": null, "KDCBPS": null, "KDCPUM": null, "KDBBPS": null, "KDBPUM": null, "WADMKD": null, "WIADKD": null, "WADMKC": "WONOASIH", "WIADKC": null, "WADMKK": "KOTA PROBOLINGGO", "WIADKK": null, "WADMPR": "JAWA TIMUR", "WIADPR": null, "TIPADM": 0, "SHAPE_Leng": 0.08526200107, "SHAPE_Area": 0.00026464744 }, "geometry": { "type": "MultiPolygon", "coordinates": [ [ [ [ 113.226252254000187, -7.802057940999909, 0.0 ], [ 113.226258452394163, -7.802074338612954, 0.0 ], [ 113.226008760000028, -7.801940789999986, 0.0 ], [ 113.225929920000084, -7.801896059999926, 0.0 ], [ 113.225919120000071, -7.801825409999942, 0.0 ], [ 113.225922990886801, -7.801821297965763, 0.0 ], [ 113.225937350000066, -7.801852646999887, 0.0 ], [ 113.225981414000259, -7.801889195999891, 0.0 ], [ 113.226032305000203, -7.801916581999937, 0.0 ], [ 113.226115567000164, -7.80194596699997, 0.0 ], [ 113.226194243000094, -7.801998419999958, 0.0 ], [ 113.226252254000187, -7.802057940999909, 0.0 ] ] ], [ [ [ 113.232058920000128, -7.788034529999923, 0.0 ], [ 113.232154679999979, -7.788229469999976, 0.0 ], [ 113.232341160000033, -7.788862529999953, 0.0 ], [ 113.236932240000115, -7.789616369999976, 0.0 ], [ 113.237049600000063, -7.790045849999984, 0.0 ], [ 113.23709064, -7.79035517999991, 0.0 ], [ 113.23709938552723, -7.79039632093075, 0.0 ], [ 113.23709259000006, -7.790442907999886, 0.0 ], [ 113.237081460000027, -7.790542554999959, 0.0 ], [ 113.237090024000025, -7.790565012999952, 0.0 ], [ 113.237139473563047, -7.790584904085087, 0.0 ], [ 113.237192880000109, -7.790836139999914, 0.0 ], [ 113.237360280000104, -7.791200729999971, 0.0 ], [ 113.237669520000011, -7.791936659999934, 0.0 ], [ 113.237720280000048, -7.792408979999934, 0.0 ], [ 113.237879400000153, -7.792680959999966, 0.0 ], [ 113.23797732, -7.792931699999929, 0.0 ], [ 113.238280080000081, -7.793332020000012, 0.0 ], [ 113.238542160000094, -7.793787509999952, 0.0 ], [ 113.23854108, -7.794056159999975, 0.0 ], [ 113.238615240000016, -7.794246599999923, 0.0 ], [ 113.238746640000059, -7.794403919999972, 0.0 ], [ 113.238721440000106, -7.7945994899999, 0.0 ], [ 113.238864, -7.794665639999955, 0.0 ], [ 113.239013400000104, -7.794734939999916, 0.0 ], [ 113.239297440000058, -7.794866699999982, 0.0 ], [ 113.240165760000053, -7.795009889999928, 0.0 ], [ 113.240906280000132, -7.795168289999978, 0.0 ], [ 113.241289320000121, -7.795239209999984, 0.0 ], [ 113.241469680000023, -7.7952726, 0.0 ], [ 113.241920040000082, -7.79534387999994, 0.0 ], [ 113.241959673528186, -7.795343573555115, 0.0 ], [ 113.241919466000112, -7.795423574999873, 0.0 ], [ 113.241880450000181, -7.795492914999926, 0.0 ], [ 113.241738936000189, -7.795723748999929, 0.0 ], [ 113.241700864000236, -7.795787842999903, 0.0 ], [ 113.24166762700024, -7.795875859999903, 0.0 ], [ 113.241617160000061, -7.796026322999918, 0.0 ], [ 113.24158313000018, -7.796175886999947, 0.0 ], [ 113.241498425, -7.796268332999958, 0.0 ], [ 113.241463153000197, -7.796310993999935, 0.0 ], [ 113.24136543500002, -7.796626273, 0.0 ], [ 113.241330708000078, -7.796771411999927, 0.0 ], [ 113.241299532000156, -7.796909482999894, 0.0 ], [ 113.241299946000012, -7.796987289999937, 0.0 ], [ 113.241303647000151, -7.797022695999935, 0.0 ], [ 113.241335802000236, -7.797054335999889, 0.0 ], [ 113.241389181000031, -7.797085863999921, 0.0 ], [ 113.241417711000082, -7.797110474999915, 0.0 ], [ 113.241431986000194, -7.797124586999928, 0.0 ], [ 113.241268223000063, -7.79735969599993, 0.0 ], [ 113.241194406000162, -7.797461753999936, 0.0 ], [ 113.241094986000107, -7.79762603299994, 0.0 ], [ 113.241016020000146, -7.797743662, 0.0 ], [ 113.240943845594146, -7.797846196036275, 0.0 ], [ 113.240855880000041, -7.797916799999928, 0.0 ], [ 113.240826, -7.798032809999935, 0.0 ], [ 113.240883600000117, -7.798127399999945, 0.0 ], [ 113.241004920000037, -7.798192289999985, 0.0 ], [ 113.240541600000071, -7.798774769999952, 0.0 ], [ 113.240369880000159, -7.799323499999968, 0.0 ], [ 113.24029542453934, -7.799526553326121, 0.0 ], [ 113.240206737000065, -7.799488762999964, 0.0 ], [ 113.239859954000067, -7.799346275999898, 0.0 ], [ 113.239827504000132, -7.799188930999936, 0.0 ], [ 113.239717857000215, -7.79917288299994, 0.0 ], [ 113.239594542000219, -7.7991584439999, 0.0 ], [ 113.239389375000215, -7.798958273999947, 0.0 ], [ 113.239299315000125, -7.798915462999958, 0.0 ], [ 113.239300072000106, -7.798875152999909, 0.0 ], [ 113.23931546300004, -7.798663512999983, 0.0 ], [ 113.239434771000234, -7.798374416999955, 0.0 ], [ 113.239268023000022, -7.798231247999922, 0.0 ], [ 113.239256778999987, -7.798210793999917, 0.0 ], [ 113.239275475000028, -7.798142825999978, 0.0 ], [ 113.239230956999975, -7.798119384, 0.0 ], [ 113.239222901000019, -7.798094122999945, 0.0 ], [ 113.239220979000038, -7.798027890999972, 0.0 ], [ 113.239225848000089, -7.797945717999923, 0.0 ], [ 113.239212113000022, -7.797920667999982, 0.0 ], [ 113.239169222000115, -7.797893782999978, 0.0 ], [ 113.239126377000034, -7.797875573999892, 0.0 ], [ 113.239099107000172, -7.797863156999931, 0.0 ], [ 113.239085444000111, -7.797851661999868, 0.0 ], [ 113.239079521999969, -7.797834251999937, 0.0 ], [ 113.239079239000034, -7.797781024999974, 0.0 ], [ 113.239092326000232, -7.797684167999954, 0.0 ], [ 113.239091169000133, -7.79764929099991, 0.0 ], [ 113.239089142999973, -7.797633847999876, 0.0 ], [ 113.239080317000045, -7.797618350999926, 0.0 ], [ 113.239063770000186, -7.797612654999899, 0.0 ], [ 113.239028551000203, -7.797595037999951, 0.0 ], [ 113.238962384000047, -7.79757604899989, 0.0 ], [ 113.238937099000097, -7.797571301999941, 0.0 ], [ 113.238910842000138, -7.797566651999912, 0.0 ], [ 113.238861248000035, -7.797558147999919, 0.0 ], [ 113.238812646000184, -7.797553614999899, 0.0 ], [ 113.238769883000018, -7.797550949999945, 0.0 ], [ 113.238732975000161, -7.79755304299994, 0.0 ], [ 113.238633168000163, -7.797588453999939, 0.0 ], [ 113.23854496500006, -7.797627598999981, 0.0 ], [ 113.238506171000054, -7.797640365999971, 0.0 ], [ 113.238461516, -7.79764737999993, 0.0 ], [ 113.238410976000083, -7.797643760999986, 0.0 ], [ 113.238338970000157, -7.797622904999947, 0.0 ], [ 113.238113530000163, -7.797559210999918, 0.0 ], [ 113.238088260000026, -7.797557446999949, 0.0 ], [ 113.23807467900005, -7.797561404999922, 0.0 ], [ 113.238062111000076, -7.797573037999907, 0.0 ], [ 113.238042840000091, -7.797603143999911, 0.0 ], [ 113.238012996000109, -7.797654631999908, 0.0 ], [ 113.237989808000052, -7.797678973999968, 0.0 ], [ 113.237971431000133, -7.797694524999923, 0.0 ], [ 113.237939395999959, -7.797699573999896, 0.0 ], [ 113.237659450000166, -7.797659392999947, 0.0 ], [ 113.23759054100006, -7.797658853999902, 0.0 ], [ 113.237511007000222, -7.797669847999924, 0.0 ], [ 113.237479923000052, -7.797671005999931, 0.0 ], [ 113.237461464000035, -7.797671103999939, 0.0 ], [ 113.237435171000172, -7.797659675999881, 0.0 ], [ 113.237398047000028, -7.797621102999887, 0.0 ], [ 113.237380498000078, -7.797609627999915, 0.0 ], [ 113.237365894000206, -7.797603830999968, 0.0 ], [ 113.237348397, -7.797602025999907, 0.0 ], [ 113.237314408000216, -7.797605096999895, 0.0 ], [ 113.2372464890001, -7.797621903999953, 0.0 ], [ 113.23707974400007, -7.797676013999901, 0.0 ], [ 113.237053533000122, -7.797680037999967, 0.0 ], [ 113.236878709000038, -7.797690631999956, 0.0 ], [ 113.236738189000235, -7.797701224999944, 0.0 ], [ 113.236682812000183, -7.797701517999968, 0.0 ], [ 113.236651718000175, -7.7977006879999, 0.0 ], [ 113.236606110000054, -7.797697042999953, 0.0 ], [ 113.236574009000051, -7.797689530999953, 0.0 ], [ 113.236525365000119, -7.797677135999905, 0.0 ], [ 113.236473869000207, -7.797676504999941, 0.0 ], [ 113.236203782000061, -7.797663381999921, 0.0 ], [ 113.235971364000108, -7.79759466299992, 0.0 ], [ 113.235907104000034, -7.797568884999919, 0.0 ], [ 113.235875969000034, -7.797560282999918, 0.0 ], [ 113.235862342000146, -7.797555565999883, 0.0 ], [ 113.235851655000062, -7.797555621999976, 0.0 ], [ 113.235840017000072, -7.79755947899994, 0.0 ], [ 113.235824529000041, -7.797570224999941, 0.0 ], [ 113.235818767000097, -7.797582816999917, 0.0 ], [ 113.235813051000065, -7.797604174999908, 0.0 ], [ 113.23581523100016, -7.797648715999951, 0.0 ], [ 113.235815159000069, -7.797818071999931, 0.0 ], [ 113.235815934000044, -7.798020409999975, 0.0 ], [ 113.235739115000072, -7.798373804999905, 0.0 ], [ 113.235729458999984, -7.798413077999957, 0.0 ], [ 113.235743717000105, -7.798775751999944, 0.0 ], [ 113.235742461000171, -7.799003674999973, 0.0 ], [ 113.235720576000048, -7.799259270999894, 0.0 ], [ 113.235710214000179, -7.799475221999909, 0.0 ], [ 113.235697841000032, -7.799664343999925, 0.0 ], [ 113.235677284000118, -7.799761872999913, 0.0 ], [ 113.235687385000148, -7.799918794999929, 0.0 ], [ 113.235684175000145, -7.80000385099995, 0.0 ], [ 113.235661396000225, -7.800161487999937, 0.0 ], [ 113.235627619000084, -7.800302916999915, 0.0 ], [ 113.23558650700015, -7.800428026999963, 0.0 ], [ 113.235579296000083, -7.800435294999943, 0.0 ], [ 113.235561145000091, -7.800437197999923, 0.0 ], [ 113.235426498000052, -7.800399863999942, 0.0 ], [ 113.235434371000082, -7.800587612999934, 0.0 ], [ 113.235444729000051, -7.800821077999977, 0.0 ], [ 113.235299266000183, -7.800801964999906, 0.0 ], [ 113.235228409000101, -7.800800531999965, 0.0 ], [ 113.235206597000158, -7.800802454999946, 0.0 ], [ 113.235206645000076, -7.800811491999895, 0.0 ], [ 113.23521036400021, -7.800822315999902, 0.0 ], [ 113.235212215000089, -7.80083315099991, 0.0 ], [ 113.235219974000117, -7.800929083999943, 0.0 ], [ 113.235209686000061, -7.801032342999871, 0.0 ], [ 113.23520654300016, -7.801130050999873, 0.0 ], [ 113.235236643999983, -7.801337745999916, 0.0 ], [ 113.235246004000047, -7.80139743199997, 0.0 ], [ 113.235248046000038, -7.801430044999915, 0.0 ], [ 113.235248180000141, -7.801455347999966, 0.0 ], [ 113.235239227000108, -7.801486211999944, 0.0 ], [ 113.235214077000066, -7.801535235999914, 0.0 ], [ 113.235154563000023, -7.801615166999866, 0.0 ], [ 113.235131130000042, -7.801649722999883, 0.0 ], [ 113.235120334000129, -7.801671468999906, 0.0 ], [ 113.235115004000036, -7.801695084, 0.0 ], [ 113.235120594000065, -7.801720357999955, 0.0 ], [ 113.235157223000073, -7.801778092999935, 0.0 ], [ 113.235204858000188, -7.801853842999986, 0.0 ], [ 113.235214130000159, -7.801882802999984, 0.0 ], [ 113.235214216000173, -7.801899069999909, 0.0 ], [ 113.235214351000181, -7.801924462999878, 0.0 ], [ 113.235209088, -7.80196063999994, 0.0 ], [ 113.235191168000128, -7.802006009999964, 0.0 ], [ 113.235165649000152, -7.802041931999916, 0.0 ], [ 113.235156590000102, -7.802052824999929, 0.0 ], [ 113.235145782000103, -7.802058303999939, 0.0 ], [ 113.235129444000265, -7.80206381299995, 0.0 ], [ 113.235113106000057, -7.802069320999873, 0.0 ], [ 113.235089538000153, -7.802078482999921, 0.0 ], [ 113.235060535000159, -7.802091378999922, 0.0 ], [ 113.235038751000033, -7.802098722999908, 0.0 ], [ 113.235020638000051, -7.802107855999864, 0.0 ], [ 113.235011663000108, -7.802120555999938, 0.0 ], [ 113.235011759000116, -7.802138628999923, 0.0 ], [ 113.235015423000064, -7.802153159999971, 0.0 ], [ 113.23503921200016, -7.802185567999899, 0.0 ], [ 113.235084968000038, -7.802245060999937, 0.0 ], [ 113.235107136000096, -7.802310191999908, 0.0 ], [ 113.235124100000078, -7.80242234399995, 0.0 ], [ 113.235119677000156, -7.802616755999871, 0.0 ], [ 113.235131891000194, -7.802721340999909, 0.0 ], [ 113.235123865000247, -7.8028564889999, 0.0 ], [ 113.23512400400007, -7.80288260499993, 0.0 ], [ 113.235129903000114, -7.802895677999945, 0.0 ], [ 113.23513867000004, -7.802899968999945, 0.0 ], [ 113.23515035100003, -7.802904244999944, 0.0 ], [ 113.235170816000036, -7.802915794999922, 0.0 ], [ 113.235191311000136, -7.802933127999935, 0.0 ], [ 113.235206090000119, -7.802957721999928, 0.0 ], [ 113.235214972000236, -7.802983791999864, 0.0 ], [ 113.235215188000254, -7.803024457999943, 0.0 ], [ 113.235203519000081, -7.803064643999981, 0.0 ], [ 113.235183227000093, -7.803099634999946, 0.0 ], [ 113.235158652000095, -7.803130309999908, 0.0 ], [ 113.235131142000043, -7.80317112299991, 0.0 ], [ 113.235121202000116, -7.803213287999935, 0.0 ], [ 113.235121295000027, -7.803230729999957, 0.0 ], [ 113.235125684000124, -7.803240917999911, 0.0 ], [ 113.235131536000083, -7.803245224999912, 0.0 ], [ 113.235144743000106, -7.803255276999945, 0.0 ], [ 113.235157876000031, -7.803265419999985, 0.0 ], [ 113.235193044000098, -7.803301562999955, 0.0 ], [ 113.235200484000103, -7.803323302999978, 0.0 ], [ 113.235200592000112, -7.803343635999884, 0.0 ], [ 113.235196260000109, -7.803358208999935, 0.0 ], [ 113.235181779000143, -7.803375726999963, 0.0 ], [ 113.235161445999978, -7.803388847999894, 0.0 ], [ 113.235149834000168, -7.803397674999914, 0.0 ], [ 113.23514116700008, -7.80341217999996, 0.0 ], [ 113.235131127000045, -7.803435548999939, 0.0 ], [ 113.235128321000076, -7.803455897999935, 0.0 ], [ 113.235153521000115, -7.803542881999938, 0.0 ], [ 113.235156513000192, -7.803557415999897, 0.0 ], [ 113.235159497000168, -7.803570503999914, 0.0 ], [ 113.23515813800006, -7.803582078999895, 0.0 ], [ 113.235149495000229, -7.803601011999952, 0.0 ], [ 113.235140805000043, -7.803611269999912, 0.0 ], [ 113.23512627000018, -7.803618576999984, 0.0 ], [ 113.235110272, -7.803631764999921, 0.0 ], [ 113.235104489000065, -7.80364047099993, 0.0 ], [ 113.235104597000074, -7.803660803999925, 0.0 ], [ 113.235126369, -7.803749704999909, 0.0 ], [ 113.235149465000134, -7.803848629999923, 0.0 ], [ 113.235149774000078, -7.803906736999934, 0.0 ], [ 113.235145851000112, -7.803927903999909, 0.0 ], [ 113.235140661000216, -7.803935793999941, 0.0 ], [ 113.235128739000018, -7.803942453999959, 0.0 ], [ 113.235112835000123, -7.803945248999923, 0.0 ], [ 113.235085041000133, -7.803946661999952, 0.0 ], [ 113.235066432000195, -7.803946759999871, 0.0 ], [ 113.235053218000076, -7.803949450999916, 0.0 ], [ 113.235045331000052, -7.80395617999994, 0.0 ], [ 113.235040066999971, -7.803964069999971, 0.0 ], [ 113.235038862000053, -7.803990464999934, 0.0 ], [ 113.235038961000143, -7.804008989999957, 0.0 ], [ 113.235041714000189, -7.804020904999966, 0.0 ], [ 113.235059198000044, -7.804076209999923, 0.0 ], [ 113.235073947000203, -7.8041092079999, 0.0 ], [ 113.23508603700013, -7.804134176999924, 0.0 ], [ 113.235098052999973, -7.804159235999954, 0.0 ], [ 113.235120876, -7.804206650999969, 0.0 ], [ 113.235200794000122, -7.804309883999895, 0.0 ], [ 113.235216801000121, -7.80432651899994, 0.0 ], [ 113.23522431900021, -7.804334792999914, 0.0 ], [ 113.235235279000136, -7.804343862999954, 0.0 ], [ 113.235247883000198, -7.804353013999911, 0.0 ], [ 113.235257933000057, -7.804359647999927, 0.0 ], [ 113.235268062000188, -7.804367094999922, 0.0 ], [ 113.23528147500005, -7.804373711999936, 0.0 ], [ 113.235293243000044, -7.804380246999944, 0.0 ], [ 113.235306670000085, -7.804389393999902, 0.0 ], [ 113.235316724000128, -7.804396840999896, 0.0 ], [ 113.235342052000178, -7.80443755499989, 0.0 ], [ 113.235352252000226, -7.804458376999925, 0.0 ], [ 113.235362355, -7.804474951999875, 0.0 ], [ 113.235369051, -7.804483320999946, 0.0 ], [ 113.23537579400012, -7.804486538999946, 0.0 ], [ 113.23538581700015, -7.804488202999906, 0.0 ], [ 113.235395093000122, -7.804489780999948, 0.0 ], [ 113.235405947000132, -7.804493066999953, 0.0 ], [ 113.235418516000109, -7.80449553099989, 0.0 ], [ 113.235429432000117, -7.804496286999953, 0.0 ], [ 113.235447003000061, -7.80449791099991, 0.0 ], [ 113.23546121600009, -7.804500275999928, 0.0 ], [ 113.235477961000058, -7.804501090999906, 0.0 ], [ 113.235489703000141, -7.804502654999947, 0.0 ], [ 113.235499740000165, -7.804506758999931, 0.0 ], [ 113.235508141000238, -7.80451258899997, 0.0 ], [ 113.235510726000186, -7.804520889999946, 0.0 ], [ 113.235514169000027, -7.804535872999942, 0.0 ], [ 113.235513586000067, -7.804580880999936, 0.0 ], [ 113.235508777000021, -7.804716643999978, 0.0 ], [ 113.235515902000174, -7.80476341899994, 0.0 ], [ 113.235523983000135, -7.804793378999932, 0.0 ], [ 113.235539471999985, -7.804824926999878, 0.0 ], [ 113.235566699000017, -7.80487159599992, 0.0 ], [ 113.23560979500003, -7.804936705999889, 0.0 ], [ 113.23561849900014, -7.804943256999898, 0.0 ], [ 113.235629905000096, -7.804951872999901, 0.0 ], [ 113.235643641, -7.804963095999941, 0.0 ], [ 113.235671416000073, -7.804986174999986, 0.0 ], [ 113.235698687000109, -7.80502687899989, 0.0 ], [ 113.235706313000023, -7.805041387999935, 0.0 ], [ 113.23573649100004, -7.805193051999961, 0.0 ], [ 113.235752480000116, -7.80522034999991, 0.0 ], [ 113.235757981000134, -7.805228815999989, 0.0 ], [ 113.235767212, -7.80523608699988, 0.0 ], [ 113.235775751000091, -7.805239746999916, 0.0 ], [ 113.235791104000199, -7.805245720999967, 0.0 ], [ 113.235807578000149, -7.805251688999927, 0.0 ], [ 113.23583019300024, -7.80526006399991, 0.0 ], [ 113.235891913000202, -7.805271937999915, 0.0 ], [ 113.235916371, -7.805275422999937, 0.0 ], [ 113.235935899000111, -7.805279657999932, 0.0 ], [ 113.235955518000225, -7.8052867839999, 0.0 ], [ 113.235964669000182, -7.805292879999872, 0.0 ], [ 113.235974533000189, -7.805306744999953, 0.0 ], [ 113.235978874000111, -7.805321994999883, 0.0 ], [ 113.235979549000163, -7.805336540999932, 0.0 ], [ 113.235959339, -7.805400992999935, 0.0 ], [ 113.235958198000091, -7.8054113009999, 0.0 ], [ 113.235956470000033, -7.805423509999933, 0.0 ], [ 113.235957727000041, -7.805435070999913, 0.0 ], [ 113.235962038000054, -7.805444717999912, 0.0 ], [ 113.235967607000063, -7.805452008999893, 0.0 ], [ 113.235971880000065, -7.805454425999915, 0.0 ], [ 113.235979220000232, -7.805457459999989, 0.0 ], [ 113.23598774600022, -7.805458589999905, 0.0 ], [ 113.235998739000152, -7.805459796999916, 0.0 ], [ 113.236008539000167, -7.805461551999972, 0.0 ], [ 113.236020126000241, -7.805462123999931, 0.0 ], [ 113.236037247000141, -7.805463207999932, 0.0 ], [ 113.236056762000246, -7.805464911999895, 0.0 ], [ 113.236072615000054, -7.805466635999949, 0.0 ], [ 113.236089746000047, -7.805469617999929, 0.0 ], [ 113.236105683000034, -7.805473147999955, 0.0 ], [ 113.236122154000057, -7.805478573999959, 0.0 ], [ 113.236133166000087, -7.805483395999914, 0.0 ], [ 113.236144184000196, -7.805489391999878, 0.0 ], [ 113.236151557000099, -7.805498480999919, 0.0 ], [ 113.236155872000012, -7.805508850999978, 0.0 ], [ 113.236159036000089, -7.805527630999933, 0.0 ], [ 113.236154999000021, -7.805555486999928, 0.0 ], [ 113.236147276000011, -7.805578842999907, 0.0 ], [ 113.236127509000056, -7.805642387999924, 0.0 ], [ 113.236127604000245, -7.805660190999976, 0.0 ], [ 113.236128826000169, -7.805679162999947, 0.0 ], [ 113.236134526000015, -7.805696935999908, 0.0 ], [ 113.236152499, -7.805717896999866, 0.0 ], [ 113.236215344000044, -7.805786607999956, 0.0 ], [ 113.236267225000162, -7.805859443999942, 0.0 ], [ 113.23628230000017, -7.805953711999926, 0.0 ], [ 113.236304422000131, -7.80600980599986, 0.0 ], [ 113.236317269000224, -7.806022479999932, 0.0 ], [ 113.236326406000089, -7.80602604699996, 0.0 ], [ 113.236351900000059, -7.806027718999921, 0.0 ], [ 113.236364605000134, -7.806027651999916, 0.0 ], [ 113.236377365000223, -7.806023969999966, 0.0 ], [ 113.236393721999974, -7.806022075999898, 0.0 ], [ 113.236404708, -7.806022017999894, 0.0 ], [ 113.236413751000114, -7.806021969999978, 0.0 ], [ 113.236428334000081, -7.806023699999944, 0.0 ], [ 113.236441151999983, -7.806030861999915, 0.0 ], [ 113.236453896000157, -7.806038114999893, 0.0 ], [ 113.236486859000124, -7.80606694899997, 0.0 ], [ 113.236521634000169, -7.8060993889999, 0.0 ], [ 113.236543544000114, -7.806115630999912, 0.0 ], [ 113.23655637100002, -7.806124599999944, 0.0 ], [ 113.236567302000125, -7.806128246999979, 0.0 ], [ 113.236580101000115, -7.806131793999917, 0.0 ], [ 113.236591012000218, -7.806131736999912, 0.0 ], [ 113.236607379000063, -7.806131649999905, 0.0 ], [ 113.236618281, -7.806129784999928, 0.0 ], [ 113.236631070000072, -7.806131524999984, 0.0 ], [ 113.236669440000142, -7.806151293999932, 0.0 ], [ 113.236724235000139, -7.806181819999971, 0.0 ], [ 113.236762559000027, -7.806207011999923, 0.0 ], [ 113.236786395000038, -7.806234087999943, 0.0 ], [ 113.236790134000088, -7.806248617999902, 0.0 ], [ 113.23678837200012, -7.806268598999868, 0.0 ], [ 113.236781229000059, -7.806288608999925, 0.0 ], [ 113.236772169000105, -7.806299500999938, 0.0 ], [ 113.236754050000215, -7.806321376999971, 0.0 ], [ 113.236728681000059, -7.806343289999919, 0.0 ], [ 113.236707100000231, -7.806388770999952, 0.0 ], [ 113.23670313004493, -7.806441878617544, 0.0 ], [ 113.236195680000023, -7.80643872, 0.0 ], [ 113.235718680000076, -7.806470309999948, 0.0 ], [ 113.235364080000039, -7.806371579999951, 0.0 ], [ 113.235131880000012, -7.806302459999916, 0.0 ], [ 113.23497924, -7.806219029999941, 0.0 ], [ 113.23463760000007, -7.805621249999952, 0.0 ], [ 113.234549040000019, -7.805197619999984, 0.0 ], [ 113.234469480000016, -7.804882529999936, 0.0 ], [ 113.23445112, -7.804604699999953, 0.0 ], [ 113.234464800000069, -7.804316609999919, 0.0 ], [ 113.23443312000002, -7.803997379999974, 0.0 ], [ 113.234381640000024, -7.803662669999902, 0.0 ], [ 113.233700880000015, -7.803445499999963, 0.0 ], [ 113.232938400000066, -7.803309779999925, 0.0 ], [ 113.232282480000066, -7.803226439999957, 0.0 ], [ 113.231172960000109, -7.803055889999968, 0.0 ], [ 113.230489320000032, -7.80302429999993, 0.0 ], [ 113.229988200000136, -7.802976329999957, 0.0 ], [ 113.229763920000138, -7.803009269999929, 0.0 ], [ 113.228534681851173, -7.802749280060219, 0.0 ], [ 113.228571516000059, -7.802475625999918, 0.0 ], [ 113.228647829000167, -7.801898471999948, 0.0 ], [ 113.228479391000164, -7.801873512999926, 0.0 ], [ 113.227867521, -7.801689304999872, 0.0 ], [ 113.227242391000047, -7.801527126999954, 0.0 ], [ 113.227031669000112, -7.80146289699988, 0.0 ], [ 113.227024795999981, -7.801449377999916, 0.0 ], [ 113.227020082000223, -7.801420121999893, 0.0 ], [ 113.227017721000024, -7.80139754099989, 0.0 ], [ 113.226990342000065, -7.801350330999892, 0.0 ], [ 113.226964320000221, -7.801305371999902, 0.0 ], [ 113.226949331000142, -7.801311595999973, 0.0 ], [ 113.226936056000099, -7.801316907999968, 0.0 ], [ 113.226921968000099, -7.801324030999936, 0.0 ], [ 113.226896311000104, -7.801333925999955, 0.0 ], [ 113.226860130000134, -7.801346406999922, 0.0 ], [ 113.226816841000101, -7.801357208999928, 0.0 ], [ 113.226798241000253, -7.801359113999908, 0.0 ], [ 113.226777914000166, -7.801359220999917, 0.0 ], [ 113.226746899000176, -7.80135938399993, 0.0 ], [ 113.226719467000038, -7.801358624999956, 0.0 ], [ 113.226692049000164, -7.80136057699994, 0.0 ], [ 113.22667082000018, -7.801359784999963, 0.0 ], [ 113.226645172000104, -7.801357298999935, 0.0 ], [ 113.226616833000065, -7.801354736999901, 0.0 ], [ 113.226594703000018, -7.801353135999946, 0.0 ], [ 113.226570783000085, -7.801352358999882, 0.0 ], [ 113.226554860000178, -7.801351538999903, 0.0 ], [ 113.226515919000164, -7.801350929999941, 0.0 ], [ 113.226464596, -7.801354724999989, 0.0 ], [ 113.226408877000182, -7.8013611629999, 0.0 ], [ 113.226399441753372, -7.801363870701785, 0.0 ], [ 113.226410880000088, -7.801355519999966, 0.0 ], [ 113.226485400000115, -7.801338329999965, 0.0 ], [ 113.22665352, -7.801300169999916, 0.0 ], [ 113.226730200000034, -7.801282799999989, 0.0 ], [ 113.226870960000042, -7.801253369999952, 0.0 ], [ 113.226987960000045, -7.8011766, 0.0 ], [ 113.226828840000024, -7.800092549999917, 0.0 ], [ 113.226786720000092, -7.79974785, 0.0 ], [ 113.226435720000012, -7.799726969999956, 0.0 ], [ 113.226115320000048, -7.799707799999968, 0.0 ], [ 113.225743440000102, -7.799684939999942, 0.0 ], [ 113.224998600000021, -7.79962193999997, 0.0 ], [ 113.222239920000121, -7.799252399999947, 0.0 ], [ 113.222670120000103, -7.797117419999957, 0.0 ], [ 113.223213360000017, -7.795530449999923, 0.0 ], [ 113.223472920000091, -7.793529929999956, 0.0 ], [ 113.22423828, -7.790508179999957, 0.0 ], [ 113.222741760000076, -7.79007402, 0.0 ], [ 113.222890800000059, -7.78963392, 0.0 ], [ 113.223059640000088, -7.789135049999942, 0.0 ], [ 113.223018960000104, -7.789045770000016, 0.0 ], [ 113.222883240000058, -7.788938309999917, 0.0 ], [ 113.222756520000061, -7.788842279999965, 0.0 ], [ 113.22274284, -7.788740399999973, 0.0 ], [ 113.222807640000028, -7.788515489999927, 0.0 ], [ 113.222870640000082, -7.788195, 0.0 ], [ 113.223021840000158, -7.787554289999978, 0.0 ], [ 113.223090600000077, -7.787262419999898, 0.0 ], [ 113.223150360000133, -7.787009249999912, 0.0 ], [ 113.22320868000007, -7.786762109999891, 0.0 ], [ 113.223377160000069, -7.78678559999997, 0.0 ], [ 113.223615480000078, -7.786834649999943, 0.0 ], [ 113.223674880000104, -7.786846889999978, 0.0 ], [ 113.22387108000008, -7.786887389999954, 0.0 ], [ 113.224432319999977, -7.787003039999931, 0.0 ], [ 113.22479376000004, -7.787152709999969, 0.0 ], [ 113.225021640000065, -7.787314619999954, 0.0 ], [ 113.22511092, -7.787664629999959, 0.0 ], [ 113.225534640000063, -7.787729339999984, 0.0 ], [ 113.225571360000075, -7.788058739999972, 0.0 ], [ 113.225902920000067, -7.788086909999905, 0.0 ], [ 113.22585, -7.787287349999918, 0.0 ], [ 113.225770800000063, -7.786094129999956, 0.0 ], [ 113.225749560000082, -7.785653849999942, 0.0 ], [ 113.225726520000123, -7.78516766999995, 0.0 ], [ 113.225615280000071, -7.783557209999927, 0.0 ], [ 113.225592240000111, -7.7829399, 0.0 ], [ 113.225590800000091, -7.782894989999935, 0.0 ], [ 113.225588280000053, -7.782834419999986, 0.0 ], [ 113.2257391200001, -7.782829919999969, 0.0 ], [ 113.226815880000103, -7.782817679999933, 0.0 ], [ 113.227813080000018, -7.782886709999961, 0.0 ], [ 113.228042040000133, -7.78290336, 0.0 ], [ 113.22830664, -7.782927209999936, 0.0 ], [ 113.228341200000017, -7.783453259999941, 0.0 ], [ 113.228472600000046, -7.78464179999996, 0.0 ], [ 113.228867880000067, -7.784657639999939, 0.0 ], [ 113.229324360000092, -7.7846724, 0.0 ], [ 113.229420480000059, -7.784673029999968, 0.0 ], [ 113.229864720000037, -7.784695439999958, 0.0 ], [ 113.230001520000073, -7.784753759999987, 0.0 ], [ 113.230900440000028, -7.784884889999912, 0.0 ], [ 113.231360160000051, -7.784924759999925, 0.0 ], [ 113.23145736, -7.784931779999972, 0.0 ], [ 113.231314080000061, -7.78545585, 0.0 ], [ 113.231272680000089, -7.785638639999927, 0.0 ], [ 113.231175840000077, -7.786089899999961, 0.0 ], [ 113.231160720000062, -7.786263959999886, 0.0 ], [ 113.231162160000096, -7.786532969999939, 0.0 ], [ 113.2311632400001, -7.786738619999902, 0.0 ], [ 113.23118016, -7.786896749999929, 0.0 ], [ 113.231264400000114, -7.78716477, 0.0 ], [ 113.2313328, -7.787248739999921, 0.0 ], [ 113.231450880000011, -7.787456459999966, 0.0 ], [ 113.231614679999964, -7.787698199999983, 0.0 ], [ 113.231890800000073, -7.787883779999973, 0.0 ], [ 113.232058920000128, -7.788034529999923, 0.0 ] ] ] ] } },
{ "type": "Feature", "properties": { "KDPPUM": null, "NAMOBJ": "POHSANGITLERES", "REMARK": "Wilayah Administrasi Keluruhan/Desa", "KDPBPS": null, "FCODE": null, "LUASWH": 0.0, "UUPP": null, "SRS_ID": null, "LCODE": "BA0020", "METADATA": null, "KDEBPS": null, "KDEPUM": null, "KDCBPS": null, "KDCPUM": null, "KDBBPS": null, "KDBPUM": null, "WADMKD": null, "WIADKD": null, "WADMKC": "KADEMANGAN", "WIADKC": null, "WADMKK": "KOTA PROBOLINGGO", "WIADKK": null, "WADMPR": "JAWA TIMUR", "WIADPR": null, "TIPADM": 0, "SHAPE_Leng": 0.06355372688, "SHAPE_Area": 0.00010457789 }, "geometry": { "type": "MultiPolygon", "coordinates": [ [ [ [ 113.18712372, -7.786843379999954, 0.0 ], [ 113.187756600000057, -7.78718789999995, 0.0 ], [ 113.188037400000113, -7.787346119999896, 0.0 ], [ 113.188245480000091, -7.787460059999908, 0.0 ], [ 113.188269960000071, -7.78747355999996, 0.0 ], [ 113.18854428000013, -7.78762718999997, 0.0 ], [ 113.188910040000096, -7.787856329999922, 0.0 ], [ 113.188850280000125, -7.787943809999966, 0.0 ], [ 113.188809600000056, -7.788108599999923, 0.0 ], [ 113.188683240000074, -7.788829769999907, 0.0 ], [ 113.18865768, -7.788980969999983, 0.0 ], [ 113.188549680000037, -7.789578299999935, 0.0 ], [ 113.188476240000085, -7.789990589999942, 0.0 ], [ 113.188320000000132, -7.790867009999982, 0.0 ], [ 113.188309200000035, -7.791024869999987, 0.0 ], [ 113.188274280000073, -7.79121656999995, 0.0 ], [ 113.18500368, -7.790681339999896, 0.0 ], [ 113.184882360000088, -7.791273, 0.0 ], [ 113.184862560000056, -7.791420419999941, 0.0 ], [ 113.184788040000015, -7.791985709999906, 0.0 ], [ 113.1847729200001, -7.792099289999978, 0.0 ], [ 113.184572400000121, -7.79327703, 0.0 ], [ 113.18448348000004, -7.79379785999992, 0.0 ], [ 113.184410040000088, -7.794229229999907, 0.0 ], [ 113.184394560000143, -7.794320219999975, 0.0 ], [ 113.184333360000053, -7.794721259999939, 0.0 ], [ 113.184219599999963, -7.795465559999972, 0.0 ], [ 113.184128160000128, -7.796170439999941, 0.0 ], [ 113.183929800000058, -7.79769765, 0.0 ], [ 113.183908560000077, -7.797826619999928, 0.0 ], [ 113.18382144000006, -7.798352580000014, 0.0 ], [ 113.183785800000052, -7.798540409999923, 0.0 ], [ 113.18372208000001, -7.798999949999931, 0.0 ], [ 113.183660520000075, -7.799296859999984, 0.0 ], [ 113.183494560000113, -7.800250049999892, 0.0 ], [ 113.18340132000003, -7.800751709999922, 0.0 ], [ 113.183380800000023, -7.800878249999911, 0.0 ], [ 113.183326799999989, -7.80121565999994, 0.0 ], [ 113.183238960000011, -7.801762769999911, 0.0 ], [ 113.183192160000132, -7.802054639999902, 0.0 ], [ 113.183060040000129, -7.802981999999894, 0.0 ], [ 113.182764840000033, -7.804808009999899, 0.0 ], [ 113.182721640000111, -7.80523119, 0.0 ], [ 113.182713, -7.80527366999997, 0.0 ], [ 113.182628400000112, -7.80568145999996, 0.0 ], [ 113.182402320000065, -7.806773249999967, 0.0 ], [ 113.182371000000131, -7.806925619999962, 0.0 ], [ 113.182308720000051, -7.80729497999997, 0.0 ], [ 113.18227056, -7.807522049999928, 0.0 ], [ 113.182264800000141, -7.807556249999916, 0.0 ], [ 113.182072920000081, -7.808579639999948, 0.0 ], [ 113.182010280000128, -7.809133859999974, 0.0 ], [ 113.181896880000082, -7.80970463999995, 0.0 ], [ 113.181759800884635, -7.810490980495956, 0.0 ], [ 113.180950003000163, -7.810403517999955, 0.0 ], [ 113.180462047000191, -7.810364462999921, 0.0 ], [ 113.179331139000055, -7.810231752999954, 0.0 ], [ 113.17858875200001, -7.810146562999922, 0.0 ], [ 113.178560451000067, -7.809618016999888, 0.0 ], [ 113.178512906000122, -7.80867854699996, 0.0 ], [ 113.178451817000138, -7.808183157999917, 0.0 ], [ 113.178419801000061, -7.807586397999923, 0.0 ], [ 113.178455826000018, -7.807557744999951, 0.0 ], [ 113.178487926000017, -7.807521609999892, 0.0 ], [ 113.178636472000136, -7.8071395539999, 0.0 ], [ 113.178681288000021, -7.807062052999882, 0.0 ], [ 113.178931057, -7.806627238999877, 0.0 ], [ 113.179118966, -7.806269561999947, 0.0 ], [ 113.179532118000083, -7.805489397999878, 0.0 ], [ 113.179791324000036, -7.805015583999932, 0.0 ], [ 113.180010940000088, -7.804502750999955, 0.0 ], [ 113.180123412000157, -7.804197879999954, 0.0 ], [ 113.180182764000179, -7.804012306999965, 0.0 ], [ 113.180318616000051, -7.80356090899992, 0.0 ], [ 113.180355155000058, -7.803342917999913, 0.0 ], [ 113.180376308000206, -7.803054874999884, 0.0 ], [ 113.180379886000054, -7.802908811999966, 0.0 ], [ 113.180391695000154, -7.802404189999958, 0.0 ], [ 113.180391435000033, -7.801647394999957, 0.0 ], [ 113.180432493000154, -7.801061285999957, 0.0 ], [ 113.180486110000146, -7.800720839999943, 0.0 ], [ 113.180507381000126, -7.800383452999917, 0.0 ], [ 113.180636721999988, -7.79975730399989, 0.0 ], [ 113.180689435000176, -7.799588574999873, 0.0 ], [ 113.180800218000016, -7.799159899999932, 0.0 ], [ 113.180761831000126, -7.798862493999927, 0.0 ], [ 113.180756245000026, -7.798822848999933, 0.0 ], [ 113.180781653000082, -7.798750146999868, 0.0 ], [ 113.180987402000056, -7.79804253899994, 0.0 ], [ 113.18120198800014, -7.797323949999903, 0.0 ], [ 113.181287439000101, -7.797026086999949, 0.0 ], [ 113.181417136000178, -7.796627499999921, 0.0 ], [ 113.181383435000043, -7.79657082799994, 0.0 ], [ 113.181408484000173, -7.796457640999989, 0.0 ], [ 113.18156269400005, -7.795856940999936, 0.0 ], [ 113.181721328000123, -7.795244739999909, 0.0 ], [ 113.181811988000064, -7.794899313999927, 0.0 ], [ 113.181894921000094, -7.794548142999915, 0.0 ], [ 113.182025626000069, -7.793969162999883, 0.0 ], [ 113.182183673000097, -7.793272555999888, 0.0 ], [ 113.182268652000104, -7.792970267999923, 0.0 ], [ 113.182534234000144, -7.792141611999927, 0.0 ], [ 113.182672082000096, -7.791729787999959, 0.0 ], [ 113.18288563500009, -7.791187615999952, 0.0 ], [ 113.183072162000158, -7.790665465999915, 0.0 ], [ 113.182912187000056, -7.790614595999969, 0.0 ], [ 113.182491963000203, -7.790502889999875, 0.0 ], [ 113.182411021272472, -7.79048528890214, 0.0 ], [ 113.183627040000061, -7.787575619999966, 0.0 ], [ 113.183766, -7.787243789999955, 0.0 ], [ 113.183820000000125, -7.787090429999967, 0.0 ], [ 113.184516960000153, -7.78548671999997, 0.0 ], [ 113.184564840000021, -7.785509849999929, 0.0 ], [ 113.185165680000082, -7.785831149999957, 0.0 ], [ 113.185884240000036, -7.78620087, 0.0 ], [ 113.185978920000053, -7.786255949999934, 0.0 ], [ 113.186034, -7.786266749999939, 0.0 ], [ 113.186321280000044, -7.78640642999995, 0.0 ], [ 113.18712372, -7.786843379999954, 0.0 ] ] ] ] } },
{ "type": "Feature", "properties": { "KDPPUM": null, "NAMOBJ": "KEL. JREBENG LOR", "REMARK": "Wilayah Administrasi Keluruhan/Desa", "KDPBPS": null, "FCODE": null, "LUASWH": 0.0, "UUPP": null, "SRS_ID": null, "LCODE": "BA0020", "METADATA": null, "KDEBPS": null, "KDEPUM": null, "KDCBPS": null, "KDCPUM": null, "KDBBPS": null, "KDBPUM": null, "WADMKD": null, "WIADKD": null, "WADMKC": "WONOASIH", "WIADKC": null, "WADMKK": "KOTA PROBOLINGGO", "WIADKK": null, "WADMPR": "JAWA TIMUR", "WIADPR": null, "TIPADM": 0, "SHAPE_Leng": 0.11997866962000001, "SHAPE_Area": 0.00015744144 }, "geometry": { "type": "MultiPolygon", "coordinates": [ [ [ [ 113.218849440000085, -7.760753279999967, 0.0 ], [ 113.21894016000013, -7.760809079999966, 0.0 ], [ 113.219033400000029, -7.761654719999946, 0.0 ], [ 113.219041320000059, -7.762396499999948, 0.0 ], [ 113.218980120000055, -7.763037299999944, 0.0 ], [ 113.218944120000103, -7.764003809999977, 0.0 ], [ 113.218866720000094, -7.764980579999971, 0.0 ], [ 113.218809840000091, -7.765682039999923, 0.0 ], [ 113.218824240000131, -7.766430119999914, 0.0 ], [ 113.218863480000081, -7.767484649999947, 0.0 ], [ 113.2188174, -7.768083599999944, 0.0 ], [ 113.218812720000059, -7.768841579999954, 0.0 ], [ 113.218822800000098, -7.769365829999987, 0.0 ], [ 113.21896356000002, -7.77000275999993, 0.0 ], [ 113.219119080000013, -7.770588209999964, 0.0 ], [ 113.219168760000116, -7.770721139999949, 0.0 ], [ 113.219301600000094, -7.771073939999919, 0.0 ], [ 113.21927784, -7.771672439999968, 0.0 ], [ 113.219240040000074, -7.772379929999975, 0.0 ], [ 113.219202240000044, -7.772905079999905, 0.0 ], [ 113.219244000000131, -7.773588629999974, 0.0 ], [ 113.219301960000038, -7.774089659999952, 0.0 ], [ 113.21944380000005, -7.775129429999918, 0.0 ], [ 113.219675640000133, -7.775847719999931, 0.0 ], [ 113.219925840000059, -7.776194759999957, 0.0 ], [ 113.220334080000086, -7.77634532999998, 0.0 ], [ 113.22047808, -7.776398429999933, 0.0 ], [ 113.22121968000009, -7.776614429999952, 0.0 ], [ 113.222043360000029, -7.776748979999983, 0.0 ], [ 113.222796480000071, -7.776900809999933, 0.0 ], [ 113.223385440000044, -7.7770143, 0.0 ], [ 113.223898800000072, -7.777205909999953, 0.0 ], [ 113.224718520000039, -7.77730211999992, 0.0 ], [ 113.225109120000113, -7.777441709999923, 0.0 ], [ 113.225625360000109, -7.777604519999983, 0.0 ], [ 113.225835240000066, -7.777683629999956, 0.0 ], [ 113.225945760000059, -7.77775509, 0.0 ], [ 113.225894280000063, -7.778418029999969, 0.0 ], [ 113.226001920000087, -7.77917708999998, 0.0 ], [ 113.225891760000124, -7.77944781, 0.0 ], [ 113.225965920000036, -7.779638249999945, 0.0 ], [ 113.226371640000039, -7.779719969999956, 0.0 ], [ 113.226697080000051, -7.779785669999974, 0.0 ], [ 113.226892920000083, -7.779825179999957, 0.0 ], [ 113.227365600000113, -7.779899249999957, 0.0 ], [ 113.2280028, -7.779965039999983, 0.0 ], [ 113.228127, -7.779969719999926, 0.0 ], [ 113.228147160000034, -7.780443929999905, 0.0 ], [ 113.22818208, -7.781057729999887, 0.0 ], [ 113.228254800000059, -7.782143939999965, 0.0 ], [ 113.228289360000076, -7.782661349999966, 0.0 ], [ 113.22830664, -7.782927209999936, 0.0 ], [ 113.228042040000133, -7.78290336, 0.0 ], [ 113.227813080000018, -7.782886709999961, 0.0 ], [ 113.226815880000103, -7.782817679999933, 0.0 ], [ 113.2257391200001, -7.782829919999969, 0.0 ], [ 113.225588280000053, -7.782834419999986, 0.0 ], [ 113.225590800000091, -7.782894989999935, 0.0 ], [ 113.225592240000111, -7.7829399, 0.0 ], [ 113.225615280000071, -7.783557209999927, 0.0 ], [ 113.225726520000123, -7.78516766999995, 0.0 ], [ 113.225749560000082, -7.785653849999942, 0.0 ], [ 113.223888360000089, -7.78555124999998, 0.0 ], [ 113.223899880000062, -7.785497159999945, 0.0 ], [ 113.224022280000071, -7.78498541999997, 0.0 ], [ 113.224213800000015, -7.784198549999967, 0.0 ], [ 113.224281840000145, -7.783919099999938, 0.0 ], [ 113.224162320000019, -7.783889939999924, 0.0 ], [ 113.22405360000009, -7.783863389999947, 0.0 ], [ 113.223943800000058, -7.783836479999941, 0.0 ], [ 113.223956760000064, -7.78353911999994, 0.0 ], [ 113.223770280000096, -7.783490249999982, 0.0 ], [ 113.22371448, -7.78347566999993, 0.0 ], [ 113.22370044, -7.783285139999975, 0.0 ], [ 113.223652920000063, -7.782939449999972, 0.0 ], [ 113.223171240000084, -7.78289139, 0.0 ], [ 113.222939400000087, -7.78285007999995, 0.0 ], [ 113.222904840000069, -7.782844409999925, 0.0 ], [ 113.221873800000026, -7.782680609999961, 0.0 ], [ 113.221857960000051, -7.782790049999956, 0.0 ], [ 113.221855800000043, -7.782823619999892, 0.0 ], [ 113.221855440000013, -7.783004969999975, 0.0 ], [ 113.22169992000012, -7.78353228, 0.0 ], [ 113.221557720000078, -7.784147879999949, 0.0 ], [ 113.221431, -7.78456926, 0.0 ], [ 113.221431360000096, -7.784823149999955, 0.0 ], [ 113.221447200000085, -7.785151289999927, 0.0 ], [ 113.221382040000108, -7.785575369999933, 0.0 ], [ 113.221339560000061, -7.78578848999998, 0.0 ], [ 113.22120420000013, -7.786469789999952, 0.0 ], [ 113.221073519999976, -7.786975499999961, 0.0 ], [ 113.220918, -7.787466719999927, 0.0 ], [ 113.220905400000106, -7.787580569999932, 0.0 ], [ 113.220618480000084, -7.788829319999959, 0.0 ], [ 113.22038916000011, -7.789754789999972, 0.0 ], [ 113.220184680000074, -7.79062211999997, 0.0 ], [ 113.220033480000083, -7.79142447000001, 0.0 ], [ 113.219804160000109, -7.792177229999943, 0.0 ], [ 113.219642160000035, -7.792922249999947, 0.0 ], [ 113.219675280000018, -7.793468459999932, 0.0 ], [ 113.220408240000097, -7.793742149999929, 0.0 ], [ 113.221562400000025, -7.794024749999952, 0.0 ], [ 113.221335960000019, -7.795024379999973, 0.0 ], [ 113.221087200000042, -7.796138219999939, 0.0 ], [ 113.220847440000014, -7.797054689999918, 0.0 ], [ 113.220370800000097, -7.796944079999914, 0.0 ], [ 113.219964360000048, -7.796820779999926, 0.0 ], [ 113.219343, -7.796688749999927, 0.0 ], [ 113.219081640000013, -7.796607389999945, 0.0 ], [ 113.218842960000075, -7.797376349999976, 0.0 ], [ 113.218516800000089, -7.798073309999911, 0.0 ], [ 113.218344360000032, -7.798783409999956, 0.0 ], [ 113.218246800000131, -7.79938649999994, 0.0 ], [ 113.217976800000088, -7.800012, 0.0 ], [ 113.217802920000082, -7.800635789999923, 0.0 ], [ 113.217611400000052, -7.801186319999911, 0.0 ], [ 113.21741124, -7.801772129999975, 0.0 ], [ 113.217202800000081, -7.80244451999992, 0.0 ], [ 113.217075720000054, -7.80300665999998, 0.0 ], [ 113.216872320000093, -7.803774809999943, 0.0 ], [ 113.216722560000136, -7.804070009999943, 0.0 ], [ 113.216603760000083, -7.80430445999998, 0.0 ], [ 113.216394600000086, -7.804768949999954, 0.0 ], [ 113.216184720000129, -7.805095559999888, 0.0 ], [ 113.214840120000076, -7.80431066999996, 0.0 ], [ 113.214468600000075, -7.804063799999962, 0.0 ], [ 113.214049200000105, -7.803776519999907, 0.0 ], [ 113.213937240000078, -7.803715049999973, 0.0 ], [ 113.213644920000135, -7.803554129999981, 0.0 ], [ 113.213228760000078, -7.803314369999949, 0.0 ], [ 113.214056040000045, -7.800899489999981, 0.0 ], [ 113.215312440000076, -7.798564259999942, 0.0 ], [ 113.216331600000117, -7.795841489999901, 0.0 ], [ 113.215021200000052, -7.795226969999948, 0.0 ], [ 113.215432320000147, -7.793764019999962, 0.0 ], [ 113.215920120000092, -7.79246594999994, 0.0 ], [ 113.217129360000044, -7.792816859999931, 0.0 ], [ 113.217977160000032, -7.78999832999996, 0.0 ], [ 113.218011, -7.789425840000021, 0.0 ], [ 113.218066440000044, -7.789290209999901, 0.0 ], [ 113.218668720000139, -7.787117429999981, 0.0 ], [ 113.21878140000004, -7.786659779999951, 0.0 ], [ 113.219205120000112, -7.784939429999984, 0.0 ], [ 113.219322120000015, -7.784023139999931, 0.0 ], [ 113.219325, -7.783930709999922, 0.0 ], [ 113.219330400000089, -7.783733699999964, 0.0 ], [ 113.219268840000055, -7.783467029999926, 0.0 ], [ 113.219076960000081, -7.78320980999996, 0.0 ], [ 113.21897148000005, -7.783062929999975, 0.0 ], [ 113.218936200000059, -7.782837029999936, 0.0 ], [ 113.219016120000106, -7.781712389999964, 0.0 ], [ 113.219064720000034, -7.781105519999933, 0.0 ], [ 113.219072280000134, -7.78093802999993, 0.0 ], [ 113.218973280000114, -7.780240079999913, 0.0 ], [ 113.218849800000015, -7.779801779999975, 0.0 ], [ 113.218745040000059, -7.779667679999893, 0.0 ], [ 113.218401240000034, -7.779228929999917, 0.0 ], [ 113.218349400000093, -7.77916350000001, 0.0 ], [ 113.21836452, -7.778943629999937, 0.0 ], [ 113.218199280000022, -7.778816009999947, 0.0 ], [ 113.218120800000094, -7.778755259999983, 0.0 ], [ 113.21779104000008, -7.778464649999918, 0.0 ], [ 113.217706440000015, -7.778337299999951, 0.0 ], [ 113.217670440000049, -7.778126519999919, 0.0 ], [ 113.217726600000077, -7.777593, 0.0 ], [ 113.217781680000016, -7.77725478, 0.0 ], [ 113.217784200000139, -7.776984869999961, 0.0 ], [ 113.217748200000088, -7.776798659999919, 0.0 ], [ 113.217624000000114, -7.776160199999939, 0.0 ], [ 113.217582960000101, -7.775880389999969, 0.0 ], [ 113.217207480000113, -7.775066789999887, 0.0 ], [ 113.216778720000079, -7.774962029999923, 0.0 ], [ 113.216981040000036, -7.773488459999946, 0.0 ], [ 113.216988600000036, -7.773209549999962, 0.0 ], [ 113.216711040000078, -7.772876549999943, 0.0 ], [ 113.21670816000001, -7.77281615999992, 0.0 ], [ 113.216720760000072, -7.772750459999902, 0.0 ], [ 113.216747040000115, -7.772575859999932, 0.0 ], [ 113.216771880000039, -7.772416829999919, 0.0 ], [ 113.216781600000132, -7.77225141, 0.0 ], [ 113.216783760000141, -7.772212619999987, 0.0 ], [ 113.21683812000002, -7.771369499999949, 0.0 ], [ 113.216827320000107, -7.771096349999908, 0.0 ], [ 113.216731920000029, -7.770839579999979, 0.0 ], [ 113.216700600000095, -7.77037824, 0.0 ], [ 113.216847480000084, -7.769186279999964, 0.0 ], [ 113.217168960000123, -7.76823021, 0.0 ], [ 113.217116760000067, -7.767022409999981, 0.0 ], [ 113.217122160000073, -7.766454689999904, 0.0 ], [ 113.217144480000144, -7.765448489999962, 0.0 ], [ 113.217182280000074, -7.764747479999958, 0.0 ], [ 113.217289920000098, -7.764025859999936, 0.0 ], [ 113.217337800000152, -7.76367953999997, 0.0 ], [ 113.217483600000051, -7.763081939999907, 0.0 ], [ 113.217602400000018, -7.762587209999918, 0.0 ], [ 113.217673320000017, -7.762288409999975, 0.0 ], [ 113.217802200000023, -7.761822209999949, 0.0 ], [ 113.217840720000012, -7.761488939999907, 0.0 ], [ 113.217834600000046, -7.76117241, 0.0 ], [ 113.218067160000018, -7.760918519999962, 0.0 ], [ 113.218260120000082, -7.76079333, 0.0 ], [ 113.218482960000046, -7.760693159999967, 0.0 ], [ 113.218720560000079, -7.760723759999923, 0.0 ], [ 113.218849440000085, -7.760753279999967, 0.0 ] ] ] ] } },
{ "type": "Feature", "properties": { "KDPPUM": null, "NAMOBJ": "KEL. KEBONSARI WETAN", "REMARK": "Wilayah Administrasi Keluruhan/Desa", "KDPBPS": null, "FCODE": null, "LUASWH": 0.0, "UUPP": null, "SRS_ID": null, "LCODE": "BA0020", "METADATA": null, "KDEBPS": null, "KDEPUM": null, "KDCBPS": null, "KDCPUM": null, "KDBBPS": null, "KDBPUM": null, "WADMKD": null, "WIADKD": null, "WADMKC": "MAYANGAN", "WIADKC": null, "WADMKK": "KOTA PROBOLINGGO", "WIADKK": null, "WADMPR": "JAWA TIMUR", "WIADPR": null, "TIPADM": 0, "SHAPE_Leng": 0.05445903758, "SHAPE_Area": 8.88496e-05 }, "geometry": { "type": "MultiPolygon", "coordinates": [ [ [ [ 113.22499932000008, -7.768906289999979, 0.0 ], [ 113.226138360000093, -7.768518479999955, 0.0 ], [ 113.226158880000099, -7.768995479999987, 0.0 ], [ 113.226170760000016, -7.769476169999969, 0.0 ], [ 113.22618876, -7.77112046999995, 0.0 ], [ 113.227907040000062, -7.771643549999975, 0.0 ], [ 113.22788688, -7.772482169999908, 0.0 ], [ 113.227860240000012, -7.773831539999911, 0.0 ], [ 113.227836119999964, -7.776048779999957, 0.0 ], [ 113.227867800000013, -7.776461159999972, 0.0 ], [ 113.227876800000132, -7.776539099999937, 0.0 ], [ 113.227894080000056, -7.776713069999943, 0.0 ], [ 113.22790992000013, -7.776881819999961, 0.0 ], [ 113.2279246800001, -7.777002959999948, 0.0 ], [ 113.227944840000077, -7.777266119999961, 0.0 ], [ 113.227974360000033, -7.777484819999938, 0.0 ], [ 113.227999200000141, -7.777777769999929, 0.0 ], [ 113.228092799999985, -7.779361859999902, 0.0 ], [ 113.228122680000055, -7.779870359999965, 0.0 ], [ 113.228127, -7.779969719999926, 0.0 ], [ 113.2280028, -7.779965039999983, 0.0 ], [ 113.227365600000113, -7.779899249999957, 0.0 ], [ 113.226892920000083, -7.779825179999957, 0.0 ], [ 113.226697080000051, -7.779785669999974, 0.0 ], [ 113.226371640000039, -7.779719969999956, 0.0 ], [ 113.225965920000036, -7.779638249999945, 0.0 ], [ 113.225891760000124, -7.77944781, 0.0 ], [ 113.226001920000087, -7.77917708999998, 0.0 ], [ 113.225894280000063, -7.778418029999969, 0.0 ], [ 113.225945760000059, -7.77775509, 0.0 ], [ 113.225835240000066, -7.777683629999956, 0.0 ], [ 113.225625360000109, -7.777604519999983, 0.0 ], [ 113.225109120000113, -7.777441709999923, 0.0 ], [ 113.224718520000039, -7.77730211999992, 0.0 ], [ 113.223898800000072, -7.777205909999953, 0.0 ], [ 113.223385440000044, -7.7770143, 0.0 ], [ 113.222796480000071, -7.776900809999933, 0.0 ], [ 113.222043360000029, -7.776748979999983, 0.0 ], [ 113.22121968000009, -7.776614429999952, 0.0 ], [ 113.22047808, -7.776398429999933, 0.0 ], [ 113.220334080000086, -7.77634532999998, 0.0 ], [ 113.219925840000059, -7.776194759999957, 0.0 ], [ 113.219675640000133, -7.775847719999931, 0.0 ], [ 113.21944380000005, -7.775129429999918, 0.0 ], [ 113.219301960000038, -7.774089659999952, 0.0 ], [ 113.219244000000131, -7.773588629999974, 0.0 ], [ 113.219202240000044, -7.772905079999905, 0.0 ], [ 113.219240040000074, -7.772379929999975, 0.0 ], [ 113.21927784, -7.771672439999968, 0.0 ], [ 113.219301600000094, -7.771073939999919, 0.0 ], [ 113.219168760000116, -7.770721139999949, 0.0 ], [ 113.219119080000013, -7.770588209999964, 0.0 ], [ 113.21896356000002, -7.77000275999993, 0.0 ], [ 113.218822800000098, -7.769365829999987, 0.0 ], [ 113.218812720000059, -7.768841579999954, 0.0 ], [ 113.2188174, -7.768083599999944, 0.0 ], [ 113.218863480000081, -7.767484649999947, 0.0 ], [ 113.218824240000131, -7.766430119999914, 0.0 ], [ 113.218809840000091, -7.765682039999923, 0.0 ], [ 113.218866720000094, -7.764980579999971, 0.0 ], [ 113.218944120000103, -7.764003809999977, 0.0 ], [ 113.218980120000055, -7.763037299999944, 0.0 ], [ 113.219041320000059, -7.762396499999948, 0.0 ], [ 113.219033400000029, -7.761654719999946, 0.0 ], [ 113.21894016000013, -7.760809079999966, 0.0 ], [ 113.218849440000085, -7.760753279999967, 0.0 ], [ 113.220372960000105, -7.76103848999994, 0.0 ], [ 113.22056484000008, -7.761072419999905, 0.0 ], [ 113.221632600000049, -7.761253679999982, 0.0 ], [ 113.221549800000048, -7.761721589999972, 0.0 ], [ 113.22131004, -7.763267969999934, 0.0 ], [ 113.221038600000028, -7.764705539999952, 0.0 ], [ 113.220908640000104, -7.765786529999954, 0.0 ], [ 113.220821880000031, -7.766820449999969, 0.0 ], [ 113.220757800000143, -7.768378799999944, 0.0 ], [ 113.220769320000031, -7.768470959999931, 0.0 ], [ 113.222699640000059, -7.768759049999964, 0.0 ], [ 113.223603600000061, -7.768952369999973, 0.0 ], [ 113.223880440000059, -7.76881898999995, 0.0 ], [ 113.224064760000033, -7.76877552, 0.0 ], [ 113.224273200000042, -7.768798379999932, 0.0 ], [ 113.224461840000117, -7.768890719999934, 0.0 ], [ 113.22499932000008, -7.768906289999979, 0.0 ] ] ] ] } },
{ "type": "Feature", "properties": { "KDPPUM": null, "NAMOBJ": "POHSANGIT KIDUL", "REMARK": "Wilayah Administrasi Keluruhan/Desa", "KDPBPS": null, "FCODE": null, "LUASWH": 0.0, "UUPP": null, "SRS_ID": null, "LCODE": "BA0020", "METADATA": null, "KDEBPS": null, "KDEPUM": null, "KDCBPS": null, "KDCPUM": null, "KDBBPS": null, "KDBPUM": null, "WADMKD": null, "WIADKD": null, "WADMKC": "KADEMANGAN", "WIADKC": null, "WADMKK": "KOTA PROBOLINGGO", "WIADKK": null, "WADMPR": "JAWA TIMUR", "WIADPR": null, "TIPADM": 0, "SHAPE_Leng": 0.03730212322, "SHAPE_Area": 6.497668e-05 }, "geometry": { "type": "MultiPolygon", "coordinates": [ [ [ [ 113.191665840000027, -7.774069679999986, 0.0 ], [ 113.192264160000065, -7.774203869999987, 0.0 ], [ 113.192678520000072, -7.774413389999914, 0.0 ], [ 113.193005759999963, -7.77474612, 0.0 ], [ 113.193380519999977, -7.775234639999919, 0.0 ], [ 113.193670680000096, -7.775644859999932, 0.0 ], [ 113.193980280000034, -7.776064259999906, 0.0 ], [ 113.194150560000011, -7.776246509999975, 0.0 ], [ 113.1944587200001, -7.776445319999905, 0.0 ], [ 113.194748520000104, -7.776497339999946, 0.0 ], [ 113.194362240000018, -7.778260439999897, 0.0 ], [ 113.193979200000044, -7.77999735, 0.0 ], [ 113.193959760000112, -7.780078799999981, 0.0 ], [ 113.193739800000131, -7.781089769999962, 0.0 ], [ 113.1933744, -7.782097679999957, 0.0 ], [ 113.193160920000096, -7.782837299999958, 0.0 ], [ 113.19292368, -7.783660529999949, 0.0 ], [ 113.192614800000129, -7.784453159999984, 0.0 ], [ 113.192489160000036, -7.785085589999909, 0.0 ], [ 113.192331840000065, -7.78557140999996, 0.0 ], [ 113.192290440000107, -7.785581849999936, 0.0 ], [ 113.192198639999972, -7.786494989999905, 0.0 ], [ 113.192010360000026, -7.787195819999983, 0.0 ], [ 113.19185556, -7.787825549999951, 0.0 ], [ 113.191808040000069, -7.788360509999983, 0.0 ], [ 113.191694280000078, -7.788771989999923, 0.0 ], [ 113.191588080000088, -7.78926339, 0.0 ], [ 113.191572240000013, -7.789361849999967, 0.0 ], [ 113.19154704000006, -7.78951782, 0.0 ], [ 113.19064092000005, -7.788941279999985, 0.0 ], [ 113.19046416, -7.788828689999907, 0.0 ], [ 113.189038920000016, -7.787937149999948, 0.0 ], [ 113.188910040000096, -7.787856329999922, 0.0 ], [ 113.18854428000013, -7.78762718999997, 0.0 ], [ 113.188269960000071, -7.78747355999996, 0.0 ], [ 113.188245480000091, -7.787460059999908, 0.0 ], [ 113.188037400000113, -7.787346119999896, 0.0 ], [ 113.187756600000057, -7.78718789999995, 0.0 ], [ 113.18712372, -7.786843379999954, 0.0 ], [ 113.187178800000126, -7.786744649999957, 0.0 ], [ 113.187202200000101, -7.78670541, 0.0 ], [ 113.18733936, -7.786428029999961, 0.0 ], [ 113.187442680000103, -7.786098539999966, 0.0 ], [ 113.18765292, -7.78525676999995, 0.0 ], [ 113.188104000000109, -7.783844850000012, 0.0 ], [ 113.188580280000082, -7.781417459999986, 0.0 ], [ 113.188783320000098, -7.780577849999972, 0.0 ], [ 113.1890022, -7.779670739999968, 0.0 ], [ 113.189716440000126, -7.777292129999982, 0.0 ], [ 113.189898600000092, -7.77668417999995, 0.0 ], [ 113.190151680000071, -7.77522591, 0.0 ], [ 113.190362280000087, -7.774009919999926, 0.0 ], [ 113.191665840000027, -7.774069679999986, 0.0 ] ] ] ] } },
{ "type": "Feature", "properties": { "KDPPUM": null, "NAMOBJ": "JANGUR", "REMARK": "Wilayah Administrasi Keluruhan/Desa", "KDPBPS": null, "FCODE": null, "LUASWH": 0.0, "UUPP": null, "SRS_ID": null, "LCODE": "BA0020", "METADATA": null, "KDEBPS": null, "KDEPUM": null, "KDCBPS": null, "KDCPUM": null, "KDBBPS": null, "KDBPUM": null, "WADMKD": null, "WIADKD": null, "WADMKC": "SUMBERASIH", "WIADKC": null, "WADMKK": "PROBOLINGGO", "WIADKK": null, "WADMPR": "JAWA TIMUR", "WIADPR": null, "TIPADM": 0, "SHAPE_Leng": 0.07079714043, "SHAPE_Area": 0.00012583322 }, "geometry": { "type": "MultiPolygon", "coordinates": [ [ [ [ 113.164603920000104, -7.776981449999944, 0.0 ], [ 113.164413128172086, -7.777577587738939, 0.0 ], [ 113.164428990000104, -7.777520130999928, 0.0 ], [ 113.164741899933446, -7.776488700958996, 0.0 ], [ 113.164603920000104, -7.776981449999944, 0.0 ] ] ], [ [ [ 113.165389120922697, -7.774327481873346, 0.0 ], [ 113.165234177444916, -7.77484141773397, 0.0 ], [ 113.165267341000103, -7.774688366999928, 0.0 ], [ 113.165389120922697, -7.774327481873346, 0.0 ] ] ] ] } },
{ "type": "Feature", "properties": { "KDPPUM": null, "NAMOBJ": "KEL. CURAHGRINTING", "REMARK": "Wilayah Administrasi Keluruhan/Desa", "KDPBPS": null, "FCODE": null, "LUASWH": 0.0, "UUPP": null, "SRS_ID": null, "LCODE": "BA0020", "METADATA": null, "KDEBPS": null, "KDEPUM": null, "KDCBPS": null, "KDCPUM": null, "KDBBPS": null, "KDBPUM": null, "WADMKD": null, "WIADKD": null, "WADMKC": "MAYANGAN", "WIADKC": null, "WADMKK": "KOTA PROBOLINGGO", "WIADKK": null, "WADMPR": "JAWA TIMUR", "WIADPR": null, "TIPADM": 0, "SHAPE_Leng": 0.05860386337, "SHAPE_Area": 0.00011708264 }, "geometry": { "type": "MultiPolygon", "coordinates": [ [ [ [ 113.199129360000015, -7.754017679999905, 0.0 ], [ 113.19909696, -7.754362199999989, 0.0 ], [ 113.198987520000088, -7.754539049999966, 0.0 ], [ 113.198859360000057, -7.754627249999981, 0.0 ], [ 113.19863004, -7.754805449999893, 0.0 ], [ 113.198478120000132, -7.755004619999941, 0.0 ], [ 113.198391, -7.755250319999931, 0.0 ], [ 113.19826176, -7.755566489999978, 0.0 ], [ 113.198138640000025, -7.755748019999899, 0.0 ], [ 113.198100840000095, -7.755803100000016, 0.0 ], [ 113.197982040000028, -7.756030079999967, 0.0 ], [ 113.197401, -7.757530469999942, 0.0 ], [ 113.197181760000078, -7.758495539999945, 0.0 ], [ 113.197175279999982, -7.758524609999952, 0.0 ], [ 113.197158, -7.758840959999926, 0.0 ], [ 113.197182840000082, -7.759415609999955, 0.0 ], [ 113.1972775200001, -7.759604519999954, 0.0 ], [ 113.197548960000077, -7.760044260000011, 0.0 ], [ 113.197653, -7.76036006999994, 0.0 ], [ 113.19771132000001, -7.760937329999919, 0.0 ], [ 113.197663440000056, -7.761144059999971, 0.0 ], [ 113.197560840000094, -7.76125179, 0.0 ], [ 113.197320360000091, -7.761504149999922, 0.0 ], [ 113.197263840000033, -7.761730769999932, 0.0 ], [ 113.197057560000104, -7.762055579999984, 0.0 ], [ 113.19676740000007, -7.762427009999985, 0.0 ], [ 113.19653808000011, -7.762965479999952, 0.0 ], [ 113.196562200000059, -7.763142419999937, 0.0 ], [ 113.196650760000011, -7.76327687999996, 0.0 ], [ 113.197029480000083, -7.763677109999946, 0.0 ], [ 113.197136040000018, -7.763732099999967, 0.0 ], [ 113.197190400000082, -7.763840819999903, 0.0 ], [ 113.197172040000069, -7.763976179999911, 0.0 ], [ 113.19715296, -7.764064469999933, 0.0 ], [ 113.196980880000069, -7.764853949999974, 0.0 ], [ 113.197059359999983, -7.765313309999968, 0.0 ], [ 113.197151520000062, -7.765466489999941, 0.0 ], [ 113.197289760000132, -7.765540739999956, 0.0 ], [ 113.197800600000036, -7.76576124, 0.0 ], [ 113.198290560000075, -7.766131949999934, 0.0 ], [ 113.198517360000096, -7.766440109999941, 0.0 ], [ 113.198748839999979, -7.766829719999937, 0.0 ], [ 113.198757480000069, -7.767019889999951, 0.0 ], [ 113.198745240000122, -7.767481859999982, 0.0 ], [ 113.198757840000098, -7.767613709999967, 0.0 ], [ 113.199064920000097, -7.767778859999954, 0.0 ], [ 113.199272640000146, -7.767888569999972, 0.0 ], [ 113.199381360000089, -7.767944279999963, 0.0 ], [ 113.199789600000017, -7.768214549999943, 0.0 ], [ 113.199934320000011, -7.768564829999971, 0.0 ], [ 113.199742080000092, -7.769621879999946, 0.0 ], [ 113.199368760000112, -7.77078530999993, 0.0 ], [ 113.199267600000084, -7.77091275, 0.0 ], [ 113.199061320000069, -7.771173389999976, 0.0 ], [ 113.198959800000026, -7.77156552, 0.0 ], [ 113.198788080000114, -7.772473799999926, 0.0 ], [ 113.198743800000088, -7.772661, 0.0 ], [ 113.198657760000074, -7.77302316, 0.0 ], [ 113.198392080000119, -7.773562349999931, 0.0 ], [ 113.19839027999997, -7.773623369999918, 0.0 ], [ 113.198378400000053, -7.774010279999956, 0.0 ], [ 113.198330880000029, -7.77454209, 0.0 ], [ 113.197779000000111, -7.774882649999928, 0.0 ], [ 113.197234319999978, -7.775218620000015, 0.0 ], [ 113.196745800000059, -7.774975259999952, 0.0 ], [ 113.196362040000025, -7.77486752999992, 0.0 ], [ 113.196240360000075, -7.775036099999923, 0.0 ], [ 113.196081960000029, -7.775320590000014, 0.0 ], [ 113.195994480000067, -7.775766809999897, 0.0 ], [ 113.195954160000028, -7.776170459999989, 0.0 ], [ 113.195834280000142, -7.776438209999938, 0.0 ], [ 113.195576880000075, -7.776514529999947, 0.0 ], [ 113.19533460000001, -7.77663, 0.0 ], [ 113.194748520000104, -7.776497339999946, 0.0 ], [ 113.1944587200001, -7.776445319999905, 0.0 ], [ 113.194150560000011, -7.776246509999975, 0.0 ], [ 113.193980280000034, -7.776064259999906, 0.0 ], [ 113.193670680000096, -7.775644859999932, 0.0 ], [ 113.193380519999977, -7.775234639999919, 0.0 ], [ 113.193005759999963, -7.77474612, 0.0 ], [ 113.192678520000072, -7.774413389999914, 0.0 ], [ 113.192264160000065, -7.774203869999987, 0.0 ], [ 113.191665840000027, -7.774069679999986, 0.0 ], [ 113.191665840000027, -7.77261446999993, 0.0 ], [ 113.192209080000126, -7.770498389999904, 0.0 ], [ 113.192363520000114, -7.769526479999957, 0.0 ], [ 113.191665840000027, -7.769374829999933, 0.0 ], [ 113.191665840000027, -7.768855169999924, 0.0 ], [ 113.191666200000057, -7.768112669999951, 0.0 ], [ 113.192210880000104, -7.766081909999969, 0.0 ], [ 113.192334720000048, -7.765344, 0.0 ], [ 113.192567640000135, -7.763958, 0.0 ], [ 113.192862120000072, -7.762502519999927, 0.0 ], [ 113.193015840000086, -7.761820409999888, 0.0 ], [ 113.193093240000096, -7.761520889999886, 0.0 ], [ 113.193248040000114, -7.760863619999949, 0.0 ], [ 113.19327252, -7.76066408999996, 0.0 ], [ 113.193464760000111, -7.758931229999934, 0.0 ], [ 113.193498600000154, -7.75862928, 0.0 ], [ 113.193572760000066, -7.75819782, 0.0 ], [ 113.19378768, -7.756944839999981, 0.0 ], [ 113.19417936, -7.75399842, 0.0 ], [ 113.195588760000078, -7.75403837999993, 0.0 ], [ 113.195708280000105, -7.754040719999946, 0.0 ], [ 113.197306680000111, -7.754076449999971, 0.0 ], [ 113.197601880000107, -7.754046119999948, 0.0 ], [ 113.198537880000103, -7.754036669999966, 0.0 ], [ 113.198581080000039, -7.754036489999951, 0.0 ], [ 113.19889932, -7.754026679999939, 0.0 ], [ 113.199129360000015, -7.754017679999905, 0.0 ] ] ] ] } },
{ "type": "Feature", "properties": { "KDPPUM": null, "NAMOBJ": "JREBENG KULON", "REMARK": "Wilayah Administrasi Keluruhan/Desa", "KDPBPS": null, "FCODE": null, "LUASWH": 0.0, "UUPP": null, "SRS_ID": null, "LCODE": "BA0020", "METADATA": null, "KDEBPS": null, "KDEPUM": null, "KDCBPS": null, "KDCPUM": null, "KDBBPS": null, "KDBPUM": null, "WADMKD": null, "WIADKD": null, "WADMKC": "KADEMANGAN", "WIADKC": null, "WADMKK": "KOTA PROBOLINGGO", "WIADKK": null, "WADMPR": "JAWA TIMUR", "WIADPR": null, "TIPADM": 0, "SHAPE_Leng": 0.07740880928, "SHAPE_Area": 0.00012634267 }, "geometry": { "type": "MultiPolygon", "coordinates": [ [ [ [ 113.210003880000059, -7.774536419999968, 0.0 ], [ 113.209990560000023, -7.774752509999907, 0.0 ], [ 113.209955280000031, -7.775089379999979, 0.0 ], [ 113.20959240000002, -7.776898829999947, 0.0 ], [ 113.209189200000054, -7.77912372, 0.0 ], [ 113.208978240000107, -7.780411529999977, 0.0 ], [ 113.20896312, -7.780503329999934, 0.0 ], [ 113.208942240000056, -7.780605659999964, 0.0 ], [ 113.208927480000071, -7.780682699999943, 0.0 ], [ 113.20890588000006, -7.780777469999968, 0.0 ], [ 113.208885360000053, -7.780867379999947, 0.0 ], [ 113.208737399999976, -7.781520059999949, 0.0 ], [ 113.20864524, -7.78214223, 0.0 ], [ 113.208653520000055, -7.782287669999956, 0.0 ], [ 113.20867764, -7.782524459999919, 0.0 ], [ 113.208776640000124, -7.782713369999918, 0.0 ], [ 113.20872948000013, -7.783553339999962, 0.0 ], [ 113.208607440000065, -7.784694179999942, 0.0 ], [ 113.209361280000081, -7.784894069999961, 0.0 ], [ 113.210082360000158, -7.785040139999968, 0.0 ], [ 113.210154000000131, -7.785758339999973, 0.0 ], [ 113.210067600000087, -7.786767329999968, 0.0 ], [ 113.210029080000012, -7.787436389999904, 0.0 ], [ 113.209993800000021, -7.78825574999993, 0.0 ], [ 113.209857720000045, -7.789013099999977, 0.0 ], [ 113.20970904, -7.78936428, 0.0 ], [ 113.209526520000082, -7.789467149999975, 0.0 ], [ 113.20870032000002, -7.78953411, 0.0 ], [ 113.2080786, -7.789552469999929, 0.0 ], [ 113.207380200000131, -7.789578659999965, 0.0 ], [ 113.206555800000046, -7.789568849999952, 0.0 ], [ 113.206007160000027, -7.789550489999943, 0.0 ], [ 113.206012560000119, -7.789627169999982, 0.0 ], [ 113.205378599999989, -7.789546529999971, 0.0 ], [ 113.204464200000089, -7.789506479999943, 0.0 ], [ 113.203835640000037, -7.789512149999968, 0.0 ], [ 113.20377192, -7.786551239999941, 0.0 ], [ 113.203756439999964, -7.785913049999984, 0.0 ], [ 113.20317936, -7.785824939999976, 0.0 ], [ 113.203128599999985, -7.785818099999943, 0.0 ], [ 113.203180080000067, -7.784360459999952, 0.0 ], [ 113.203180440000096, -7.782816239999903, 0.0 ], [ 113.203916640000074, -7.782299189999932, 0.0 ], [ 113.204298240000028, -7.782033059999939, 0.0 ], [ 113.204539800000035, -7.781120099999985, 0.0 ], [ 113.204985120000018, -7.77822516, 0.0 ], [ 113.20493004, -7.777967039999957, 0.0 ], [ 113.205702960000082, -7.777285379999956, 0.0 ], [ 113.205852360000108, -7.776036089999973, 0.0 ], [ 113.206447800000078, -7.776124109999973, 0.0 ], [ 113.206755240000021, -7.77461372999997, 0.0 ], [ 113.206915080000016, -7.774003439999923, 0.0 ], [ 113.206671, -7.773932249999984, 0.0 ], [ 113.206708080000112, -7.773430139999917, 0.0 ], [ 113.205863160000021, -7.773187680000017, 0.0 ], [ 113.205024720000097, -7.773649739999968, 0.0 ], [ 113.204682360000106, -7.774461, 0.0 ], [ 113.204640600000033, -7.774728209999939, 0.0 ], [ 113.204389680000048, -7.77579273, 0.0 ], [ 113.204266560000079, -7.776446399999905, 0.0 ], [ 113.204201760000046, -7.77665006999997, 0.0 ], [ 113.204140200000097, -7.776843569999905, 0.0 ], [ 113.202627480000089, -7.776548189999978, 0.0 ], [ 113.202199440000101, -7.778283299999924, 0.0 ], [ 113.201688960000055, -7.780172219999983, 0.0 ], [ 113.201205480000112, -7.780016249999957, 0.0 ], [ 113.200449840000033, -7.779818789999961, 0.0 ], [ 113.200063200000017, -7.779739949999922, 0.0 ], [ 113.20004268, -7.779678209999965, 0.0 ], [ 113.19993648, -7.779588749999935, 0.0 ], [ 113.199671160000079, -7.779493799999983, 0.0 ], [ 113.198913, -7.779228209999946, 0.0 ], [ 113.198770440000075, -7.779186809999985, 0.0 ], [ 113.198812920000037, -7.778974049999967, 0.0 ], [ 113.198931, -7.778533229999908, 0.0 ], [ 113.198996160000092, -7.778289870000023, 0.0 ], [ 113.199110280000042, -7.777853099999945, 0.0 ], [ 113.199118920000046, -7.777818719999942, 0.0 ], [ 113.199225480000152, -7.77739122, 0.0 ], [ 113.199252840000113, -7.777282769999918, 0.0 ], [ 113.19951672, -7.776465930000011, 0.0 ], [ 113.199621120000117, -7.77602960999997, 0.0 ], [ 113.199588, -7.775896229999947, 0.0 ], [ 113.199444360000058, -7.775637029999906, 0.0 ], [ 113.197779000000111, -7.774882649999928, 0.0 ], [ 113.198330880000029, -7.77454209, 0.0 ], [ 113.198378400000053, -7.774010279999956, 0.0 ], [ 113.19839027999997, -7.773623369999918, 0.0 ], [ 113.198392080000119, -7.773562349999931, 0.0 ], [ 113.198657760000074, -7.77302316, 0.0 ], [ 113.198743800000088, -7.772661, 0.0 ], [ 113.198788080000114, -7.772473799999926, 0.0 ], [ 113.198959800000026, -7.77156552, 0.0 ], [ 113.199061320000069, -7.771173389999976, 0.0 ], [ 113.199412320000064, -7.770914099999928, 0.0 ], [ 113.19985296000003, -7.771145489999977, 0.0 ], [ 113.200991280000068, -7.771318829999931, 0.0 ], [ 113.201481600000037, -7.771466159999953, 0.0 ], [ 113.202005759999977, -7.771555259999953, 0.0 ], [ 113.202481320000075, -7.771597289999967, 0.0 ], [ 113.203065240000157, -7.771618169999918, 0.0 ], [ 113.203664280000069, -7.771597109999952, 0.0 ], [ 113.204183760000063, -7.77160314, 0.0 ], [ 113.204601360000069, -7.771643189999946, 0.0 ], [ 113.205282480000022, -7.771716449999968, 0.0 ], [ 113.20595316, -7.771676849999977, 0.0 ], [ 113.206003200000055, -7.77167388, 0.0 ], [ 113.206233960000063, -7.77168261000001, 0.0 ], [ 113.206510440000102, -7.771692959999978, 0.0 ], [ 113.207049, -7.771692329999926, 0.0 ], [ 113.208018120000062, -7.771737689999949, 0.0 ], [ 113.208429240000058, -7.771765049999903, 0.0 ], [ 113.209243200000088, -7.772075639999933, 0.0 ], [ 113.209435440000092, -7.772414129999962, 0.0 ], [ 113.209466400000082, -7.772848469999929, 0.0 ], [ 113.209457040000103, -7.774455059999987, 0.0 ], [ 113.209707600000144, -7.774492229999954, 0.0 ], [ 113.210003880000059, -7.774536419999968, 0.0 ] ] ] ] } },
{ "type": "Feature", "properties": { "KDPPUM": null, "NAMOBJ": "KEL. KANIGARAN", "REMARK": "Wilayah Administrasi Keluruhan/Desa", "KDPBPS": null, "FCODE": null, "LUASWH": 0.0, "UUPP": null, "SRS_ID": null, "LCODE": "BA0020", "METADATA": null, "KDEBPS": null, "KDEPUM": null, "KDCBPS": null, "KDCPUM": null, "KDBBPS": null, "KDBPUM": null, "WADMKD": null, "WIADKD": null, "WADMKC": "MAYANGAN", "WIADKC": null, "WADMKK": "KOTA PROBOLINGGO", "WIADKK": null, "WADMPR": "JAWA TIMUR", "WIADPR": null, "TIPADM": 0, "SHAPE_Leng": 0.07503948124, "SHAPE_Area": 0.00026183331 }, "geometry": { "type": "MultiPolygon", "coordinates": [ [ [ [ 113.212101960000012, -7.760201489999965, 0.0 ], [ 113.212386360000096, -7.760299409999984, 0.0 ], [ 113.213076840000113, -7.760537099999933, 0.0 ], [ 113.213649240000137, -7.760796299999974, 0.0 ], [ 113.213879279999986, -7.760852279999899, 0.0 ], [ 113.21432712, -7.76102786999995, 0.0 ], [ 113.217834600000046, -7.76117241, 0.0 ], [ 113.217840720000012, -7.761488939999907, 0.0 ], [ 113.217802200000023, -7.761822209999949, 0.0 ], [ 113.217673320000017, -7.762288409999975, 0.0 ], [ 113.217602400000018, -7.762587209999918, 0.0 ], [ 113.217483600000051, -7.763081939999907, 0.0 ], [ 113.217337800000152, -7.76367953999997, 0.0 ], [ 113.217289920000098, -7.764025859999936, 0.0 ], [ 113.217182280000074, -7.764747479999958, 0.0 ], [ 113.217144480000144, -7.765448489999962, 0.0 ], [ 113.217122160000073, -7.766454689999904, 0.0 ], [ 113.217116760000067, -7.767022409999981, 0.0 ], [ 113.217168960000123, -7.76823021, 0.0 ], [ 113.216847480000084, -7.769186279999964, 0.0 ], [ 113.216700600000095, -7.77037824, 0.0 ], [ 113.216731920000029, -7.770839579999979, 0.0 ], [ 113.216827320000107, -7.771096349999908, 0.0 ], [ 113.21683812000002, -7.771369499999949, 0.0 ], [ 113.216783760000141, -7.772212619999987, 0.0 ], [ 113.216781600000132, -7.77225141, 0.0 ], [ 113.216771880000039, -7.772416829999919, 0.0 ], [ 113.216747040000115, -7.772575859999932, 0.0 ], [ 113.216720760000072, -7.772750459999902, 0.0 ], [ 113.21670816000001, -7.77281615999992, 0.0 ], [ 113.216711040000078, -7.772876549999943, 0.0 ], [ 113.216988600000036, -7.773209549999962, 0.0 ], [ 113.216981040000036, -7.773488459999946, 0.0 ], [ 113.216778720000079, -7.774962029999923, 0.0 ], [ 113.215402080000132, -7.774938629999941, 0.0 ], [ 113.213012400000025, -7.774898129999965, 0.0 ], [ 113.212967400000025, -7.774891739999969, 0.0 ], [ 113.211709920000075, -7.774746209999918, 0.0 ], [ 113.210854200000071, -7.774634789999936, 0.0 ], [ 113.210334360000047, -7.774572419999927, 0.0 ], [ 113.210003880000059, -7.774536419999968, 0.0 ], [ 113.209707600000144, -7.774492229999954, 0.0 ], [ 113.209457040000103, -7.774455059999987, 0.0 ], [ 113.209466400000082, -7.772848469999929, 0.0 ], [ 113.209435440000092, -7.772414129999962, 0.0 ], [ 113.209243200000088, -7.772075639999933, 0.0 ], [ 113.208429240000058, -7.771765049999903, 0.0 ], [ 113.208018120000062, -7.771737689999949, 0.0 ], [ 113.207049, -7.771692329999926, 0.0 ], [ 113.206510440000102, -7.771692959999978, 0.0 ], [ 113.206233960000063, -7.77168261000001, 0.0 ], [ 113.206003200000055, -7.77167388, 0.0 ], [ 113.20595316, -7.771676849999977, 0.0 ], [ 113.205282480000022, -7.771716449999968, 0.0 ], [ 113.204601360000069, -7.771643189999946, 0.0 ], [ 113.204183760000063, -7.77160314, 0.0 ], [ 113.203664280000069, -7.771597109999952, 0.0 ], [ 113.203065240000157, -7.771618169999918, 0.0 ], [ 113.202481320000075, -7.771597289999967, 0.0 ], [ 113.202005759999977, -7.771555259999953, 0.0 ], [ 113.201481600000037, -7.771466159999953, 0.0 ], [ 113.200991280000068, -7.771318829999931, 0.0 ], [ 113.19985296000003, -7.771145489999977, 0.0 ], [ 113.199412320000064, -7.770914099999928, 0.0 ], [ 113.199061320000069, -7.771173389999976, 0.0 ], [ 113.199267600000084, -7.77091275, 0.0 ], [ 113.199368760000112, -7.77078530999993, 0.0 ], [ 113.199742080000092, -7.769621879999946, 0.0 ], [ 113.199934320000011, -7.768564829999971, 0.0 ], [ 113.199789600000017, -7.768214549999943, 0.0 ], [ 113.199381360000089, -7.767944279999963, 0.0 ], [ 113.199272640000146, -7.767888569999972, 0.0 ], [ 113.199064920000097, -7.767778859999954, 0.0 ], [ 113.198757840000098, -7.767613709999967, 0.0 ], [ 113.198745240000122, -7.767481859999982, 0.0 ], [ 113.198757480000069, -7.767019889999951, 0.0 ], [ 113.198748839999979, -7.766829719999937, 0.0 ], [ 113.198517360000096, -7.766440109999941, 0.0 ], [ 113.198290560000075, -7.766131949999934, 0.0 ], [ 113.197800600000036, -7.76576124, 0.0 ], [ 113.197289760000132, -7.765540739999956, 0.0 ], [ 113.197151520000062, -7.765466489999941, 0.0 ], [ 113.197059359999983, -7.765313309999968, 0.0 ], [ 113.196980880000069, -7.764853949999974, 0.0 ], [ 113.19715296, -7.764064469999933, 0.0 ], [ 113.197172040000069, -7.763976179999911, 0.0 ], [ 113.197190400000082, -7.763840819999903, 0.0 ], [ 113.197136040000018, -7.763732099999967, 0.0 ], [ 113.197029480000083, -7.763677109999946, 0.0 ], [ 113.196650760000011, -7.76327687999996, 0.0 ], [ 113.196562200000059, -7.763142419999937, 0.0 ], [ 113.19653808000011, -7.762965479999952, 0.0 ], [ 113.19676740000007, -7.762427009999985, 0.0 ], [ 113.197057560000104, -7.762055579999984, 0.0 ], [ 113.197263840000033, -7.761730769999932, 0.0 ], [ 113.197320360000091, -7.761504149999922, 0.0 ], [ 113.197560840000094, -7.76125179, 0.0 ], [ 113.197663440000056, -7.761144059999971, 0.0 ], [ 113.19771132000001, -7.760937329999919, 0.0 ], [ 113.197653, -7.76036006999994, 0.0 ], [ 113.197548960000077, -7.760044260000011, 0.0 ], [ 113.1972775200001, -7.759604519999954, 0.0 ], [ 113.197182840000082, -7.759415609999955, 0.0 ], [ 113.197158, -7.758840959999926, 0.0 ], [ 113.197175279999982, -7.758524609999952, 0.0 ], [ 113.197181760000078, -7.758495539999945, 0.0 ], [ 113.197401, -7.757530469999942, 0.0 ], [ 113.197982040000028, -7.756030079999967, 0.0 ], [ 113.198100840000095, -7.755803100000016, 0.0 ], [ 113.198138640000025, -7.755748019999899, 0.0 ], [ 113.198307480000054, -7.75586313, 0.0 ], [ 113.199194880000022, -7.755863759999972, 0.0 ], [ 113.20015068000005, -7.755864479999943, 0.0 ], [ 113.200277399999976, -7.755866459999929, 0.0 ], [ 113.20034904000012, -7.755861509999963, 0.0 ], [ 113.200417080000065, -7.755859529999977, 0.0 ], [ 113.201203320000104, -7.755820469999943, 0.0 ], [ 113.201351280000011, -7.756801379999924, 0.0 ], [ 113.20139412, -7.757046180000017, 0.0 ], [ 113.202049680000059, -7.75711998, 0.0 ], [ 113.202766800000063, -7.7573133, 0.0 ], [ 113.20263936, -7.758136439999898, 0.0 ], [ 113.202595080000066, -7.75848617999997, 0.0 ], [ 113.20335432, -7.75864277999996, 0.0 ], [ 113.203559520000113, -7.758686699999952, 0.0 ], [ 113.204165400000051, -7.758816300000017, 0.0 ], [ 113.204469960000125, -7.758872459999957, 0.0 ], [ 113.204797560000046, -7.75889909999994, 0.0 ], [ 113.205061440000037, -7.758998369999983, 0.0 ], [ 113.20546176000002, -7.75922517, 0.0 ], [ 113.205831840000087, -7.759371689999963, 0.0 ], [ 113.206219920000052, -7.759525409999981, 0.0 ], [ 113.206487399999972, -7.759622789999955, 0.0 ], [ 113.206763160000051, -7.75973808, 0.0 ], [ 113.207743080000128, -7.760106809999947, 0.0 ], [ 113.208567120000097, -7.760286269999963, 0.0 ], [ 113.20917264000002, -7.76041802999994, 0.0 ], [ 113.209215120000067, -7.760432519999895, 0.0 ], [ 113.210091720000037, -7.760630969999973, 0.0 ], [ 113.210309880000054, -7.760544659999937, 0.0 ], [ 113.210947440000055, -7.760231099999928, 0.0 ], [ 113.21142336, -7.760182679999918, 0.0 ], [ 113.2118625600001, -7.76015729999995, 0.0 ], [ 113.212019160000082, -7.760176469999937, 0.0 ], [ 113.212101960000012, -7.760201489999965, 0.0 ] ] ] ] } },
{ "type": "Feature", "properties": { "KDPPUM": null, "NAMOBJ": "KADEMANGAN", "REMARK": "Wilayah Administrasi Keluruhan/Desa", "KDPBPS": null, "FCODE": null, "LUASWH": 0.0, "UUPP": null, "SRS_ID": null, "LCODE": "BA0020", "METADATA": null, "KDEBPS": null, "KDEPUM": null, "KDCBPS": null, "KDCPUM": null, "KDBBPS": null, "KDBPUM": null, "WADMKD": null, "WIADKD": null, "WADMKC": "KADEMANGAN", "WIADKC": null, "WADMKK": "KOTA PROBOLINGGO", "WIADKK": null, "WADMPR": "JAWA TIMUR", "WIADPR": null, "TIPADM": 0, "SHAPE_Leng": 0.06381517492, "SHAPE_Area": 0.00016563281 }, "geometry": { "type": "MultiPolygon", "coordinates": [ [ [ [ 113.191665840000027, -7.77261446999993, 0.0 ], [ 113.191665840000027, -7.774069679999986, 0.0 ], [ 113.190362280000087, -7.774009919999926, 0.0 ], [ 113.190151680000071, -7.77522591, 0.0 ], [ 113.189898600000092, -7.77668417999995, 0.0 ], [ 113.189716440000126, -7.777292129999982, 0.0 ], [ 113.1890022, -7.779670739999968, 0.0 ], [ 113.188783320000098, -7.780577849999972, 0.0 ], [ 113.188580280000082, -7.781417459999986, 0.0 ], [ 113.188104000000109, -7.783844850000012, 0.0 ], [ 113.18765292, -7.78525676999995, 0.0 ], [ 113.187442680000103, -7.786098539999966, 0.0 ], [ 113.18733936, -7.786428029999961, 0.0 ], [ 113.187202200000101, -7.78670541, 0.0 ], [ 113.187178800000126, -7.786744649999957, 0.0 ], [ 113.18712372, -7.786843379999954, 0.0 ], [ 113.186321280000044, -7.78640642999995, 0.0 ], [ 113.186034, -7.786266749999939, 0.0 ], [ 113.185978920000053, -7.786255949999934, 0.0 ], [ 113.185884240000036, -7.78620087, 0.0 ], [ 113.185165680000082, -7.785831149999957, 0.0 ], [ 113.184564840000021, -7.785509849999929, 0.0 ], [ 113.184516960000153, -7.78548671999997, 0.0 ], [ 113.183820000000125, -7.787090429999967, 0.0 ], [ 113.183766, -7.787243789999955, 0.0 ], [ 113.183627040000061, -7.787575619999966, 0.0 ], [ 113.182411021272472, -7.79048528890214, 0.0 ], [ 113.182013710000064, -7.790398891999885, 0.0 ], [ 113.181642406000165, -7.790324256999927, 0.0 ], [ 113.181776903000099, -7.789221628999911, 0.0 ], [ 113.181760216000043, -7.78918881799995, 0.0 ], [ 113.181717621000161, -7.789160840999944, 0.0 ], [ 113.181620856000151, -7.789135491999978, 0.0 ], [ 113.18155947700005, -7.789117009999959, 0.0 ], [ 113.181453317000233, -7.789110507999865, 0.0 ], [ 113.181245758000202, -7.789092777999908, 0.0 ], [ 113.181106293000127, -7.789669091999897, 0.0 ], [ 113.180431022000207, -7.789490191999928, 0.0 ], [ 113.180528074000151, -7.788993264999934, 0.0 ], [ 113.180179068000058, -7.788908933999974, 0.0 ], [ 113.180092793000114, -7.788946702999901, 0.0 ], [ 113.180000646000209, -7.78894717699994, 0.0 ], [ 113.179992555999988, -7.789059191999883, 0.0 ], [ 113.17916800100015, -7.788945765999912, 0.0 ], [ 113.179118976, -7.788931648999988, 0.0 ], [ 113.178980005000227, -7.788808911999958, 0.0 ], [ 113.178929297000124, -7.788787482999872, 0.0 ], [ 113.178668582000128, -7.788737309999895, 0.0 ], [ 113.178555649000018, -7.788605943999951, 0.0 ], [ 113.178537689000137, -7.78860151699994, 0.0 ], [ 113.178490821000167, -7.78865769999997, 0.0 ], [ 113.178362806000237, -7.788644892999887, 0.0 ], [ 113.178169959000087, -7.788697397999968, 0.0 ], [ 113.177823961000058, -7.788645492999937, 0.0 ], [ 113.177682292000242, -7.788608173999958, 0.0 ], [ 113.177483288000118, -7.788553886999907, 0.0 ], [ 113.177300995000039, -7.788595221999952, 0.0 ], [ 113.177018104999988, -7.788477018999941, 0.0 ], [ 113.177525112000112, -7.787159732999928, 0.0 ], [ 113.177958598000188, -7.78606351899991, 0.0 ], [ 113.17823949600006, -7.785348205999878, 0.0 ], [ 113.178501635000174, -7.784690648999916, 0.0 ], [ 113.179031178000017, -7.783339085999909, 0.0 ], [ 113.179035257000095, -7.783303998999937, 0.0 ], [ 113.178666570000146, -7.7831994319999, 0.0 ], [ 113.177781837144721, -7.78298304254972, 0.0 ], [ 113.178434040000084, -7.779850019999969, 0.0 ], [ 113.178705480000076, -7.778818169999948, 0.0 ], [ 113.178971160000032, -7.777808729999915, 0.0 ], [ 113.178940200000042, -7.777010339999936, 0.0 ], [ 113.178945960000078, -7.776984779999953, 0.0 ], [ 113.17961412000011, -7.774335719999971, 0.0 ], [ 113.179738320000084, -7.77253634999995, 0.0 ], [ 113.180851440000083, -7.772982479999914, 0.0 ], [ 113.183195760000075, -7.77340943999998, 0.0 ], [ 113.184760680000068, -7.774336979999898, 0.0 ], [ 113.184832680000156, -7.77437207999996, 0.0 ], [ 113.185110600000058, -7.771353389999948, 0.0 ], [ 113.186748960000088, -7.7716836, 0.0 ], [ 113.188469040000115, -7.771949549999892, 0.0 ], [ 113.188562280000014, -7.771963949999929, 0.0 ], [ 113.189065920000118, -7.77206951999996, 0.0 ], [ 113.191665840000027, -7.77261446999993, 0.0 ] ] ] ] } },
{ "type": "Feature", "properties": { "KDPPUM": null, "NAMOBJ": "KEL. KEBONSARI KULON", "REMARK": "Wilayah Administrasi Keluruhan/Desa", "KDPBPS": null, "FCODE": null, "LUASWH": 0.0, "UUPP": null, "SRS_ID": null, "LCODE": "BA0020", "METADATA": null, "KDEBPS": null, "KDEPUM": null, "KDCBPS": null, "KDCPUM": null, "KDBBPS": null, "KDBPUM": null, "WADMKD": null, "WIADKD": null, "WADMKC": "MAYANGAN", "WIADKC": null, "WADMKK": "KOTA PROBOLINGGO", "WIADKK": null, "WADMPR": "JAWA TIMUR", "WIADPR": null, "TIPADM": 0, "SHAPE_Leng": 0.05376246551, "SHAPE_Area": 9.856138e-05 }, "geometry": { "type": "MultiPolygon", "coordinates": [ [ [ [ 113.21698932000001, -7.75387611, 0.0 ], [ 113.217151680000029, -7.75484072999997, 0.0 ], [ 113.217217920000095, -7.755283979999962, 0.0 ], [ 113.21731764, -7.755627509999965, 0.0 ], [ 113.217598080000016, -7.75617219, 0.0 ], [ 113.21830836000008, -7.75630097999991, 0.0 ], [ 113.218353000000121, -7.756307009999965, 0.0 ], [ 113.21867664, -7.756369019999944, 0.0 ], [ 113.218885800000066, -7.75642382999995, 0.0 ], [ 113.219105400000117, -7.756482059999971, 0.0 ], [ 113.219287200000068, -7.756529579999906, 0.0 ], [ 113.21954964000011, -7.75659797999997, 0.0 ], [ 113.219904240000048, -7.756702199999978, 0.0 ], [ 113.220083880000075, -7.756726769999968, 0.0 ], [ 113.220244800000074, -7.756673039999963, 0.0 ], [ 113.22233136000014, -7.756113959999979, 0.0 ], [ 113.223520080000085, -7.75664226, 0.0 ], [ 113.22394524, -7.756862669999933, 0.0 ], [ 113.224002840000054, -7.756894349999889, 0.0 ], [ 113.224201920000013, -7.757003159999922, 0.0 ], [ 113.224415760000028, -7.75709316, 0.0 ], [ 113.224453920000073, -7.757109269999908, 0.0 ], [ 113.224940280000084, -7.757328689999945, 0.0 ], [ 113.22567755999998, -7.757673839999903, 0.0 ], [ 113.226042240000041, -7.757883449999927, 0.0 ], [ 113.226079320000096, -7.757908739999976, 0.0 ], [ 113.226285600000111, -7.757990099999958, 0.0 ], [ 113.225712840000057, -7.75963655999994, 0.0 ], [ 113.225469120000056, -7.760134709999946, 0.0 ], [ 113.225301, -7.76047814999994, 0.0 ], [ 113.225294880000121, -7.760848769999964, 0.0 ], [ 113.225286960000076, -7.761341789999989, 0.0 ], [ 113.225252040000129, -7.761733559999897, 0.0 ], [ 113.225121360000145, -7.762381199999925, 0.0 ], [ 113.225013360000091, -7.763136930000016, 0.0 ], [ 113.22499932000008, -7.763235119999969, 0.0 ], [ 113.22529236, -7.763430149999941, 0.0 ], [ 113.22560916000009, -7.763642819999951, 0.0 ], [ 113.225258160000095, -7.765105139999974, 0.0 ], [ 113.225250960000039, -7.766669609999923, 0.0 ], [ 113.22499932000008, -7.768906289999979, 0.0 ], [ 113.224461840000117, -7.768890719999934, 0.0 ], [ 113.224273200000042, -7.768798379999932, 0.0 ], [ 113.224064760000033, -7.76877552, 0.0 ], [ 113.223880440000059, -7.76881898999995, 0.0 ], [ 113.223603600000061, -7.768952369999973, 0.0 ], [ 113.222699640000059, -7.768759049999964, 0.0 ], [ 113.220769320000031, -7.768470959999931, 0.0 ], [ 113.220757800000143, -7.768378799999944, 0.0 ], [ 113.220821880000031, -7.766820449999969, 0.0 ], [ 113.220908640000104, -7.765786529999954, 0.0 ], [ 113.221038600000028, -7.764705539999952, 0.0 ], [ 113.22131004, -7.763267969999934, 0.0 ], [ 113.221549800000048, -7.761721589999972, 0.0 ], [ 113.221632600000049, -7.761253679999982, 0.0 ], [ 113.22056484000008, -7.761072419999905, 0.0 ], [ 113.220372960000105, -7.76103848999994, 0.0 ], [ 113.218849440000085, -7.760753279999967, 0.0 ], [ 113.218720560000079, -7.760723759999923, 0.0 ], [ 113.218482960000046, -7.760693159999967, 0.0 ], [ 113.218260120000082, -7.76079333, 0.0 ], [ 113.218067160000018, -7.760918519999962, 0.0 ], [ 113.217834600000046, -7.76117241, 0.0 ], [ 113.21432712, -7.76102786999995, 0.0 ], [ 113.213879279999986, -7.760852279999899, 0.0 ], [ 113.213649240000137, -7.760796299999974, 0.0 ], [ 113.213076840000113, -7.760537099999933, 0.0 ], [ 113.212386360000096, -7.760299409999984, 0.0 ], [ 113.212101960000012, -7.760201489999965, 0.0 ], [ 113.212294560000046, -7.75957751999994, 0.0 ], [ 113.212307520000053, -7.759176119999946, 0.0 ], [ 113.212321560000063, -7.758731159999989, 0.0 ], [ 113.212636920000037, -7.757722529999935, 0.0 ], [ 113.212776960000085, -7.757246249999962, 0.0 ], [ 113.212900080000054, -7.756853669999899, 0.0 ], [ 113.212915560000098, -7.756823879999921, 0.0 ], [ 113.213811240000041, -7.755488729999939, 0.0 ], [ 113.215658040000079, -7.753637069999943, 0.0 ], [ 113.21604576, -7.75369106999997, 0.0 ], [ 113.21667828000011, -7.75382346, 0.0 ], [ 113.21698932000001, -7.75387611, 0.0 ] ] ] ] } },
{ "type": "Feature", "properties": { "KDPPUM": null, "NAMOBJ": "TRIWUNG KIDUL", "REMARK": "Wilayah Administrasi Keluruhan/Desa", "KDPBPS": null, "FCODE": null, "LUASWH": 0.0, "UUPP": null, "SRS_ID": null, "LCODE": "BA0020", "METADATA": null, "KDEBPS": null, "KDEPUM": null, "KDCBPS": null, "KDCPUM": null, "KDBBPS": null, "KDBPUM": null, "WADMKD": null, "WIADKD": null, "WADMKC": "KADEMANGAN", "WIADKC": null, "WADMKK": "KOTA PROBOLINGGO", "WIADKK": null, "WADMPR": "JAWA TIMUR", "WIADPR": null, "TIPADM": 0, "SHAPE_Leng": 0.05649644494, "SHAPE_Area": 0.00015496458 }, "geometry": { "type": "MultiPolygon", "coordinates": [ [ [ [ 113.179738320000084, -7.77253634999995, 0.0 ], [ 113.17961412000011, -7.774335719999971, 0.0 ], [ 113.178945960000078, -7.776984779999953, 0.0 ], [ 113.178940200000042, -7.777010339999936, 0.0 ], [ 113.178971160000032, -7.777808729999915, 0.0 ], [ 113.178705480000076, -7.778818169999948, 0.0 ], [ 113.178434040000084, -7.779850019999969, 0.0 ], [ 113.177781837144721, -7.78298304254972, 0.0 ], [ 113.177131361000221, -7.782823947999919, 0.0 ], [ 113.176589797000176, -7.782687370999987, 0.0 ], [ 113.175593937000102, -7.782395328999893, 0.0 ], [ 113.174799419000095, -7.782176720999924, 0.0 ], [ 113.172463571000094, -7.781539439999953, 0.0 ], [ 113.171722513000063, -7.781339529999933, 0.0 ], [ 113.170723463000087, -7.781065927999943, 0.0 ], [ 113.169566468000099, -7.780742972999956, 0.0 ], [ 113.169910655000066, -7.779455624999933, 0.0 ], [ 113.1693658800002, -7.779362341999942, 0.0 ], [ 113.168986319000155, -7.780572599999893, 0.0 ], [ 113.168396458000203, -7.78041763999995, 0.0 ], [ 113.167971940000072, -7.78026806999992, 0.0 ], [ 113.166952805000207, -7.780012092999879, 0.0 ], [ 113.165929220000066, -7.779748092999885, 0.0 ], [ 113.164928381000223, -7.779489214999959, 0.0 ], [ 113.164240543429671, -7.77931911450689, 0.0 ], [ 113.164231680000043, -7.77931569, 0.0 ], [ 113.16407724000014, -7.779274739999977, 0.0 ], [ 113.163969040739033, -7.779244772451801, 0.0 ], [ 113.164147145000058, -7.778536576999919, 0.0 ], [ 113.16431078700019, -7.777948300999917, 0.0 ], [ 113.164413128172086, -7.777577587738939, 0.0 ], [ 113.164603920000104, -7.776981449999944, 0.0 ], [ 113.164741899933446, -7.776488700958996, 0.0 ], [ 113.164814091000181, -7.77625074099997, 0.0 ], [ 113.165116581999982, -7.775384123999942, 0.0 ], [ 113.165234177444916, -7.77484141773397, 0.0 ], [ 113.165389120922697, -7.774327481873346, 0.0 ], [ 113.165481341000046, -7.774054194999859, 0.0 ], [ 113.165555985000182, -7.773788742999923, 0.0 ], [ 113.165571777000068, -7.773691237999937, 0.0 ], [ 113.165543954000256, -7.773657940999936, 0.0 ], [ 113.165421330000143, -7.773616993999923, 0.0 ], [ 113.16460962500004, -7.77345366799991, 0.0 ], [ 113.164256416172265, -7.77338335832032, 0.0 ], [ 113.164355880000016, -7.772903369999941, 0.0 ], [ 113.165086680000087, -7.771133609999971, 0.0 ], [ 113.166179640000095, -7.771625099999959, 0.0 ], [ 113.16627828, -7.771279319999948, 0.0 ], [ 113.166678960000027, -7.77020112, 0.0 ], [ 113.166744120000089, -7.770003929999937, 0.0 ], [ 113.169981599999986, -7.77066165, 0.0 ], [ 113.171646960000118, -7.770932099999907, 0.0 ], [ 113.174260560000093, -7.77135662999995, 0.0 ], [ 113.174320320000064, -7.76928437999991, 0.0 ], [ 113.174346960000136, -7.768367009999945, 0.0 ], [ 113.176481040000141, -7.768609019999897, 0.0 ], [ 113.177043720000071, -7.76866202999993, 0.0 ], [ 113.17751748, -7.770348809999962, 0.0 ], [ 113.177131920000079, -7.771601519999962, 0.0 ], [ 113.179358520000022, -7.772384159999969, 0.0 ], [ 113.179738320000084, -7.77253634999995, 0.0 ] ] ] ] } },
{ "type": "Feature", "properties": { "KDPPUM": null, "NAMOBJ": "KEDUNGGALENG", "REMARK": "Wilayah Administrasi Keluruhan/Desa", "KDPBPS": null, "FCODE": null, "LUASWH": 0.0, "UUPP": null, "SRS_ID": null, "LCODE": "BA0020", "METADATA": null, "KDEBPS": null, "KDEPUM": null, "KDCBPS": null, "KDCPUM": null, "KDBBPS": null, "KDBPUM": null, "WADMKD": null, "WIADKD": null, "WADMKC": "WONOASIH", "WIADKC": null, "WADMKK": "KOTA PROBOLINGGO", "WIADKK": null, "WADMPR": "JAWA TIMUR", "WIADPR": null, "TIPADM": 0, "SHAPE_Leng": 0.08553616101, "SHAPE_Area": 0.00012911621 }, "geometry": { "type": "MultiPolygon", "coordinates": [ [ [ [ 113.226399441753372, -7.801363870701785, 0.0 ], [ 113.226297241000097, -7.801393199999975, 0.0 ], [ 113.226202846000191, -7.801435086999977, 0.0 ], [ 113.226092455000114, -7.801504621999957, 0.0 ], [ 113.225933902000136, -7.80163884499996, 0.0 ], [ 113.225906566, -7.801698724999941, 0.0 ], [ 113.225906810000126, -7.801744722999928, 0.0 ], [ 113.225916331000022, -7.801806757999909, 0.0 ], [ 113.225922990886801, -7.801821297965763, 0.0 ], [ 113.225919120000071, -7.801825409999942, 0.0 ], [ 113.225929920000084, -7.801896059999926, 0.0 ], [ 113.226008760000028, -7.801940789999986, 0.0 ], [ 113.226258452394163, -7.802074338612954, 0.0 ], [ 113.226275676, -7.802119902999973, 0.0 ], [ 113.226310995000162, -7.802255365, 0.0 ], [ 113.226327515000108, -7.802326581999932, 0.0 ], [ 113.22637249200001, -7.802535556, 0.0 ], [ 113.226379908688259, -7.802696936961741, 0.0 ], [ 113.22629928, -7.802763029999895, 0.0 ], [ 113.22617940000012, -7.802776260000012, 0.0 ], [ 113.225801040000079, -7.802793539999932, 0.0 ], [ 113.225700960000054, -7.802854379999904, 0.0 ], [ 113.22565524, -7.80295311, 0.0 ], [ 113.225663364394407, -7.802993821579342, 0.0 ], [ 113.225654470000109, -7.802996344999926, 0.0 ], [ 113.22563275200018, -7.803002061999866, 0.0 ], [ 113.225606927000086, -7.803008433999949, 0.0 ], [ 113.225569763000209, -7.803032848999926, 0.0 ], [ 113.225540467000187, -7.803075477999901, 0.0 ], [ 113.22553771400014, -7.803105947999935, 0.0 ], [ 113.225539015000066, -7.803125822999981, 0.0 ], [ 113.225543214000055, -7.803142699999867, 0.0 ], [ 113.225549121000185, -7.803157308999921, 0.0 ], [ 113.22555802600013, -7.803173619999939, 0.0 ], [ 113.225600218000068, -7.80320954599998, 0.0 ], [ 113.225653450000124, -7.803241347999947, 0.0 ], [ 113.225796781000071, -7.803281260999963, 0.0 ], [ 113.225871780000062, -7.803316743999879, 0.0 ], [ 113.225985906, -7.803387898999905, 0.0 ], [ 113.226069653000096, -7.803466352999912, 0.0 ], [ 113.226158798000185, -7.803548211999935, 0.0 ], [ 113.22627565282653, -7.803671871242425, 0.0 ], [ 113.226331320000071, -7.803798029999911, 0.0 ], [ 113.22636264000009, -7.804024919999943, 0.0 ], [ 113.226322680000067, -7.804244339999979, 0.0 ], [ 113.226198120000063, -7.8045354, 0.0 ], [ 113.22603504000007, -7.804786229999962, 0.0 ], [ 113.225758920000047, -7.80506720999994, 0.0 ], [ 113.225529600000087, -7.805194019999952, 0.0 ], [ 113.225343120000019, -7.80521975999995, 0.0 ], [ 113.224713120000033, -7.8052674599999, 0.0 ], [ 113.224547265222114, -7.805335215948308, 0.0 ], [ 113.224541235000203, -7.80533569399995, 0.0 ], [ 113.224509662000074, -7.805343270999867, 0.0 ], [ 113.224467086000104, -7.805362020999908, 0.0 ], [ 113.224430174000062, -7.805391766999971, 0.0 ], [ 113.224395134, -7.805436323999928, 0.0 ], [ 113.224378706000167, -7.805495603999947, 0.0 ], [ 113.224380748000058, -7.805556684999939, 0.0 ], [ 113.224404722000187, -7.805624156999926, 0.0 ], [ 113.224428824384717, -7.805668655079725, 0.0 ], [ 113.22446688, -7.80576453, 0.0 ], [ 113.22456552000007, -7.8060338999999, 0.0 ], [ 113.22451116000002, -7.806177629999979, 0.0 ], [ 113.224418193973051, -7.806258647928434, 0.0 ], [ 113.224397249000191, -7.806260142999879, 0.0 ], [ 113.224349439000136, -7.806264189999947, 0.0 ], [ 113.224332687915975, -7.806265944102233, 0.0 ], [ 113.224304160000116, -7.806265649999979, 0.0 ], [ 113.223923280000051, -7.806180509999951, 0.0 ], [ 113.223781440000039, -7.806232529999903, 0.0 ], [ 113.223682080000074, -7.806348, 0.0 ], [ 113.22364519945674, -7.806500266514639, 0.0 ], [ 113.223635078, -7.806514211999939, 0.0 ], [ 113.22355788100019, -7.806656952999937, 0.0 ], [ 113.223440323000233, -7.806940164999922, 0.0 ], [ 113.223390666686683, -7.807035250841611, 0.0 ], [ 113.223148920000099, -7.807175909999977, 0.0 ], [ 113.22277956, -7.807360229999951, 0.0 ], [ 113.222662920000033, -7.80752088, 0.0 ], [ 113.222611800000067, -7.80770384999996, 0.0 ], [ 113.222642760000056, -7.807861349999936, 0.0 ], [ 113.222774296282452, -7.808403141582644, 0.0 ], [ 113.222742629000237, -7.808420511999927, 0.0 ], [ 113.222734748000121, -7.80844260399989, 0.0 ], [ 113.222706965000043, -7.808502666999885, 0.0 ], [ 113.22268899499997, -7.808524811999941, 0.0 ], [ 113.222665036000123, -7.808544910999917, 0.0 ], [ 113.222639070000014, -7.808567097999887, 0.0 ], [ 113.22261716000007, -7.808593149999911, 0.0 ], [ 113.222593158000123, -7.808619302999944, 0.0 ], [ 113.222575263000152, -7.808641357999903, 0.0 ], [ 113.222561371000069, -7.808671433999905, 0.0 ], [ 113.22255137700013, -7.808689470999887, 0.0 ], [ 113.22251130700019, -7.808701700999922, 0.0 ], [ 113.222339673000121, -7.80872302799991, 0.0 ], [ 113.222326445, -7.808723096999916, 0.0 ], [ 113.222307158000177, -7.808722204999931, 0.0 ], [ 113.222285789000011, -7.808723310999934, 0.0 ], [ 113.222268525, -7.808723401999941, 0.0 ], [ 113.222255307000154, -7.808725549999942, 0.0 ], [ 113.222246136000109, -7.808729664999927, 0.0 ], [ 113.222243243000136, -7.808747844999921, 0.0 ], [ 113.222245336000043, -7.808762021999939, 0.0 ], [ 113.222250520000202, -7.808781243999931, 0.0 ], [ 113.222255682000096, -7.80879648999986, 0.0 ], [ 113.222262884000244, -7.80881570099994, 0.0 ], [ 113.22227111100004, -7.808830839999949, 0.0 ], [ 113.222279326000191, -7.808843991999971, 0.0 ], [ 113.222283426000075, -7.808856079999906, 0.0 ], [ 113.222283480000087, -7.808866200999944, 0.0 ], [ 113.222279508000199, -7.808878421999889, 0.0 ], [ 113.222275420000216, -7.808882510999961, 0.0 ], [ 113.222268330000162, -7.808884535999951, 0.0 ], [ 113.222246982000087, -7.808889708999935, 0.0 ], [ 113.222225710000103, -7.808894881999919, 0.0 ], [ 113.222094827000191, -7.808920060999959, 0.0 ], [ 113.222007913000112, -7.808935247999973, 0.0 ], [ 113.221957026000169, -7.808937142999952, 0.0 ], [ 113.221933965000034, -7.80892912999991, 0.0 ], [ 113.221919106000229, -7.808917730999944, 0.0 ], [ 113.221907620000167, -7.808907940999934, 0.0 ], [ 113.221886142000159, -7.808888442999919, 0.0 ], [ 113.221864664000165, -7.808868946, 0.0 ], [ 113.221846539999987, -7.808847712999924, 0.0 ], [ 113.221770567, -7.808769578999943, 0.0 ], [ 113.221750724000145, -7.808748445999882, 0.0 ], [ 113.221734271000031, -7.808732174999957, 0.0 ], [ 113.221707860000066, -7.808712612999937, 0.0 ], [ 113.221666640000123, -7.80867686099991, 0.0 ], [ 113.221640203000149, -7.80865241899993, 0.0 ], [ 113.221608805000216, -7.808608482999936, 0.0 ], [ 113.221585665, -7.808585649999912, 0.0 ], [ 113.221570807, -7.808574250999946, 0.0 ], [ 113.221549429000191, -7.808559631999891, 0.0 ], [ 113.221526359000151, -7.808549992999893, 0.0 ], [ 113.221503245000093, -7.808532130999925, 0.0 ], [ 113.221486835000164, -7.808523992999962, 0.0 ], [ 113.221472029000182, -7.808522443999923, 0.0 ], [ 113.221463842000119, -7.808528993999932, 0.0 ], [ 113.221450801000017, -7.808550390999926, 0.0 ], [ 113.221442684000152, -7.808570043999865, 0.0 ], [ 113.221424785000096, -7.808591375999942, 0.0 ], [ 113.221388795000038, -7.808625995999964, 0.0 ], [ 113.221339795000077, -7.808673698999915, 0.0 ], [ 113.221261395000155, -7.808744420999904, 0.0 ], [ 113.221204081000124, -7.808831117999972, 0.0 ], [ 113.221197392000107, -7.808908962999929, 0.0 ], [ 113.221195399000024, -7.808984343999949, 0.0 ], [ 113.221214991000139, -7.809113743999909, 0.0 ], [ 113.221276196000048, -7.809324892999971, 0.0 ], [ 113.221312424000118, -7.809420135999947, 0.0 ], [ 113.221339394000225, -7.809545429999922, 0.0 ], [ 113.221362489000086, -7.809644537999951, 0.0 ], [ 113.221372226000184, -7.809719313999921, 0.0 ], [ 113.221382138000209, -7.809812887999936, 0.0 ], [ 113.221414525000128, -7.809902546999894, 0.0 ], [ 113.221470136000107, -7.81004504299996, 0.0 ], [ 113.221506626000206, -7.810104947999942, 0.0 ], [ 113.221603593000054, -7.810210083999937, 0.0 ], [ 113.221717541000061, -7.810332028999902, 0.0 ], [ 113.22181473800002, -7.810480450999925, 0.0 ], [ 113.221829579000101, -7.810545169999951, 0.0 ], [ 113.221827429000101, -7.810590818999909, 0.0 ], [ 113.221781882000144, -7.810641485999927, 0.0 ], [ 113.221709405137858, -7.810695259002156, 0.0 ], [ 113.22169164000006, -7.8106969799999, 0.0 ], [ 113.221602819301964, -7.810757156022909, 0.0 ], [ 113.221584863000103, -7.810766963999917, 0.0 ], [ 113.22155487314896, -7.810789639541628, 0.0 ], [ 113.22154764000004, -7.810794539999979, 0.0 ], [ 113.221459984831498, -7.810858094553065, 0.0 ], [ 113.221356223000015, -7.810905261, 0.0 ], [ 113.221258949000045, -7.810940112999944, 0.0 ], [ 113.221150270000209, -7.810994907999948, 0.0 ], [ 113.221076325661372, -7.811039652425624, 0.0 ], [ 113.220823680000095, -7.811027549999984, 0.0 ], [ 113.220646560000091, -7.811108459999929, 0.0 ], [ 113.220142560000141, -7.811359199999981, 0.0 ], [ 113.219789040000023, -7.811574749999963, 0.0 ], [ 113.21958204000012, -7.811774729999989, 0.0 ], [ 113.21917164, -7.81230167999998, 0.0 ], [ 113.219072280000134, -7.81243281, 0.0 ], [ 113.219033040000085, -7.812479969999988, 0.0 ], [ 113.218969320000056, -7.812552959999987, 0.0 ], [ 113.218674120000045, -7.812865439999907, 0.0 ], [ 113.21830764000002, -7.813295639999975, 0.0 ], [ 113.218285418540759, -7.813352618511129, 0.0 ], [ 113.218209788000181, -7.813391302999985, 0.0 ], [ 113.218106423000151, -7.813461793999956, 0.0 ], [ 113.218075381000162, -7.813513649999983, 0.0 ], [ 113.218059655000189, -7.813620913999976, 0.0 ], [ 113.21804360900002, -7.813880184999935, 0.0 ], [ 113.218010116045647, -7.814217830650662, 0.0 ], [ 113.217967080000079, -7.814367899999965, 0.0 ], [ 113.21785548, -7.814562299999974, 0.0 ], [ 113.21759952000005, -7.81487450999996, 0.0 ], [ 113.217397560000123, -7.81503146999998, 0.0 ], [ 113.216808960000094, -7.815456089999941, 0.0 ], [ 113.216780880000073, -7.815583709999931, 0.0 ], [ 113.216843160000082, -7.81571465999993, 0.0 ], [ 113.216981760000095, -7.815834449999983, 0.0 ], [ 113.217039107380174, -7.815857519804183, 0.0 ], [ 113.217082033000125, -7.815893396999886, 0.0 ], [ 113.217140866000022, -7.815924175999946, 0.0 ], [ 113.217195981000046, -7.815958589999951, 0.0 ], [ 113.217548711000191, -7.816121033999892, 0.0 ], [ 113.217644175, -7.816153427999907, 0.0 ], [ 113.217684812073358, -7.816164131125049, 0.0 ], [ 113.217753240000064, -7.816212629999921, 0.0 ], [ 113.217899760000023, -7.816416119999971, 0.0 ], [ 113.217899402406687, -7.816423137769537, 0.0 ], [ 113.217843622000174, -7.816515405999926, 0.0 ], [ 113.217766904000214, -7.816579430999894, 0.0 ], [ 113.217700305505147, -7.816625449983629, 0.0 ], [ 113.21745192, -7.816724099999963, 0.0 ], [ 113.21716212, -7.816774319999944, 0.0 ], [ 113.21643096, -7.816797359999985, 0.0 ], [ 113.216316120000087, -7.816881959999968, 0.0 ], [ 113.21628156000007, -7.816995989999988, 0.0 ], [ 113.216283198937134, -7.817000597713488, 0.0 ], [ 113.216246063000241, -7.817052472999954, 0.0 ], [ 113.216230835000133, -7.817098642999955, 0.0 ], [ 113.216235835, -7.817210406999965, 0.0 ], [ 113.216264969000107, -7.817306771999945, 0.0 ], [ 113.216334941000042, -7.817352222999975, 0.0 ], [ 113.216429697000066, -7.81737802399989, 0.0 ], [ 113.216471596000162, -7.817386569999975, 0.0 ], [ 113.216515651000165, -7.81739293599988, 0.0 ], [ 113.216566295, -7.817401435999962, 0.0 ], [ 113.21661915700011, -7.817405496999942, 0.0 ], [ 113.216661022000196, -7.817407535999934, 0.0 ], [ 113.216720450000054, -7.81740939299991, 0.0 ], [ 113.216850471000058, -7.817432839999896, 0.0 ], [ 113.216919542210064, -7.817489116957834, 0.0 ], [ 113.21695476, -7.817546609999983, 0.0 ], [ 113.217019383711701, -7.817752448489081, 0.0 ], [ 113.216969233000114, -7.817829220999919, 0.0 ], [ 113.216899137, -7.817901977999988, 0.0 ], [ 113.216822412000141, -7.817950638999928, 0.0 ], [ 113.216780629000056, -7.817964052999884, 0.0 ], [ 113.216734889560442, -7.817971657227442, 0.0 ], [ 113.216652360000012, -7.817970779999907, 0.0 ], [ 113.216221080000125, -7.817974379999939, 0.0 ], [ 113.21621454211602, -7.817979647338149, 0.0 ], [ 113.216188541000093, -7.817978096999891, 0.0 ], [ 113.216091646000066, -7.81797200899992, 0.0 ], [ 113.216034374000216, -7.817967970999941, 0.0 ], [ 113.215988123000116, -7.817970382999963, 0.0 ], [ 113.215968387000089, -7.817983680999909, 0.0 ], [ 113.215955286000153, -7.818007878999957, 0.0 ], [ 113.215944485000151, -7.818043, 0.0 ], [ 113.215942526000077, -7.818082502999914, 0.0 ], [ 113.215989293000135, -7.818191969999912, 0.0 ], [ 113.216045311999963, -7.818270208999902, 0.0 ], [ 113.21611631000016, -7.818368522999954, 0.0 ], [ 113.216306466000077, -7.818527664999888, 0.0 ], [ 113.216750686000069, -7.818860974999932, 0.0 ], [ 113.216836198249609, -7.8189337171533, 0.0 ], [ 113.21699004000007, -7.819145369999926, 0.0 ], [ 113.217138, -7.81948151999994, 0.0 ], [ 113.217162480000027, -7.81970976, 0.0 ], [ 113.21711928, -7.819816499999945, 0.0 ], [ 113.217033240000092, -7.819860419999937, 0.0 ], [ 113.216899320000024, -7.819833779999954, 0.0 ], [ 113.216821623110832, -7.819814875406507, 0.0 ], [ 113.216817344000077, -7.8198073649999, 0.0 ], [ 113.216799671000118, -7.819772573999952, 0.0 ], [ 113.216771471000101, -7.819725637999888, 0.0 ], [ 113.216746763000103, -7.81968916699989, 0.0 ], [ 113.216715114000138, -7.819654449999948, 0.0 ], [ 113.216679934999988, -7.819616316999902, 0.0 ], [ 113.216642979000213, -7.819581626999963, 0.0 ], [ 113.216595598000026, -7.8195540409999, 0.0 ], [ 113.21652540400008, -7.819509042999908, 0.0 ], [ 113.216439393000243, -7.819483466999923, 0.0 ], [ 113.216405698000116, -7.819471805999935, 0.0 ], [ 113.216360067000252, -7.819464182999926, 0.0 ], [ 113.216306533000179, -7.819460487999976, 0.0 ], [ 113.216263003000122, -7.819468668999942, 0.0 ], [ 113.216213545000215, -7.819486641999919, 0.0 ], [ 113.216195839000079, -7.819516376999982, 0.0 ], [ 113.216184300000094, -7.81958159599996, 0.0 ], [ 113.216170670000125, -7.819632998999861, 0.0 ], [ 113.216176961000116, -7.81969215999996, 0.0 ], [ 113.216176237000141, -7.819937071999973, 0.0 ], [ 113.216172504000014, -7.819980470999923, 0.0 ], [ 113.216152949000175, -7.820028018999949, 0.0 ], [ 113.216101621000092, -7.820059827999916, 0.0 ], [ 113.21607787600017, -7.820063928999989, 0.0 ], [ 113.216042268000166, -7.820072068999952, 0.0 ], [ 113.216008571000131, -7.820074143999946, 0.0 ], [ 113.215966023354895, -7.820067036253199, 0.0 ], [ 113.215797720000083, -7.819973729999987, 0.0 ], [ 113.215648319999985, -7.819814339999944, 0.0 ], [ 113.215452480000039, -7.819629929999962, 0.0 ], [ 113.2153448400001, -7.819643789999954, 0.0 ], [ 113.215223520000094, -7.819732529999925, 0.0 ], [ 113.215061828348922, -7.819916840427378, 0.0 ], [ 113.215011862000082, -7.819894835999943, 0.0 ], [ 113.214564514000017, -7.819733608999925, 0.0 ], [ 113.214198414000194, -7.819686728999955, 0.0 ], [ 113.21418968400009, -7.819675296999986, 0.0 ], [ 113.214172146999971, -7.819623695999979, 0.0 ], [ 113.214228665000022, -7.819413915999942, 0.0 ], [ 113.213720811000101, -7.819244781999981, 0.0 ], [ 113.213315867, -7.819130957999977, 0.0 ], [ 113.21310318499998, -7.819065377999969, 0.0 ], [ 113.212771008000033, -7.818959937999949, 0.0 ], [ 113.212343536000191, -7.818769142999972, 0.0 ], [ 113.212350369000134, -7.819143971999988, 0.0 ], [ 113.212162645710777, -7.819119692806044, 0.0 ], [ 113.212306080000118, -7.818246, 0.0 ], [ 113.21233416000004, -7.818070860000017, 0.0 ], [ 113.212373400000089, -7.817826239999938, 0.0 ], [ 113.212409040000011, -7.817399009999939, 0.0 ], [ 113.213355120000045, -7.816037669999922, 0.0 ], [ 113.213849760000031, -7.815414150000024, 0.0 ], [ 113.214166560000038, -7.814590829999936, 0.0 ], [ 113.214432960000053, -7.813545029999915, 0.0 ], [ 113.214749400000031, -7.812317609999965, 0.0 ], [ 113.214759480000069, -7.812276929999975, 0.0 ], [ 113.214976560000096, -7.81136487, 0.0 ], [ 113.215649040000045, -7.811361539999908, 0.0 ], [ 113.215777200000076, -7.81082531999995, 0.0 ], [ 113.215894560000024, -7.810831259999908, 0.0 ], [ 113.216488560000045, -7.810861589999931, 0.0 ], [ 113.21686008000006, -7.810880579999903, 0.0 ], [ 113.216972040000087, -7.810877429999909, 0.0 ], [ 113.217083640000084, -7.810887959999981, 0.0 ], [ 113.21728452, -7.810911359999963, 0.0 ], [ 113.217451200000028, -7.810564949999989, 0.0 ], [ 113.217512040000088, -7.81044209999995, 0.0 ], [ 113.217534720000103, -7.810379099999977, 0.0 ], [ 113.217583680000061, -7.810168769999983, 0.0 ], [ 113.21759952000005, -7.80947235, 0.0 ], [ 113.217631920000059, -7.808336909999937, 0.0 ], [ 113.217905520000045, -7.807052789999915, 0.0 ], [ 113.218333200000089, -7.80640901999994, 0.0 ], [ 113.218388640000057, -7.80624836999997, 0.0 ], [ 113.218610400000102, -7.805605859999922, 0.0 ], [ 113.219075160000102, -7.804786049999947, 0.0 ], [ 113.21901720000001, -7.804077209999917, 0.0 ], [ 113.219344080000056, -7.803295109999954, 0.0 ], [ 113.219399880000054, -7.80322482, 0.0 ], [ 113.219433000000137, -7.803079199999942, 0.0 ], [ 113.219506439999989, -7.802507429999974, 0.0 ], [ 113.219614080000014, -7.80206309999998, 0.0 ], [ 113.219905320000052, -7.80084936, 0.0 ], [ 113.221643040000117, -7.801230509999925, 0.0 ], [ 113.221922760000083, -7.800764670000017, 0.0 ], [ 113.222021760000104, -7.800003179999983, 0.0 ], [ 113.222239920000121, -7.799252399999947, 0.0 ], [ 113.224998600000021, -7.79962193999997, 0.0 ], [ 113.225743440000102, -7.799684939999942, 0.0 ], [ 113.226115320000048, -7.799707799999968, 0.0 ], [ 113.226435720000012, -7.799726969999956, 0.0 ], [ 113.226786720000092, -7.79974785, 0.0 ], [ 113.226828840000024, -7.800092549999917, 0.0 ], [ 113.226987960000045, -7.8011766, 0.0 ], [ 113.226870960000042, -7.801253369999952, 0.0 ], [ 113.226730200000034, -7.801282799999989, 0.0 ], [ 113.22665352, -7.801300169999916, 0.0 ], [ 113.226485400000115, -7.801338329999965, 0.0 ], [ 113.226410880000088, -7.801355519999966, 0.0 ], [ 113.226399441753372, -7.801363870701785, 0.0 ] ] ] ] } },
{ "type": "Feature", "properties": { "KDPPUM": null, "NAMOBJ": "WARUNGJINGGO", "REMARK": "Wilayah Administrasi Keluruhan/Desa", "KDPBPS": null, "FCODE": null, "LUASWH": 0.0, "UUPP": null, "SRS_ID": null, "LCODE": "BA0020", "METADATA": null, "KDEBPS": null, "KDEPUM": null, "KDCBPS": null, "KDCPUM": null, "KDBBPS": null, "KDBPUM": null, "WADMKD": null, "WIADKD": null, "WADMKC": "LECES", "WIADKC": null, "WADMKK": "PROBOLINGGO", "WIADKK": null, "WADMPR": "JAWA TIMUR", "WIADPR": null, "TIPADM": 0, "SHAPE_Leng": 0.05723357252, "SHAPE_Area": 0.00015226267 }, "geometry": { "type": "MultiPolygon", "coordinates": [ [ [ [ 113.224490187000058, -7.806253508999951, 0.0 ], [ 113.224418193973051, -7.806258647928434, 0.0 ], [ 113.22451116000002, -7.806177629999979, 0.0 ], [ 113.22456552000007, -7.8060338999999, 0.0 ], [ 113.22446688, -7.80576453, 0.0 ], [ 113.224428824384717, -7.805668655079725, 0.0 ], [ 113.22446427100023, -7.805734096999874, 0.0 ], [ 113.22451193100008, -7.805814638999966, 0.0 ], [ 113.224561050000062, -7.805902582999959, 0.0 ], [ 113.224591085000142, -7.806098531999918, 0.0 ], [ 113.22459117200016, -7.806115069999954, 0.0 ], [ 113.224565632000079, -7.806203588, 0.0 ], [ 113.224558582000128, -7.806213113999984, 0.0 ], [ 113.224546843000127, -7.806226099, 0.0 ], [ 113.22453030200009, -7.806235674999897, 0.0 ], [ 113.224512546000128, -7.806241642999947, 0.0 ], [ 113.224490187000058, -7.806253508999951, 0.0 ] ] ], [ [ [ 113.225234682000107, -7.805300324999866, 0.0 ], [ 113.225214005, -7.805304951999894, 0.0 ], [ 113.225195626000158, -7.80530622399991, 0.0 ], [ 113.225171499000126, -7.80530860999993, 0.0 ], [ 113.225146245000161, -7.805309917999949, 0.0 ], [ 113.225108348000049, -7.805308941999957, 0.0 ], [ 113.225085336000092, -7.805310237999976, 0.0 ], [ 113.225054327000194, -7.805311575999909, 0.0 ], [ 113.224903004000026, -7.805315354999955, 0.0 ], [ 113.224862169000104, -7.805309966999953, 0.0 ], [ 113.224826875000204, -7.805306446999928, 0.0 ], [ 113.224782322999985, -7.805304873999976, 0.0 ], [ 113.224732176000188, -7.805305137999909, 0.0 ], [ 113.224691420000013, -7.805314569999979, 0.0 ], [ 113.224637659000095, -7.805324070999877, 0.0 ], [ 113.22459128800007, -7.805331725999888, 0.0 ], [ 113.224547265222114, -7.805335215948308, 0.0 ], [ 113.224713120000033, -7.8052674599999, 0.0 ], [ 113.225343120000019, -7.80521975999995, 0.0 ], [ 113.225529600000087, -7.805194019999952, 0.0 ], [ 113.225758920000047, -7.80506720999994, 0.0 ], [ 113.22603504000007, -7.804786229999962, 0.0 ], [ 113.226198120000063, -7.8045354, 0.0 ], [ 113.226322680000067, -7.804244339999979, 0.0 ], [ 113.22636264000009, -7.804024919999943, 0.0 ], [ 113.226331320000071, -7.803798029999911, 0.0 ], [ 113.22627565282653, -7.803671871242425, 0.0 ], [ 113.22628498800006, -7.803681749999971, 0.0 ], [ 113.226312686000043, -7.803704467999896, 0.0 ], [ 113.22633885500025, -7.803734785999918, 0.0 ], [ 113.226360374000166, -7.803762144999961, 0.0 ], [ 113.226380587000151, -7.803810839999905, 0.0 ], [ 113.226393140000127, -7.803880901999928, 0.0 ], [ 113.226380720000165, -7.804033785999966, 0.0 ], [ 113.226367679000063, -7.80412567299993, 0.0 ], [ 113.226315817000128, -7.804295934999896, 0.0 ], [ 113.226284274, -7.804365867999909, 0.0 ], [ 113.226132491000143, -7.804677816999874, 0.0 ], [ 113.226114969000108, -7.804727974999938, 0.0 ], [ 113.226044607000148, -7.804834351999947, 0.0 ], [ 113.225954598000172, -7.804956556999933, 0.0 ], [ 113.225861606000109, -7.805051845999913, 0.0 ], [ 113.225825700000073, -7.805088093999892, 0.0 ], [ 113.225806951000123, -7.805104006999965, 0.0 ], [ 113.225789666000111, -7.805114219999922, 0.0 ], [ 113.225763667, -7.80513017199991, 0.0 ], [ 113.225719061000035, -7.805160680999947, 0.0 ], [ 113.225644039000045, -7.805205719999943, 0.0 ], [ 113.225613758000037, -7.805217446999936, 0.0 ], [ 113.22558198200025, -7.80522918199993, 0.0 ], [ 113.225558860000191, -7.80523788899994, 0.0 ], [ 113.225535805000149, -7.805245239999927, 0.0 ], [ 113.225498259000162, -7.80525411299995, 0.0 ], [ 113.225433226000192, -7.805265932999951, 0.0 ], [ 113.225293232000155, -7.805291973999974, 0.0 ], [ 113.22527375600005, -7.805297768999921, 0.0 ], [ 113.225258816000064, -7.805299022999936, 0.0 ], [ 113.225234682000107, -7.805300324999866, 0.0 ] ] ], [ [ [ 113.228534681851173, -7.802749280060219, 0.0 ], [ 113.229763920000138, -7.803009269999929, 0.0 ], [ 113.229988200000136, -7.802976329999957, 0.0 ], [ 113.230489320000032, -7.80302429999993, 0.0 ], [ 113.231172960000109, -7.803055889999968, 0.0 ], [ 113.232282480000066, -7.803226439999957, 0.0 ], [ 113.232938400000066, -7.803309779999925, 0.0 ], [ 113.233700880000015, -7.803445499999963, 0.0 ], [ 113.234381640000024, -7.803662669999902, 0.0 ], [ 113.23443312000002, -7.803997379999974, 0.0 ], [ 113.234464800000069, -7.804316609999919, 0.0 ], [ 113.23445112, -7.804604699999953, 0.0 ], [ 113.234469480000016, -7.804882529999936, 0.0 ], [ 113.234549040000019, -7.805197619999984, 0.0 ], [ 113.23463760000007, -7.805621249999952, 0.0 ], [ 113.23497924, -7.806219029999941, 0.0 ], [ 113.235131880000012, -7.806302459999916, 0.0 ], [ 113.235364080000039, -7.806371579999951, 0.0 ], [ 113.235718680000076, -7.806470309999948, 0.0 ], [ 113.236195680000023, -7.80643872, 0.0 ], [ 113.23670313004493, -7.806441878617544, 0.0 ], [ 113.236696983000101, -7.806524109999959, 0.0 ], [ 113.236698888000177, -7.806544975999909, 0.0 ], [ 113.23672191700004, -7.806574946999902, 0.0 ], [ 113.236774331000106, -7.806635670999952, 0.0 ], [ 113.236786272000117, -7.806660549999968, 0.0 ], [ 113.236783741000096, -7.806732678999897, 0.0 ], [ 113.236773372000116, -7.807003214999988, 0.0 ], [ 113.236769510000073, -7.807106167999891, 0.0 ], [ 113.236788065, -7.807152158999966, 0.0 ], [ 113.236811732000092, -7.807175530999945, 0.0 ], [ 113.236858981000097, -7.807192450999924, 0.0 ], [ 113.236905400000026, -7.807222027999973, 0.0 ], [ 113.236934594000232, -7.807258925999918, 0.0 ], [ 113.236973161000037, -7.807343669999913, 0.0 ], [ 113.23698611100005, -7.807389690999901, 0.0 ], [ 113.23700351400025, -7.807415806999931, 0.0 ], [ 113.237022648000234, -7.807430164999875, 0.0 ], [ 113.237050893000074, -7.807457126999886, 0.0 ], [ 113.237071911000044, -7.807488464999903, 0.0 ], [ 113.237075631000081, -7.80749928899991, 0.0 ], [ 113.237075756000095, -7.8075227849999, 0.0 ], [ 113.237044475000076, -7.807613321999931, 0.0 ], [ 113.237035682000155, -7.807660361999915, 0.0 ], [ 113.237036728000149, -7.807688370999923, 0.0 ], [ 113.237060562000167, -7.807743370999944, 0.0 ], [ 113.237116297000156, -7.807936379999926, 0.0 ], [ 113.237132335000069, -7.808029015999953, 0.0 ], [ 113.237125375000019, -7.808097372999924, 0.0 ], [ 113.237087550000098, -7.808208187999945, 0.0 ], [ 113.237074614000264, -7.808235186999958, 0.0 ], [ 113.237060788000093, -7.808235259999964, 0.0 ], [ 113.237040373000099, -7.808232927999949, 0.0 ], [ 113.236980673000218, -7.808221766999914, 0.0 ], [ 113.236950687000231, -7.808204483999905, 0.0 ], [ 113.236929851000014, -7.808165282999948, 0.0 ], [ 113.236912507000085, -7.808094161999925, 0.0 ], [ 113.23690847200011, -7.808038062999902, 0.0 ], [ 113.236911810000024, -7.807963127999919, 0.0 ], [ 113.236892751000056, -7.807850625999937, 0.0 ], [ 113.236875778999973, -7.807751036999957, 0.0 ], [ 113.236860696999969, -7.807725812999912, 0.0 ], [ 113.236856197000222, -7.807722853999934, 0.0 ], [ 113.236805500000202, -7.807732068999897, 0.0 ], [ 113.2367367840002, -7.807739842999919, 0.0 ], [ 113.23660633200015, -7.807733032999888, 0.0 ], [ 113.23627503100019, -7.807706408999906, 0.0 ], [ 113.235851729000075, -7.807665631999907, 0.0 ], [ 113.235428011000096, -7.807631181999898, 0.0 ], [ 113.23537773000011, -7.807620151999874, 0.0 ], [ 113.234938502000176, -7.807592289999967, 0.0 ], [ 113.234057655000043, -7.807550585999891, 0.0 ], [ 113.233508712, -7.807508300999945, 0.0 ], [ 113.233506706000114, -7.807496472999944, 0.0 ], [ 113.233502578000028, -7.807465045999919, 0.0 ], [ 113.233496433000056, -7.807419801999906, 0.0 ], [ 113.23347828100006, -7.807351126, 0.0 ], [ 113.23346026600008, -7.807294195999905, 0.0 ], [ 113.233463786000016, -7.80722531499989, 0.0 ], [ 113.233471060000184, -7.807103364999925, 0.0 ], [ 113.233485750000156, -7.806956433999936, 0.0 ], [ 113.23349230500007, -7.806853737999877, 0.0 ], [ 113.23348689500007, -7.806834245999951, 0.0 ], [ 113.233476001000142, -7.806795353999931, 0.0 ], [ 113.233456148000101, -7.806730029999944, 0.0 ], [ 113.233448634000098, -7.806652168999985, 0.0 ], [ 113.233448305000167, -7.806590175999919, 0.0 ], [ 113.233461969000047, -7.806489249999917, 0.0 ], [ 113.233460318000084, -7.80638957899993, 0.0 ], [ 113.233451522000067, -7.80633757099989, 0.0 ], [ 113.23342106000004, -7.806188619999912, 0.0 ], [ 113.233377742, -7.805856371999955, 0.0 ], [ 113.233375995000216, -7.805822943999942, 0.0 ], [ 113.233349725000181, -7.805689242999982, 0.0 ], [ 113.233321996000186, -7.805590522999896, 0.0 ], [ 113.233268540000026, -7.805460127999943, 0.0 ], [ 113.233206440000131, -7.805278357999914, 0.0 ], [ 113.23319355300022, -7.805215888999985, 0.0 ], [ 113.233191260000027, -7.805178306999984, 0.0 ], [ 113.233193065000179, -7.805124073999938, 0.0 ], [ 113.233221752000063, -7.80500924199994, 0.0 ], [ 113.233313055000067, -7.804737102999894, 0.0 ], [ 113.233336038000203, -7.80467408299992, 0.0 ], [ 113.233375330000158, -7.804557838999894, 0.0 ], [ 113.233380069000205, -7.804521393999988, 0.0 ], [ 113.233376534000087, -7.804474961999876, 0.0 ], [ 113.233363108000034, -7.804451897999922, 0.0 ], [ 113.233358047999971, -7.804441983999901, 0.0 ], [ 113.23334305700007, -7.80443374899993, 0.0 ], [ 113.233308051000193, -7.804414051999899, 0.0 ], [ 113.233269725000042, -7.804402595999928, 0.0 ], [ 113.233192995000081, -7.804364954999922, 0.0 ], [ 113.233117401000044, -7.804316011999958, 0.0 ], [ 113.233110201000073, -7.80431125999992, 0.0 ], [ 113.23310290100018, -7.80430171899993, 0.0 ], [ 113.233102773999988, -7.80427786199991, 0.0 ], [ 113.233102711000171, -7.804265932999989, 0.0 ], [ 113.233109479000191, -7.804175254999947, 0.0 ], [ 113.233130129000031, -7.804010579999911, 0.0 ], [ 113.233125168000157, -7.803977167999989, 0.0 ], [ 113.233115488000152, -7.803955800999908, 0.0 ], [ 113.232998004000024, -7.803927773999899, 0.0 ], [ 113.232487433000145, -7.803806479999899, 0.0 ], [ 113.232113594000126, -7.803734438999889, 0.0 ], [ 113.231948375000044, -7.803696722999877, 0.0 ], [ 113.231430855000127, -7.803589561999981, 0.0 ], [ 113.230775380000154, -7.803455654999915, 0.0 ], [ 113.230641338000083, -7.803405934999976, 0.0 ], [ 113.230544892000097, -7.803385115999941, 0.0 ], [ 113.230436655000204, -7.803367521999906, 0.0 ], [ 113.230294037000036, -7.803335197999985, 0.0 ], [ 113.230112838000053, -7.803299914999908, 0.0 ], [ 113.229851805000038, -7.80323351199992, 0.0 ], [ 113.22970437, -7.803194887999922, 0.0 ], [ 113.229567943, -7.803160542999922, 0.0 ], [ 113.229501958000043, -7.803147786999933, 0.0 ], [ 113.229464619000154, -7.803139217999934, 0.0 ], [ 113.22939645000011, -7.803137407999962, 0.0 ], [ 113.229251298, -7.803120640999907, 0.0 ], [ 113.228716556000251, -7.803021338999951, 0.0 ], [ 113.228512293000136, -7.80299150799997, 0.0 ], [ 113.228511906000108, -7.802918489999879, 0.0 ], [ 113.228534681851173, -7.802749280060219, 0.0 ] ] ], [ [ [ 113.226333521000171, -7.802938818999873, 0.0 ], [ 113.226294853999988, -7.802975893999921, 0.0 ], [ 113.226259810000101, -7.803005629999895, 0.0 ], [ 113.226206239000021, -7.803022540999873, 0.0 ], [ 113.226174786, -7.803024513999947, 0.0 ], [ 113.22614698400001, -7.803024659999959, 0.0 ], [ 113.226074712999974, -7.803010309999927, 0.0 ], [ 113.225910805000098, -7.802979993999905, 0.0 ], [ 113.225826286000114, -7.802967515999939, 0.0 ], [ 113.225764129000041, -7.802972, 0.0 ], [ 113.225742393000019, -7.802974192999958, 0.0 ], [ 113.225720661000167, -7.802977379999955, 0.0 ], [ 113.225695364000117, -7.802984742999943, 0.0 ], [ 113.225663364394407, -7.802993821579342, 0.0 ], [ 113.22565524, -7.80295311, 0.0 ], [ 113.225700960000054, -7.802854379999904, 0.0 ], [ 113.225801040000079, -7.802793539999932, 0.0 ], [ 113.22617940000012, -7.802776260000012, 0.0 ], [ 113.22629928, -7.802763029999895, 0.0 ], [ 113.226379908688259, -7.802696936961741, 0.0 ], [ 113.226384654000228, -7.80280019099995, 0.0 ], [ 113.226362868000109, -7.802877753999972, 0.0 ], [ 113.226333521000171, -7.802938818999873, 0.0 ] ] ] ] } },
{ "type": "Feature", "properties": { "KDPPUM": null, "NAMOBJ": "WONOASIH", "REMARK": "Wilayah Administrasi Keluruhan/Desa", "KDPBPS": null, "FCODE": null, "LUASWH": 0.0, "UUPP": null, "SRS_ID": null, "LCODE": "BA0020", "METADATA": null, "KDEBPS": null, "KDEPUM": null, "KDCBPS": null, "KDCPUM": null, "KDBBPS": null, "KDBPUM": null, "WADMKD": null, "WIADKD": null, "WADMKC": "WONOASIH", "WIADKC": null, "WADMKK": "KOTA PROBOLINGGO", "WIADKK": null, "WADMPR": "JAWA TIMUR", "WIADPR": null, "TIPADM": 0, "SHAPE_Leng": 0.06637810177, "SHAPE_Area": 0.00010043288 }, "geometry": { "type": "MultiPolygon", "coordinates": [ [ [ [ 113.212032839999978, -7.79231852999991, 0.0 ], [ 113.212319400000055, -7.79253633, 0.0 ], [ 113.212587960000079, -7.792740449999915, 0.0 ], [ 113.212104840000066, -7.794603989999917, 0.0 ], [ 113.211314280000025, -7.797150989999981, 0.0 ], [ 113.210281800000047, -7.800587549999928, 0.0 ], [ 113.210183880000031, -7.801005419999953, 0.0 ], [ 113.210048880000045, -7.80133517999997, 0.0 ], [ 113.20960680000006, -7.802414279999905, 0.0 ], [ 113.208148440000102, -7.802171910000013, 0.0 ], [ 113.20802136000006, -7.802141849999924, 0.0 ], [ 113.207112720000026, -7.804087649999893, 0.0 ], [ 113.207094372412314, -7.804118350676383, 0.0 ], [ 113.207087829000187, -7.80411684299991, 0.0 ], [ 113.207082516000014, -7.804115605999897, 0.0 ], [ 113.20706750700019, -7.804118123999928, 0.0 ], [ 113.207037633988122, -7.804213290024144, 0.0 ], [ 113.206668951192995, -7.804830200073233, 0.0 ], [ 113.206577332000137, -7.804793327999928, 0.0 ], [ 113.206056576000037, -7.804582854999921, 0.0 ], [ 113.206003318000072, -7.804560088, 0.0 ], [ 113.205887598000089, -7.804512341999949, 0.0 ], [ 113.205789784126381, -7.804484332186814, 0.0 ], [ 113.205659227628757, -7.804432279325326, 0.0 ], [ 113.205547287000087, -7.804378376999878, 0.0 ], [ 113.205417569, -7.804312267999915, 0.0 ], [ 113.205344023000137, -7.804254541999935, 0.0 ], [ 113.205308510000052, -7.804223638999954, 0.0 ], [ 113.205245520000076, -7.804183479999917, 0.0 ], [ 113.205213055000144, -7.804192234999931, 0.0 ], [ 113.205169027000139, -7.804205025999924, 0.0 ], [ 113.205165498934392, -7.804206905951407, 0.0 ], [ 113.205081600000099, -7.804156949999943, 0.0 ], [ 113.205059640000059, -7.804222109999916, 0.0 ], [ 113.20490772, -7.804398959999983, 0.0 ], [ 113.204634120000023, -7.804710359999902, 0.0 ], [ 113.204202480000021, -7.805314259999953, 0.0 ], [ 113.204022480000049, -7.805567159999917, 0.0 ], [ 113.203593359999971, -7.806011039999962, 0.0 ], [ 113.203304280000125, -7.806272669999938, 0.0 ], [ 113.203290683189167, -7.806311845427107, 0.0 ], [ 113.20327314500004, -7.8063290979999, 0.0 ], [ 113.203257371790272, -7.806407822952945, 0.0 ], [ 113.203224720000122, -7.806501899999986, 0.0 ], [ 113.203134720000136, -7.80701444999994, 0.0 ], [ 113.203030320000025, -7.807449329999951, 0.0 ], [ 113.20292340000006, -7.807616099999983, 0.0 ], [ 113.202383760000075, -7.80825725999992, 0.0 ], [ 113.202216360000079, -7.808436089999972, 0.0 ], [ 113.202152280000021, -7.808659559999988, 0.0 ], [ 113.20218648, -7.808842799999962, 0.0 ], [ 113.202211679999962, -7.809119279999923, 0.0 ], [ 113.202174470062346, -7.809216242340746, 0.0 ], [ 113.202146321000058, -7.809240737999936, 0.0 ], [ 113.202117494000078, -7.809301889999933, 0.0 ], [ 113.202057394999983, -7.809514218999915, 0.0 ], [ 113.202055708760128, -7.809525712728995, 0.0 ], [ 113.201930160000117, -7.809852869999958, 0.0 ], [ 113.201874, -7.810916669999958, 0.0 ], [ 113.20178147999998, -7.811062649999958, 0.0 ], [ 113.201698680000064, -7.811138609999936, 0.0 ], [ 113.201598770441208, -7.811177784264657, 0.0 ], [ 113.20153729300003, -7.811184585999921, 0.0 ], [ 113.201400981000035, -7.811215480999902, 0.0 ], [ 113.201261101, -7.81127856699997, 0.0 ], [ 113.201223873656488, -7.811302862963878, 0.0 ], [ 113.201151840000108, -7.811329949999958, 0.0 ], [ 113.200841520000012, -7.811559719999963, 0.0 ], [ 113.200489079999983, -7.811972099999977, 0.0 ], [ 113.20016508, -7.812478619999965, 0.0 ], [ 113.200101551209769, -7.812466794460128, 0.0 ], [ 113.199992591000026, -7.812413936999942, 0.0 ], [ 113.19990426600009, -7.812402918999918, 0.0 ], [ 113.199676510000174, -7.812369492, 0.0 ], [ 113.199145456043624, -7.812288822528537, 0.0 ], [ 113.19896988000005, -7.812256139999942, 0.0 ], [ 113.198932080000034, -7.812249659999939, 0.0 ], [ 113.19836694649365, -7.812166377860443, 0.0 ], [ 113.198190456000049, -7.812110806999907, 0.0 ], [ 113.198162320302629, -7.812106228768869, 0.0 ], [ 113.19822180000007, -7.811477909999944, 0.0 ], [ 113.198473440000015, -7.810044569999921, 0.0 ], [ 113.198544720000044, -7.809638399999887, 0.0 ], [ 113.19859656000007, -7.809343919999947, 0.0 ], [ 113.198627880000089, -7.809193079999901, 0.0 ], [ 113.198683680000087, -7.808923259999958, 0.0 ], [ 113.19877080000002, -7.808667209999911, 0.0 ], [ 113.198840640000114, -7.8084845999999, 0.0 ], [ 113.198900760000015, -7.808296229999947, 0.0 ], [ 113.198938920000074, -7.808150969999918, 0.0 ], [ 113.198960880000115, -7.808084189999899, 0.0 ], [ 113.199032880000118, -7.807976549999964, 0.0 ], [ 113.199130080000074, -7.80772788, 0.0 ], [ 113.199230880000073, -7.807238189999978, 0.0 ], [ 113.199245640000044, -7.807074299999918, 0.0 ], [ 113.19927624, -7.806729779999923, 0.0 ], [ 113.199489720000074, -7.805571029999971, 0.0 ], [ 113.199585480000096, -7.805012669999957, 0.0 ], [ 113.199669720000045, -7.804519649999932, 0.0 ], [ 113.199706800000101, -7.80430482, 0.0 ], [ 113.199833880000043, -7.803651239999933, 0.0 ], [ 113.199856560000057, -7.803535949999986, 0.0 ], [ 113.199873839999981, -7.803477449999942, 0.0 ], [ 113.200032240000027, -7.802936729999967, 0.0 ], [ 113.200081560000015, -7.802768609999912, 0.0 ], [ 113.200318080000145, -7.801670069999968, 0.0 ], [ 113.200329960000062, -7.801604459999957, 0.0 ], [ 113.200358040000069, -7.80146217, 0.0 ], [ 113.20053840000007, -7.800865019999971, 0.0 ], [ 113.200693560000119, -7.800170219999949, 0.0 ], [ 113.2009509600001, -7.798885649999889, 0.0 ], [ 113.204077200000043, -7.79932485, 0.0 ], [ 113.20381584000009, -7.801802279999983, 0.0 ], [ 113.205213, -7.80208254, 0.0 ], [ 113.206306320000095, -7.802318069999938, 0.0 ], [ 113.206488120000031, -7.801751609999965, 0.0 ], [ 113.206709880000091, -7.800944039999937, 0.0 ], [ 113.2069086, -7.800219269999921, 0.0 ], [ 113.206820040000053, -7.800004709999932, 0.0 ], [ 113.20656516000011, -7.799885549999932, 0.0 ], [ 113.206659120000069, -7.799689979999915, 0.0 ], [ 113.206806360000073, -7.799383439999954, 0.0 ], [ 113.206870080000016, -7.799283359999933, 0.0 ], [ 113.206005, -7.798574339999977, 0.0 ], [ 113.206051080000023, -7.798256189999943, 0.0 ], [ 113.206160880000056, -7.798029479999926, 0.0 ], [ 113.206281120000057, -7.797791519999954, 0.0 ], [ 113.206430520000069, -7.797495419999969, 0.0 ], [ 113.20655652, -7.797301289999982, 0.0 ], [ 113.206667760000073, -7.797011849999926, 0.0 ], [ 113.206694040000116, -7.796515589999988, 0.0 ], [ 113.206796640000078, -7.795953539999935, 0.0 ], [ 113.206795920000104, -7.795305359999951, 0.0 ], [ 113.206827600000153, -7.794988829999962, 0.0 ], [ 113.206919400000103, -7.794713069999972, 0.0 ], [ 113.207092200000019, -7.794336329999975, 0.0 ], [ 113.207268960000079, -7.79402205, 0.0 ], [ 113.20736148, -7.793722259999971, 0.0 ], [ 113.207380920000105, -7.79346818999991, 0.0 ], [ 113.207376960000033, -7.793299169999958, 0.0 ], [ 113.207616, -7.793047259999987, 0.0 ], [ 113.207780520000028, -7.792916849999944, 0.0 ], [ 113.207946120000059, -7.79287356, 0.0 ], [ 113.208198120000034, -7.792907759999903, 0.0 ], [ 113.20834140000008, -7.79292287999991, 0.0 ], [ 113.208603480000093, -7.792823519999949, 0.0 ], [ 113.208925680000107, -7.79267061, 0.0 ], [ 113.209975080000063, -7.79237387999996, 0.0 ], [ 113.21026884000004, -7.792278119999942, 0.0 ], [ 113.210485920000153, -7.792160039999942, 0.0 ], [ 113.210669519999968, -7.792118189999943, 0.0 ], [ 113.211070560000024, -7.79216301000001, 0.0 ], [ 113.211205560000096, -7.792181639999953, 0.0 ], [ 113.211533160000016, -7.79228477999996, 0.0 ], [ 113.211786600000124, -7.792378019999948, 0.0 ], [ 113.211970920000098, -7.792390979999954, 0.0 ], [ 113.212032839999978, -7.79231852999991, 0.0 ] ] ] ] } },
{ "type": "Feature", "properties": { "KDPPUM": null, "NAMOBJ": "SUMURMATI", "REMARK": "Wilayah Administrasi Keluruhan/Desa", "KDPBPS": null, "FCODE": null, "LUASWH": 0.0, "UUPP": null, "SRS_ID": null, "LCODE": "BA0020", "METADATA": null, "KDEBPS": null, "KDEPUM": null, "KDCBPS": null, "KDCPUM": null, "KDBBPS": null, "KDBPUM": null, "WADMKD": null, "WIADKD": null, "WADMKC": "SUMBERASIH", "WIADKC": null, "WADMKK": "PROBOLINGGO", "WIADKK": null, "WADMPR": "JAWA TIMUR", "WIADPR": null, "TIPADM": 0, "SHAPE_Leng": 0.05330609274, "SHAPE_Area": 0.00012359863 }, "geometry": { "type": "MultiPolygon", "coordinates": [ [ [ [ 113.16674376000006, -7.767783359999971, 0.0 ], [ 113.165995320000121, -7.769264759999974, 0.0 ], [ 113.16518928000005, -7.770885479999958, 0.0 ], [ 113.165086680000087, -7.771133609999971, 0.0 ], [ 113.164355880000016, -7.772903369999941, 0.0 ], [ 113.164256416172265, -7.77338335832032, 0.0 ], [ 113.163811920000029, -7.773294876999916, 0.0 ], [ 113.163882205000078, -7.773068218999903, 0.0 ], [ 113.164168013000094, -7.77203756499998, 0.0 ], [ 113.163733928000156, -7.77191505899988, 0.0 ], [ 113.162950582, -7.771699256999877, 0.0 ], [ 113.162939642000154, -7.771679067999894, 0.0 ], [ 113.163001349000112, -7.771368042999917, 0.0 ], [ 113.163121083000163, -7.770829968999895, 0.0 ], [ 113.163137642000024, -7.770794637999902, 0.0 ], [ 113.163170941000118, -7.770759221999903, 0.0 ], [ 113.163246833000173, -7.77062046999988, 0.0 ], [ 113.163342166000163, -7.770440046999873, 0.0 ], [ 113.163387279000162, -7.770332631999867, 0.0 ], [ 113.16347969700017, -7.770064558999891, 0.0 ], [ 113.163618332000098, -7.769685901999914, 0.0 ], [ 113.163690606000117, -7.769482911999905, 0.0 ], [ 113.163705782000221, -7.769469367999939, 0.0 ], [ 113.163736290000173, -7.769472556999936, 0.0 ], [ 113.164198728000059, -7.769586694999965, 0.0 ], [ 113.164563517000133, -7.76964791799988, 0.0 ], [ 113.164642817000214, -7.769474353999907, 0.0 ], [ 113.164985968000011, -7.76944016099992, 0.0 ], [ 113.165426778000068, -7.769388116999966, 0.0 ], [ 113.164884399000044, -7.769118037999913, 0.0 ], [ 113.164905672000117, -7.769040025999942, 0.0 ], [ 113.164976416000201, -7.768844814999866, 0.0 ], [ 113.165007441000185, -7.768642757999935, 0.0 ], [ 113.165081101000155, -7.768447803999969, 0.0 ], [ 113.165158732000094, -7.768284099999924, 0.0 ], [ 113.165184460000091, -7.768200551999939, 0.0 ], [ 113.165217362000064, -7.768160438999907, 0.0 ], [ 113.165243251000064, -7.768108159999933, 0.0 ], [ 113.165281689000054, -7.768098564999939, 0.0 ], [ 113.1654852690002, -7.768128977999968, 0.0 ], [ 113.165789950000089, -7.768229729999955, 0.0 ], [ 113.166181705000085, -7.76836157799994, 0.0 ], [ 113.166440963000142, -7.767634270999892, 0.0 ], [ 113.166526012000062, -7.767299537999907, 0.0 ], [ 113.166537532000049, -7.767185063999939, 0.0 ], [ 113.166588972000042, -7.767000164999917, 0.0 ], [ 113.166629068000162, -7.766847586999905, 0.0 ], [ 113.166705722000103, -7.766537117999885, 0.0 ], [ 113.1665511610001, -7.766476179999906, 0.0 ], [ 113.166577928000194, -7.766391090999971, 0.0 ], [ 113.16666846980597, -7.766058003015665, 0.0 ], [ 113.166764640000096, -7.766164529999966, 0.0 ], [ 113.166795240000056, -7.766339399999957, 0.0 ], [ 113.16662136000005, -7.767116099999917, 0.0 ], [ 113.16658392000015, -7.767291599999961, 0.0 ], [ 113.166574920000031, -7.767405449999966, 0.0 ], [ 113.166603720000012, -7.76749068, 0.0 ], [ 113.16674376000006, -7.767783359999971, 0.0 ] ] ], [ [ [ 113.166869625106131, -7.765297676504048, 0.0 ], [ 113.166855513938074, -7.765344542296894, 0.0 ], [ 113.166865420000178, -7.765296623999919, 0.0 ], [ 113.166869625106131, -7.765297676504048, 0.0 ] ] ] ] } },
{ "type": "Feature", "properties": { "KDPPUM": null, "NAMOBJ": "TRIWUNG LOR", "REMARK": "Wilayah Administrasi Keluruhan/Desa", "KDPBPS": null, "FCODE": null, "LUASWH": 0.0, "UUPP": null, "SRS_ID": null, "LCODE": "BA0020", "METADATA": null, "KDEBPS": null, "KDEPUM": null, "KDCBPS": null, "KDCPUM": null, "KDBBPS": null, "KDBPUM": null, "WADMKD": null, "WIADKD": null, "WADMKC": "KADEMANGAN", "WIADKC": null, "WADMKK": "KOTA PROBOLINGGO", "WIADKK": null, "WADMPR": "JAWA TIMUR", "WIADPR": null, "TIPADM": 0, "SHAPE_Leng": 0.07480529549000001, "SHAPE_Area": 0.00020287065 }, "geometry": { "type": "MultiPolygon", "coordinates": [ [ [ [ 113.185739879999986, -7.763718239999974, 0.0 ], [ 113.185697760000053, -7.76384748000001, 0.0 ], [ 113.185632960000021, -7.764045929999909, 0.0 ], [ 113.185682280000023, -7.764865559999958, 0.0 ], [ 113.185666800000078, -7.765018829999939, 0.0 ], [ 113.185638360000112, -7.765120799999938, 0.0 ], [ 113.18561136000001, -7.76531726999994, 0.0 ], [ 113.18566464000007, -7.765461089999938, 0.0 ], [ 113.185783080000107, -7.765566389999947, 0.0 ], [ 113.185426320000076, -7.767432989999936, 0.0 ], [ 113.185103760000032, -7.769828069999953, 0.0 ], [ 113.185110600000058, -7.771353389999948, 0.0 ], [ 113.184832680000156, -7.77437207999996, 0.0 ], [ 113.184760680000068, -7.774336979999898, 0.0 ], [ 113.183195760000075, -7.77340943999998, 0.0 ], [ 113.180851440000083, -7.772982479999914, 0.0 ], [ 113.179738320000084, -7.77253634999995, 0.0 ], [ 113.179358520000022, -7.772384159999969, 0.0 ], [ 113.177131920000079, -7.771601519999962, 0.0 ], [ 113.17751748, -7.770348809999962, 0.0 ], [ 113.177043720000071, -7.76866202999993, 0.0 ], [ 113.176481040000141, -7.768609019999897, 0.0 ], [ 113.174346960000136, -7.768367009999945, 0.0 ], [ 113.174320320000064, -7.76928437999991, 0.0 ], [ 113.174260560000093, -7.77135662999995, 0.0 ], [ 113.171646960000118, -7.770932099999907, 0.0 ], [ 113.169981599999986, -7.77066165, 0.0 ], [ 113.166744120000089, -7.770003929999937, 0.0 ], [ 113.166678960000027, -7.77020112, 0.0 ], [ 113.16627828, -7.771279319999948, 0.0 ], [ 113.166179640000095, -7.771625099999959, 0.0 ], [ 113.165086680000087, -7.771133609999971, 0.0 ], [ 113.16518928000005, -7.770885479999958, 0.0 ], [ 113.165995320000121, -7.769264759999974, 0.0 ], [ 113.16674376000006, -7.767783359999971, 0.0 ], [ 113.166603720000012, -7.76749068, 0.0 ], [ 113.166574920000031, -7.767405449999966, 0.0 ], [ 113.16658392000015, -7.767291599999961, 0.0 ], [ 113.16662136000005, -7.767116099999917, 0.0 ], [ 113.166795240000056, -7.766339399999957, 0.0 ], [ 113.166764640000096, -7.766164529999966, 0.0 ], [ 113.16666846980597, -7.766058003015665, 0.0 ], [ 113.166833625000123, -7.765450424999944, 0.0 ], [ 113.166855513938074, -7.765344542296894, 0.0 ], [ 113.166869625106131, -7.765297676504048, 0.0 ], [ 113.167432322000096, -7.765438514999936, 0.0 ], [ 113.167677615000144, -7.76472817799996, 0.0 ], [ 113.167980108000208, -7.763543079999959, 0.0 ], [ 113.16810825000006, -7.76298453899993, 0.0 ], [ 113.168134778000223, -7.762954850999961, 0.0 ], [ 113.16815254800018, -7.762951777999973, 0.0 ], [ 113.168899947000028, -7.763039514999949, 0.0 ], [ 113.169055166000163, -7.762675414999933, 0.0 ], [ 113.169151412000048, -7.76236764699987, 0.0 ], [ 113.169168122000187, -7.762157800999915, 0.0 ], [ 113.169154724000052, -7.761862432999902, 0.0 ], [ 113.16914614599996, -7.761836357999965, 0.0 ], [ 113.169114670061305, -7.761497224696392, 0.0 ], [ 113.169122640000069, -7.761497759999926, 0.0 ], [ 113.169123360000029, -7.761357, 0.0 ], [ 113.169089880000101, -7.761098519999933, 0.0 ], [ 113.1706656, -7.76115513, 0.0 ], [ 113.170946040000118, -7.759889729999927, 0.0 ], [ 113.171372640000072, -7.758337589999933, 0.0 ], [ 113.176297080000026, -7.758787949999981, 0.0 ], [ 113.176544040000024, -7.758187469999946, 0.0 ], [ 113.17672944, -7.757697239999974, 0.0 ], [ 113.178062519999983, -7.757907569999968, 0.0 ], [ 113.178167640000069, -7.757923229999932, 0.0 ], [ 113.179733280000022, -7.758147509999926, 0.0 ], [ 113.179704480000041, -7.758721169999962, 0.0 ], [ 113.179418280000078, -7.760955689999928, 0.0 ], [ 113.179310640000054, -7.761887369999922, 0.0 ], [ 113.179412520000042, -7.762011569999984, 0.0 ], [ 113.179455, -7.762058279999941, 0.0 ], [ 113.179648320000098, -7.762122809999951, 0.0 ], [ 113.181868440000031, -7.76254787999995, 0.0 ], [ 113.182451640000053, -7.762696559999906, 0.0 ], [ 113.182527959999973, -7.76278458, 0.0 ], [ 113.182536600000077, -7.7628951, 0.0 ], [ 113.182537680000067, -7.763175539999924, 0.0 ], [ 113.182610040000114, -7.763212619999972, 0.0 ], [ 113.182928280000056, -7.76327948999991, 0.0 ], [ 113.183897400000134, -7.763459129999941, 0.0 ], [ 113.184091079999988, -7.763488379999963, 0.0 ], [ 113.184327600000117, -7.763544269999969, 0.0 ], [ 113.184803160000115, -7.763622749999978, 0.0 ], [ 113.185355760000093, -7.763723819999903, 0.0 ], [ 113.185505880000079, -7.76372292, 0.0 ], [ 113.185739879999986, -7.763718239999974, 0.0 ] ] ] ] } },
{ "type": "Feature", "properties": { "KDPPUM": null, "NAMOBJ": "KEL. SUKOHARJO", "REMARK": "Wilayah Administrasi Keluruhan/Desa", "KDPBPS": null, "FCODE": null, "LUASWH": 0.0, "UUPP": null, "SRS_ID": null, "LCODE": "BA0020", "METADATA": null, "KDEBPS": null, "KDEPUM": null, "KDCBPS": null, "KDCPUM": null, "KDBBPS": null, "KDBPUM": null, "WADMKD": null, "WIADKD": null, "WADMKC": "MAYANGAN", "WIADKC": null, "WADMKK": "KOTA PROBOLINGGO", "WIADKK": null, "WADMPR": "JAWA TIMUR", "WIADPR": null, "TIPADM": 0, "SHAPE_Leng": 0.04049898472, "SHAPE_Area": 5.863469e-05 }, "geometry": { "type": "MultiPolygon", "coordinates": [ [ [ [ 113.232584160000073, -7.766679509999943, 0.0 ], [ 113.232426840000016, -7.767053459999975, 0.0 ], [ 113.232355560000073, -7.767228509999981, 0.0 ], [ 113.232191040000046, -7.767402929999935, 0.0 ], [ 113.232029760000032, -7.767539819999982, 0.0 ], [ 113.231984040000071, -7.767631529999932, 0.0 ], [ 113.232153600000061, -7.767823319999902, 0.0 ], [ 113.23237572000005, -7.767908369999923, 0.0 ], [ 113.232489840000085, -7.767949949999988, 0.0 ], [ 113.232530880000013, -7.768032569999985, 0.0 ], [ 113.232438000000144, -7.768339919999924, 0.0 ], [ 113.232328560000056, -7.768587149999952, 0.0 ], [ 113.232228120000102, -7.768675169999952, 0.0 ], [ 113.232131280000075, -7.768747979999937, 0.0 ], [ 113.232071520000105, -7.768927799999982, 0.0 ], [ 113.232076200000051, -7.76905155, 0.0 ], [ 113.232149640000088, -7.769158109999942, 0.0 ], [ 113.232305880000055, -7.769209769999954, 0.0 ], [ 113.232356280000133, -7.769217689999987, 0.0 ], [ 113.232339360000068, -7.769529, 0.0 ], [ 113.23231524000002, -7.769698379999969, 0.0 ], [ 113.232305520000111, -7.769768219999975, 0.0 ], [ 113.232240360000134, -7.76991473999993, 0.0 ], [ 113.232120840000107, -7.770028590000024, 0.0 ], [ 113.231945160000052, -7.770056399999927, 0.0 ], [ 113.23184688, -7.770071789999957, 0.0 ], [ 113.23179611999997, -7.770479399999932, 0.0 ], [ 113.231760480000048, -7.770704849999934, 0.0 ], [ 113.231696760000105, -7.770828869999981, 0.0 ], [ 113.231614679999964, -7.770885029999921, 0.0 ], [ 113.231417400000083, -7.770844799999967, 0.0 ], [ 113.231145240000032, -7.770755699999967, 0.0 ], [ 113.231016360000027, -7.770746519999918, 0.0 ], [ 113.230932840000037, -7.770810599999979, 0.0 ], [ 113.230809360000038, -7.771115969999933, 0.0 ], [ 113.230648800000083, -7.77142701, 0.0 ], [ 113.230560600000061, -7.771673159999938, 0.0 ], [ 113.230560960000091, -7.772275079999915, 0.0 ], [ 113.230559160000126, -7.77240054, 0.0 ], [ 113.230397520000068, -7.77234915, 0.0 ], [ 113.230308240000141, -7.772319989999989, 0.0 ], [ 113.229401760000101, -7.772043689999954, 0.0 ], [ 113.229173520000046, -7.771983929999983, 0.0 ], [ 113.22861840000003, -7.771838309999925, 0.0 ], [ 113.228204760000011, -7.771727069999958, 0.0 ], [ 113.22795528000006, -7.771660019999917, 0.0 ], [ 113.227907040000062, -7.771643549999975, 0.0 ], [ 113.22618876, -7.77112046999995, 0.0 ], [ 113.226170760000016, -7.769476169999969, 0.0 ], [ 113.226158880000099, -7.768995479999987, 0.0 ], [ 113.226138360000093, -7.768518479999955, 0.0 ], [ 113.22499932000008, -7.768906289999979, 0.0 ], [ 113.225250960000039, -7.766669609999923, 0.0 ], [ 113.226026040000036, -7.766669519999915, 0.0 ], [ 113.226712200000051, -7.76666943, 0.0 ], [ 113.226960600000098, -7.765375589999969, 0.0 ], [ 113.226995160000115, -7.763331419999943, 0.0 ], [ 113.227316640000069, -7.761710340000018, 0.0 ], [ 113.227554960000063, -7.760420279999948, 0.0 ], [ 113.227665120000125, -7.759333889999944, 0.0 ], [ 113.227974719999978, -7.758825209999955, 0.0 ], [ 113.22884664, -7.759251449999962, 0.0 ], [ 113.229828360000056, -7.759713059999964, 0.0 ], [ 113.23038636000004, -7.759964429999979, 0.0 ], [ 113.23113732, -7.760329379999977, 0.0 ], [ 113.230542240000048, -7.762335299999947, 0.0 ], [ 113.230516320000135, -7.762505759999929, 0.0 ], [ 113.230402920000074, -7.762956479999918, 0.0 ], [ 113.231405520000067, -7.763155379999944, 0.0 ], [ 113.230779840000082, -7.766669069999967, 0.0 ], [ 113.232584160000073, -7.766679509999943, 0.0 ] ] ] ] } },
{ "type": "Feature", "properties": { "KDPPUM": null, "NAMOBJ": "KEL. MAYANGAN", "REMARK": "Wilayah Administrasi Keluruhan/Desa", "KDPBPS": null, "FCODE": null, "LUASWH": 0.0, "UUPP": null, "SRS_ID": null, "LCODE": "BA0020", "METADATA": null, "KDEBPS": null, "KDEPUM": null, "KDCBPS": null, "KDCPUM": null, "KDBBPS": null, "KDBPUM": null, "WADMKD": null, "WIADKD": null, "WADMKC": "MAYANGAN", "WIADKC": null, "WADMKK": "KOTA PROBOLINGGO", "WIADKK": null, "WADMPR": "JAWA TIMUR", "WIADPR": null, "TIPADM": 0, "SHAPE_Leng": 0.0769682731, "SHAPE_Area": 7.870271e-05 }, "geometry": { "type": "MultiPolygon", "coordinates": [ [ [ [ 113.220194400000068, -7.733889989999955, 0.0 ], [ 113.220298440000064, -7.738842509999923, 0.0 ], [ 113.219867880000052, -7.738844759999932, 0.0 ], [ 113.219124120000075, -7.738841699999945, 0.0 ], [ 113.218396920000032, -7.738767719999952, 0.0 ], [ 113.21837496, -7.739672219999918, 0.0 ], [ 113.218325280000059, -7.739698049999923, 0.0 ], [ 113.218147440000081, -7.739729369999939, 0.0 ], [ 113.218068600000038, -7.73972711999993, 0.0 ], [ 113.217555600000054, -7.739680409999973, 0.0 ], [ 113.21689896000008, -7.739633069999964, 0.0 ], [ 113.216831280000079, -7.739630909999963, 0.0 ], [ 113.21641836000002, -7.73958744, 0.0 ], [ 113.21630352000011, -7.739584919999977, 0.0 ], [ 113.21649468000011, -7.74006831, 0.0 ], [ 113.216729760000021, -7.74103968, 0.0 ], [ 113.216701680000014, -7.741550429999979, 0.0 ], [ 113.216613840000022, -7.7424642, 0.0 ], [ 113.21652528000007, -7.74276156, 0.0 ], [ 113.21651663999998, -7.742794409999966, 0.0 ], [ 113.216429880000078, -7.743359699999932, 0.0 ], [ 113.216029200000051, -7.743293099999928, 0.0 ], [ 113.215426920000056, -7.743199499999911, 0.0 ], [ 113.215137120000051, -7.74315584999994, 0.0 ], [ 113.214758040000135, -7.743098969999942, 0.0 ], [ 113.213954519999987, -7.74292356, 0.0 ], [ 113.213641680000038, -7.742875499999926, 0.0 ], [ 113.213601720000028, -7.742878740000016, 0.0 ], [ 113.212371960000056, -7.742758500000015, 0.0 ], [ 113.211744840000037, -7.742713229999911, 0.0 ], [ 113.21163, -7.742706119999944, 0.0 ], [ 113.211182520000051, -7.742711249999925, 0.0 ], [ 113.21086428000001, -7.74277667999992, 0.0 ], [ 113.210467920000085, -7.74299223, 0.0 ], [ 113.210480520000061, -7.742779920000011, 0.0 ], [ 113.210521920000019, -7.742517029999931, 0.0 ], [ 113.210546400000084, -7.742044079999967, 0.0 ], [ 113.210517960000047, -7.741610639999987, 0.0 ], [ 113.21044668, -7.739534879999923, 0.0 ], [ 113.210507160000034, -7.739375129999939, 0.0 ], [ 113.210467954972103, -7.739058792182487, 0.0 ], [ 113.210487000000143, -7.739047999999872, 0.0 ], [ 113.210564000000218, -7.738932, 0.0 ], [ 113.210655698888161, -7.738879096795294, 0.0 ], [ 113.210745120000098, -7.73882792999996, 0.0 ], [ 113.210920801933725, -7.738793929363876, 0.0 ], [ 113.21096800000025, -7.738785, 0.0 ], [ 113.211105000000217, -7.738761, 0.0 ], [ 113.211147760845392, -7.738729029274573, 0.0 ], [ 113.21121528, -7.738681229999901, 0.0 ], [ 113.211278767158291, -7.738408040147561, 0.0 ], [ 113.21128000000013, -7.738403, 0.0 ], [ 113.211311000000109, -7.738104, 0.0 ], [ 113.211334, -7.737895, 0.0 ], [ 113.211425806790416, -7.737703403220088, 0.0 ], [ 113.211550080000094, -7.737604109999953, 0.0 ], [ 113.21197308, -7.73748359999993, 0.0 ], [ 113.212210680000126, -7.737462449999956, 0.0 ], [ 113.212211797412863, -7.737462017950715, 0.0 ], [ 113.21221200000015, -7.737462, 0.0 ], [ 113.212261541623576, -7.737442784278549, 0.0 ], [ 113.212921320000035, -7.737187679999959, 0.0 ], [ 113.213089450530248, -7.737125745261732, 0.0 ], [ 113.213118999279828, -7.737114996196983, 0.0 ], [ 113.21316576000001, -7.737106139999963, 0.0 ], [ 113.213347920000075, -7.737059609999932, 0.0 ], [ 113.213414214253362, -7.73709465382866, 0.0 ], [ 113.213478, -7.737129, 0.0 ], [ 113.2135770000002, -7.737191, 0.0 ], [ 113.213577003319415, -7.737190984414124, 0.0 ], [ 113.213578320000039, -7.737191819999946, 0.0 ], [ 113.213623680000069, -7.73697555, 0.0 ], [ 113.214141720000029, -7.736667209999972, 0.0 ], [ 113.214418560000013, -7.736608439999905, 0.0 ], [ 113.215097687945274, -7.736464157589531, 0.0 ], [ 113.215179, -7.736447, 0.0 ], [ 113.215196239210286, -7.736443043459886, 0.0 ], [ 113.215300920000104, -7.736419889999937, 0.0 ], [ 113.215302844424016, -7.7364104610004, 0.0 ], [ 113.215355, -7.736169, 0.0 ], [ 113.215416, -7.735725, 0.0 ], [ 113.215449954198064, -7.73528605587477, 0.0 ], [ 113.215487399999986, -7.734833189999925, 0.0 ], [ 113.215660920000047, -7.732587959999961, 0.0 ], [ 113.215711151669268, -7.732054927029843, 0.0 ], [ 113.215874000000184, -7.730361, 0.0 ], [ 113.216064, -7.728113, 0.0 ], [ 113.216094962358099, -7.72783134241979, 0.0 ], [ 113.216709600000044, -7.727803199999929, 0.0 ], [ 113.216727960000057, -7.727905979999907, 0.0 ], [ 113.216732160677552, -7.72792924046777, 0.0 ], [ 113.216751000000187, -7.728039, 0.0 ], [ 113.216690000000114, -7.728846999999874, 0.0 ], [ 113.21666757987586, -7.729148604052273, 0.0 ], [ 113.216603400000054, -7.729977329999961, 0.0 ], [ 113.216559120000028, -7.730484299999986, 0.0 ], [ 113.21637336000002, -7.732488599999911, 0.0 ], [ 113.216758968188159, -7.732533970954016, 0.0 ], [ 113.216755104505722, -7.732651897261491, 0.0 ], [ 113.216732639999989, -7.733235599999901, 0.0 ], [ 113.216714669046468, -7.733363673816431, 0.0 ], [ 113.216705, -7.733421999999869, 0.0 ], [ 113.216665681147134, -7.733665870503927, 0.0 ], [ 113.216619240000114, -7.733943269999923, 0.0 ], [ 113.216606868147153, -7.734136135323546, 0.0 ], [ 113.216591000000264, -7.734352999999896, 0.0 ], [ 113.216566433617913, -7.734490701036957, 0.0 ], [ 113.216551920000057, -7.734566069999939, 0.0 ], [ 113.21631288, -7.73646596999993, 0.0 ], [ 113.216613480000078, -7.736510249999952, 0.0 ], [ 113.216861159999965, -7.736508449999981, 0.0 ], [ 113.217020640000115, -7.735193909999929, 0.0 ], [ 113.217004080000066, -7.734915900000018, 0.0 ], [ 113.216913, -7.7346837, 0.0 ], [ 113.216958720000136, -7.733531429999953, 0.0 ], [ 113.217172200000036, -7.731300779999952, 0.0 ], [ 113.217203315798159, -7.731006464834024, 0.0 ], [ 113.217255, -7.730537, 0.0 ], [ 113.217492000000121, -7.728293, 0.0 ], [ 113.217522626204897, -7.727589775223233, 0.0 ], [ 113.217544800000042, -7.727100030000013, 0.0 ], [ 113.217861600000148, -7.727079509999914, 0.0 ], [ 113.218263, -7.727114519999969, 0.0 ], [ 113.218763400000071, -7.727188769999984, 0.0 ], [ 113.219366760000071, -7.727233499999954, 0.0 ], [ 113.219367539428774, -7.727232965628918, 0.0 ], [ 113.219368000000173, -7.727233, 0.0 ], [ 113.219475000000145, -7.72716, 0.0 ], [ 113.219520000000145, -7.727038, 0.0 ], [ 113.219535, -7.726903, 0.0 ], [ 113.219547876508003, -7.726886287936409, 0.0 ], [ 113.219583565215629, -7.726843410136521, 0.0 ], [ 113.219650363802558, -7.726903590430247, 0.0 ], [ 113.220012960000076, -7.727233409999947, 0.0 ], [ 113.220075867362496, -7.727269348041379, 0.0 ], [ 113.2201, -7.727284, 0.0 ], [ 113.220101571241884, -7.727284032285777, 0.0 ], [ 113.220102600000033, -7.72728462000001, 0.0 ], [ 113.220246364560012, -7.727287288896491, 0.0 ], [ 113.220277225300819, -7.727311744577882, 0.0 ], [ 113.2202988, -7.727329799999929, 0.0 ], [ 113.220297600075583, -7.727348418308601, 0.0 ], [ 113.220268000000118, -7.727759, 0.0 ], [ 113.220261, -7.727932, 0.0 ], [ 113.220274681164724, -7.72796506281437, 0.0 ], [ 113.220318240000111, -7.728077519999978, 0.0 ], [ 113.220508680000052, -7.728462809999971, 0.0 ], [ 113.221464120000064, -7.729548119999976, 0.0 ], [ 113.221846800000108, -7.729969949999973, 0.0 ], [ 113.222005920000029, -7.73016039, 0.0 ], [ 113.22211140000006, -7.730359199999938, 0.0 ], [ 113.22211400000019, -7.730386461765672, 0.0 ], [ 113.22211400000019, -7.730422999999888, 0.0 ], [ 113.22202470239958, -7.730441644553878, 0.0 ], [ 113.221803960000116, -7.73035253999992, 0.0 ], [ 113.220890959591586, -7.72944641492326, 0.0 ], [ 113.220299000000111, -7.728858, 0.0 ], [ 113.220222, -7.728821, 0.0 ], [ 113.220219872423357, -7.728821945589594, 0.0 ], [ 113.220219600000021, -7.728821819999922, 0.0 ], [ 113.220211903999839, -7.728825487111159, 0.0 ], [ 113.220177, -7.728841, 0.0 ], [ 113.220047, -7.730072, 0.0 ], [ 113.219921155494646, -7.731470730732728, 0.0 ], [ 113.21986292710676, -7.732105959728887, 0.0 ], [ 113.218480069606784, -7.732054054153227, 0.0 ], [ 113.218080480000054, -7.732038779999908, 0.0 ], [ 113.218058562230581, -7.732040954917043, 0.0 ], [ 113.21796400000018, -7.73205, 0.0 ], [ 113.217963943208545, -7.732050344035326, 0.0 ], [ 113.217963480000137, -7.732050389999891, 0.0 ], [ 113.217839640000108, -7.732783889999919, 0.0 ], [ 113.217833415518641, -7.732927965283, 0.0 ], [ 113.217827000000213, -7.733025, 0.0 ], [ 113.217861012428472, -7.733134431291379, 0.0 ], [ 113.217872400000061, -7.733173409999907, 0.0 ], [ 113.217938280000098, -7.733253779999895, 0.0 ], [ 113.218057800000125, -7.733265839999916, 0.0 ], [ 113.218150320000049, -7.733212739999964, 0.0 ], [ 113.218377119999985, -7.73308268999995, 0.0 ], [ 113.218493928299822, -7.733034408041696, 0.0 ], [ 113.218939291395387, -7.733096466833668, 0.0 ], [ 113.219099280000052, -7.733118869999924, 0.0 ], [ 113.219299091328253, -7.733171129712304, 0.0 ], [ 113.219345935261956, -7.733237661676064, 0.0 ], [ 113.219367480000045, -7.733269889999985, 0.0 ], [ 113.219375818198969, -7.733336757722988, 0.0 ], [ 113.219398, -7.733529, 0.0 ], [ 113.219421, -7.733646, 0.0 ], [ 113.219424922561771, -7.73364796674403, 0.0 ], [ 113.219425440000037, -7.733650409999939, 0.0 ], [ 113.219656552391044, -7.733764104262743, 0.0 ], [ 113.219780000000156, -7.733826, 0.0 ], [ 113.219857721940954, -7.733843363412209, 0.0 ], [ 113.220059400000096, -7.733889449999911, 0.0 ], [ 113.220186691666896, -7.733889959166664, 0.0 ], [ 113.220192000000139, -7.73389, 0.0 ], [ 113.220194400000068, -7.733889989999955, 0.0 ] ] ] ] } },
{ "type": "Feature", "properties": { "KDPPUM": null, "NAMOBJ": "TEGALREJO", "REMARK": "Wilayah Administrasi Keluruhan/Desa", "KDPBPS": null, "FCODE": null, "LUASWH": 0.0, "UUPP": null, "SRS_ID": null, "LCODE": "BA0020", "METADATA": null, "KDEBPS": null, "KDEPUM": null, "KDCBPS": null, "KDCPUM": null, "KDBBPS": null, "KDBPUM": null, "WADMKD": null, "WIADKD": null, "WADMKC": "DRINGU", "WIADKC": null, "WADMKK": "PROBOLINGGO", "WIADKK": null, "WADMPR": "JAWA TIMUR", "WIADPR": null, "TIPADM": 0, "SHAPE_Leng": 0.08424488932, "SHAPE_Area": 0.0002173539 }, "geometry": { "type": "MultiPolygon", "coordinates": [ [ [ [ 113.241164997000126, -7.799419705999934, 0.0 ], [ 113.241157231000201, -7.799505056999891, 0.0 ], [ 113.24114286200016, -7.799585562999891, 0.0 ], [ 113.241125104000204, -7.799661206999932, 0.0 ], [ 113.241110394000231, -7.79967764199996, 0.0 ], [ 113.240894526000048, -7.799657457999977, 0.0 ], [ 113.240708166000076, -7.799620759999961, 0.0 ], [ 113.240420813000014, -7.799481122999865, 0.0 ], [ 113.240384471000127, -7.799463240999984, 0.0 ], [ 113.24034373800022, -7.79954714, 0.0 ], [ 113.24029542453934, -7.799526553326121, 0.0 ], [ 113.240369880000159, -7.799323499999968, 0.0 ], [ 113.240541600000071, -7.798774769999952, 0.0 ], [ 113.241004920000037, -7.798192289999985, 0.0 ], [ 113.240883600000117, -7.798127399999945, 0.0 ], [ 113.240826, -7.798032809999935, 0.0 ], [ 113.240855880000041, -7.797916799999928, 0.0 ], [ 113.240943845594146, -7.797846196036275, 0.0 ], [ 113.240941698000043, -7.797849246999935, 0.0 ], [ 113.240910438000114, -7.797929661999927, 0.0 ], [ 113.240901011000048, -7.797997851999884, 0.0 ], [ 113.240913684000034, -7.79809023399989, 0.0 ], [ 113.240958078000148, -7.798160578999937, 0.0 ], [ 113.241060974000234, -7.798228173999934, 0.0 ], [ 113.241230531000042, -7.798295234999976, 0.0 ], [ 113.241284103000126, -7.798306789999867, 0.0 ], [ 113.241347329000206, -7.798334921999885, 0.0 ], [ 113.241398654, -7.798359591999972, 0.0 ], [ 113.241433250000128, -7.798386610999987, 0.0 ], [ 113.241452421000204, -7.798407835999878, 0.0 ], [ 113.241459760000097, -7.798438703999945, 0.0 ], [ 113.241458829000194, -7.798488503999891, 0.0 ], [ 113.241415357000065, -7.798619229999961, 0.0 ], [ 113.241378912000158, -7.798680151999939, 0.0 ], [ 113.241347683000143, -7.798724237999945, 0.0 ], [ 113.241305759000056, -7.798752745999906, 0.0 ], [ 113.241193625, -7.79878894599997, 0.0 ], [ 113.241091750000024, -7.798800961999898, 0.0 ], [ 113.240961184000057, -7.798828132999926, 0.0 ], [ 113.240926176, -7.798850367999901, 0.0 ], [ 113.240899614000028, -7.79887255999996, 0.0 ], [ 113.240882249, -7.798909612999918, 0.0 ], [ 113.240875919000018, -7.798942, 0.0 ], [ 113.240880331000113, -7.79902665399992, 0.0 ], [ 113.240925193000095, -7.799100700999919, 0.0 ], [ 113.240963359000062, -7.799138363999926, 0.0 ], [ 113.241017211000255, -7.799174589, 0.0 ], [ 113.241067171000026, -7.799209568999867, 0.0 ], [ 113.241106572, -7.79924062899995, 0.0 ], [ 113.241142102000097, -7.799274329999985, 0.0 ], [ 113.24115796900017, -7.799306869999924, 0.0 ], [ 113.241166327000059, -7.799360595999929, 0.0 ], [ 113.241164997000126, -7.799419705999934, 0.0 ] ] ], [ [ [ 113.239588830000017, -7.794024586999939, 0.0 ], [ 113.239609625000043, -7.794028272999888, 0.0 ], [ 113.239624681999956, -7.794020691999972, 0.0 ], [ 113.239714361000182, -7.793837667999927, 0.0 ], [ 113.239761021000135, -7.793730150999913, 0.0 ], [ 113.239784942999989, -7.79361895799995, 0.0 ], [ 113.239795922000098, -7.793547416999981, 0.0 ], [ 113.240073849000183, -7.793601976999877, 0.0 ], [ 113.240180010000174, -7.793454652999944, 0.0 ], [ 113.24019188, -7.793452149999915, 0.0 ], [ 113.240413592000138, -7.793574151999884, 0.0 ], [ 113.240704319000116, -7.793744860999976, 0.0 ], [ 113.240909061000181, -7.793753175999953, 0.0 ], [ 113.241097485000054, -7.793770975999916, 0.0 ], [ 113.241222413000088, -7.793807818999944, 0.0 ], [ 113.241465380000022, -7.793921393999927, 0.0 ], [ 113.24155036300013, -7.793965496999935, 0.0 ], [ 113.241791143000157, -7.794075287999959, 0.0 ], [ 113.241844489000044, -7.79410058099992, 0.0 ], [ 113.241877628000125, -7.794120557999886, 0.0 ], [ 113.24204668199998, -7.794219883999933, 0.0 ], [ 113.242354620999976, -7.794408754999928, 0.0 ], [ 113.242434709000023, -7.794459932999899, 0.0 ], [ 113.242490079000078, -7.794514494999884, 0.0 ], [ 113.242498174000033, -7.794546984999908, 0.0 ], [ 113.242483136000033, -7.794824503999866, 0.0 ], [ 113.242480431000075, -7.794850001999933, 0.0 ], [ 113.242233253000151, -7.79481597699996, 0.0 ], [ 113.242217709000187, -7.79483015699989, 0.0 ], [ 113.241959673528186, -7.795343573555115, 0.0 ], [ 113.241920040000082, -7.79534387999994, 0.0 ], [ 113.241469680000023, -7.7952726, 0.0 ], [ 113.241289320000121, -7.795239209999984, 0.0 ], [ 113.240906280000132, -7.795168289999978, 0.0 ], [ 113.240165760000053, -7.795009889999928, 0.0 ], [ 113.239297440000058, -7.794866699999982, 0.0 ], [ 113.239013400000104, -7.794734939999916, 0.0 ], [ 113.238864, -7.794665639999955, 0.0 ], [ 113.238721440000106, -7.7945994899999, 0.0 ], [ 113.238746640000059, -7.794403919999972, 0.0 ], [ 113.238615240000016, -7.794246599999923, 0.0 ], [ 113.23854108, -7.794056159999975, 0.0 ], [ 113.238542160000094, -7.793787509999952, 0.0 ], [ 113.238280080000081, -7.793332020000012, 0.0 ], [ 113.23797732, -7.792931699999929, 0.0 ], [ 113.237879400000153, -7.792680959999966, 0.0 ], [ 113.237720280000048, -7.792408979999934, 0.0 ], [ 113.237669520000011, -7.791936659999934, 0.0 ], [ 113.237360280000104, -7.791200729999971, 0.0 ], [ 113.237192880000109, -7.790836139999914, 0.0 ], [ 113.237139473563047, -7.790584904085087, 0.0 ], [ 113.237152336000037, -7.790590077999894, 0.0 ], [ 113.237248591000181, -7.790617764999876, 0.0 ], [ 113.23728546300012, -7.790637270999891, 0.0 ], [ 113.237308286000058, -7.790670949999924, 0.0 ], [ 113.237336909000206, -7.790741197999875, 0.0 ], [ 113.23739422900006, -7.790895880999884, 0.0 ], [ 113.237451579000194, -7.7910420699999, 0.0 ], [ 113.23748867599997, -7.791103777999943, 0.0 ], [ 113.237537102000161, -7.791174011999981, 0.0 ], [ 113.237607794000056, -7.791271239999944, 0.0 ], [ 113.237653349000183, -7.791335523999933, 0.0 ], [ 113.237669210000078, -7.791366798999945, 0.0 ], [ 113.237677483000056, -7.79144700499992, 0.0 ], [ 113.237679945000082, -7.791544772999927, 0.0 ], [ 113.237686182000147, -7.791607367999955, 0.0 ], [ 113.23776219000014, -7.791861360999921, 0.0 ], [ 113.237849993000211, -7.79202844499989, 0.0 ], [ 113.237914545000223, -7.792109347999922, 0.0 ], [ 113.237975676000119, -7.792193611999966, 0.0 ], [ 113.238000176000014, -7.792233245999871, 0.0 ], [ 113.23807122600013, -7.792440090999932, 0.0 ], [ 113.238146573000236, -7.792667970999958, 0.0 ], [ 113.238333437000151, -7.793207853999952, 0.0 ], [ 113.238380522000043, -7.793363043999914, 0.0 ], [ 113.238442683000045, -7.793472153999883, 0.0 ], [ 113.238469926000249, -7.793521894999913, 0.0 ], [ 113.238504139000057, -7.793589311999895, 0.0 ], [ 113.238523842000092, -7.793654455999956, 0.0 ], [ 113.238853847000129, -7.793734857999947, 0.0 ], [ 113.239251864000025, -7.793872105999935, 0.0 ], [ 113.239588830000017, -7.794024586999939, 0.0 ] ] ], [ [ [ 113.237175227000066, -7.789876385999907, 0.0 ], [ 113.23709938552723, -7.79039632093075, 0.0 ], [ 113.23709064, -7.79035517999991, 0.0 ], [ 113.237049600000063, -7.790045849999984, 0.0 ], [ 113.236932240000115, -7.789616369999976, 0.0 ], [ 113.237030160000046, -7.78921469999996, 0.0 ], [ 113.237034835224165, -7.789194954785696, 0.0 ], [ 113.237203956000045, -7.789234869999941, 0.0 ], [ 113.237175227000066, -7.789876385999907, 0.0 ] ] ], [ [ [ 113.23752854400017, -7.783155873999938, 0.0 ], [ 113.237523357181274, -7.78317164727267, 0.0 ], [ 113.237524080000057, -7.783158059999941, 0.0 ], [ 113.237351582561331, -7.782759280036046, 0.0 ], [ 113.237409592000091, -7.782836045999943, 0.0 ], [ 113.237445526000229, -7.78287607099988, 0.0 ], [ 113.237500087000214, -7.782947718999946, 0.0 ], [ 113.237522002000063, -7.783021616999932, 0.0 ], [ 113.237532099000106, -7.783093589999936, 0.0 ], [ 113.23752854400017, -7.783155873999938, 0.0 ] ] ], [ [ [ 113.237256047000173, -7.782531763, 0.0 ], [ 113.237257348074976, -7.782539594730455, 0.0 ], [ 113.237154720000049, -7.782297749999902, 0.0 ], [ 113.237107560000055, -7.782186599999942, 0.0 ], [ 113.237083440000106, -7.782011189999906, 0.0 ], [ 113.237085580587021, -7.782007955212624, 0.0 ], [ 113.237121829000088, -7.782109261999938, 0.0 ], [ 113.237142691000031, -7.782167802999897, 0.0 ], [ 113.237153711000147, -7.782216545999933, 0.0 ], [ 113.23719097300004, -7.782366093999961, 0.0 ], [ 113.237225981000094, -7.782456912999926, 0.0 ], [ 113.237256047000173, -7.782531763, 0.0 ] ] ], [ [ [ 113.237313358000037, -7.781670764999983, 0.0 ], [ 113.237305813536054, -7.781675156911618, 0.0 ], [ 113.237332641665461, -7.781634637567471, 0.0 ], [ 113.237335216999981, -7.781635494999907, 0.0 ], [ 113.23733696900004, -7.781641630999971, 0.0 ], [ 113.237330911000157, -7.781654856999911, 0.0 ], [ 113.237313358000037, -7.781670764999983, 0.0 ] ] ] ] } },
{ "type": "Feature", "properties": { "KDPPUM": null, "NAMOBJ": "PABEAN", "REMARK": "Wilayah Administrasi Keluruhan/Desa", "KDPBPS": null, "FCODE": null, "LUASWH": 0.0, "UUPP": null, "SRS_ID": null, "LCODE": "BA0020", "METADATA": null, "KDEBPS": null, "KDEPUM": null, "KDCBPS": null, "KDCPUM": null, "KDBBPS": null, "KDBPUM": null, "WADMKD": null, "WIADKD": null, "WADMKC": "DRINGU", "WIADKC": null, "WADMKK": "PROBOLINGGO", "WIADKK": null, "WADMPR": "JAWA TIMUR", "WIADPR": null, "TIPADM": 0, "SHAPE_Leng": 0.06826212386, "SHAPE_Area": 0.00017797574 }, "geometry": { "type": "MultiPolygon", "coordinates": [ [ [ [ 113.234637819000085, -7.756836075999953, 0.0 ], [ 113.234638342286388, -7.756935193413696, 0.0 ], [ 113.233950360000136, -7.756562339999952, 0.0 ], [ 113.232931560000125, -7.756258859999978, 0.0 ], [ 113.232904237474912, -7.75604732613391, 0.0 ], [ 113.233027433000061, -7.756099870999968, 0.0 ], [ 113.233100910000104, -7.756132018999963, 0.0 ], [ 113.233239179000094, -7.75619292599994, 0.0 ], [ 113.233810561000027, -7.756336870999949, 0.0 ], [ 113.233921548000154, -7.756424941999864, 0.0 ], [ 113.234225727000094, -7.756502600999895, 0.0 ], [ 113.234402105000214, -7.756577224999941, 0.0 ], [ 113.23466825200002, -7.756684000999893, 0.0 ], [ 113.234637819000085, -7.756836075999953, 0.0 ] ] ], [ [ [ 113.236650356000069, -7.746289101999928, 0.0 ], [ 113.237108644000145, -7.7464293919999, 0.0 ], [ 113.237123303000118, -7.746304420999952, 0.0 ], [ 113.237800655000029, -7.746283059999961, 0.0 ], [ 113.237826238000011, -7.746287986999924, 0.0 ], [ 113.237789774000021, -7.746500731999941, 0.0 ], [ 113.237755772000142, -7.746599504999942, 0.0 ], [ 113.237783306000196, -7.746846615999871, 0.0 ], [ 113.237776240000059, -7.747277453999903, 0.0 ], [ 113.238123168999977, -7.747357777999888, 0.0 ], [ 113.237501246000221, -7.749144613999938, 0.0 ], [ 113.237106927000099, -7.749019623999899, 0.0 ], [ 113.237023038000174, -7.749336454999913, 0.0 ], [ 113.236645752000044, -7.749196372999958, 0.0 ], [ 113.236592623000178, -7.749366549999916, 0.0 ], [ 113.236474036000132, -7.749791827999932, 0.0 ], [ 113.2364520900001, -7.749796281999945, 0.0 ], [ 113.235972689000036, -7.749691528999982, 0.0 ], [ 113.235883990000076, -7.749918464999929, 0.0 ], [ 113.235813720000039, -7.750083128999965, 0.0 ], [ 113.23578833200024, -7.750086786999912, 0.0 ], [ 113.235534875000141, -7.750118030999921, 0.0 ], [ 113.235297399000117, -7.750133194999933, 0.0 ], [ 113.235099677000107, -7.75013423299993, 0.0 ], [ 113.234741216000117, -7.750078095999903, 0.0 ], [ 113.234697329000028, -7.750073807999904, 0.0 ], [ 113.234641461000024, -7.750135734999965, 0.0 ], [ 113.23456533700012, -7.750196592999938, 0.0 ], [ 113.234451164, -7.750283496999934, 0.0 ], [ 113.234388431000056, -7.75034726699997, 0.0 ], [ 113.234360606000237, -7.750398924999981, 0.0 ], [ 113.234334086000089, -7.750485277999932, 0.0 ], [ 113.234321031000079, -7.750560444999934, 0.0 ], [ 113.23429331300018, -7.750632255999925, 0.0 ], [ 113.234232146000096, -7.750752137999896, 0.0 ], [ 113.234219949000064, -7.750791422999949, 0.0 ], [ 113.234218975000061, -7.750819352999951, 0.0 ], [ 113.234226979000013, -7.750835035999916, 0.0 ], [ 113.23424615800009, -7.750858431999898, 0.0 ], [ 113.23428801, -7.750901951999946, 0.0 ], [ 113.234336658000217, -7.750958810999943, 0.0 ], [ 113.234357012000032, -7.750992322999963, 0.0 ], [ 113.234355083000224, -7.751051616999895, 0.0 ], [ 113.234339412000082, -7.751154992999922, 0.0 ], [ 113.234310706000102, -7.751181170999956, 0.0 ], [ 113.234270268000131, -7.751207500999914, 0.0 ], [ 113.234222657000018, -7.751248147, 0.0 ], [ 113.234169776000087, -7.751309605999925, 0.0 ], [ 113.234139206000037, -7.751336786999953, 0.0 ], [ 113.234096122000111, -7.751428107999871, 0.0 ], [ 113.233928255, -7.751493152999924, 0.0 ], [ 113.233883469940068, -7.751551847947137, 0.0 ], [ 113.233893840000079, -7.751469149999892, 0.0 ], [ 113.234245560000133, -7.750097459999907, 0.0 ], [ 113.234254920000026, -7.75002654, 0.0 ], [ 113.234258520000054, -7.750000529999969, 0.0 ], [ 113.234281200000069, -7.749829709999958, 0.0 ], [ 113.23443492, -7.749497969999954, 0.0 ], [ 113.234781960000106, -7.74908622, 0.0 ], [ 113.234883120000035, -7.748899109999964, 0.0 ], [ 113.234976720000063, -7.748680769999929, 0.0 ], [ 113.235216480000091, -7.748535509999989, 0.0 ], [ 113.235275880000032, -7.74843048, 0.0 ], [ 113.235375600000111, -7.74825336, 0.0 ], [ 113.235459480000031, -7.748142299999962, 0.0 ], [ 113.235668279999985, -7.747866629999979, 0.0 ], [ 113.235748920000091, -7.747734959999921, 0.0 ], [ 113.235634800000057, -7.747124939999896, 0.0 ], [ 113.235593400000099, -7.746828479999969, 0.0 ], [ 113.23562112, -7.74659367, 0.0 ], [ 113.235744240000059, -7.74626885999994, 0.0 ], [ 113.2358616, -7.746007139999957, 0.0 ], [ 113.235997320000038, -7.745409539999983, 0.0 ], [ 113.236083, -7.745181479999943, 0.0 ], [ 113.236176240000091, -7.744299929999922, 0.0 ], [ 113.236179120000074, -7.74423, 0.0 ], [ 113.236187759999979, -7.744036229999953, 0.0 ], [ 113.236397640000035, -7.743483809999898, 0.0 ], [ 113.236561800000118, -7.74308574, 0.0 ], [ 113.236634520000095, -7.742710079999917, 0.0 ], [ 113.236641720000065, -7.742385989999924, 0.0 ], [ 113.236612920000084, -7.742046059999954, 0.0 ], [ 113.236822800000041, -7.741182869999943, 0.0 ], [ 113.236919280000023, -7.740768509999942, 0.0 ], [ 113.236948621779874, -7.74066713484607, 0.0 ], [ 113.236955641, -7.740686732999926, 0.0 ], [ 113.236949904000156, -7.740746678999912, 0.0 ], [ 113.236917919000092, -7.740944488999936, 0.0 ], [ 113.236895148999977, -7.741175145999925, 0.0 ], [ 113.236874962, -7.741342890999949, 0.0 ], [ 113.236830899000168, -7.741531726999941, 0.0 ], [ 113.236749058000058, -7.741769471999895, 0.0 ], [ 113.23666835800023, -7.74199663799995, 0.0 ], [ 113.236650716000099, -7.742108609999978, 0.0 ], [ 113.236665677, -7.74240919699989, 0.0 ], [ 113.236673937000248, -7.742430932999913, 0.0 ], [ 113.236698592000067, -7.742444358999958, 0.0 ], [ 113.236767004000214, -7.742465779999954, 0.0 ], [ 113.236849030000073, -7.742489839999902, 0.0 ], [ 113.236876508000122, -7.742514185999962, 0.0 ], [ 113.236876752000143, -7.742560454999971, 0.0 ], [ 113.236879873000049, -7.74264213499989, 0.0 ], [ 113.236888466000138, -7.742712849999879, 0.0 ], [ 113.236897332000169, -7.742835256999882, 0.0 ], [ 113.236901142000121, -7.743047518999948, 0.0 ], [ 113.236883262000248, -7.743284385999917, 0.0 ], [ 113.236831202000204, -7.743543844999891, 0.0 ], [ 113.236840302000061, -7.743611484999892, 0.0 ], [ 113.23687466800007, -7.743850878999893, 0.0 ], [ 113.236923041000153, -7.744068058999922, 0.0 ], [ 113.236959064000118, -7.744168090999938, 0.0 ], [ 113.236973230000231, -7.744232903999972, 0.0 ], [ 113.236977474000042, -7.744626538999945, 0.0 ], [ 113.23699185100017, -7.744660442999908, 0.0 ], [ 113.237020455000135, -7.744699875999885, 0.0 ], [ 113.23703200700011, -7.744736686999911, 0.0 ], [ 113.237032396000146, -7.744810246999958, 0.0 ], [ 113.237024176000091, -7.744866861999935, 0.0 ], [ 113.237001774000106, -7.744926443999891, 0.0 ], [ 113.236690181000071, -7.746090165999899, 0.0 ], [ 113.236650356000069, -7.746289101999928, 0.0 ] ] ] ] } },
{ "type": "Feature", "properties": { "KDPPUM": null, "NAMOBJ": "KEL. JATI", "REMARK": "Wilayah Administrasi Keluruhan/Desa", "KDPBPS": null, "FCODE": null, "LUASWH": 0.0, "UUPP": null, "SRS_ID": null, "LCODE": "BA0020", "METADATA": null, "KDEBPS": null, "KDEPUM": null, "KDCBPS": null, "KDCPUM": null, "KDBBPS": null, "KDBPUM": null, "WADMKD": null, "WIADKD": null, "WADMKC": "MAYANGAN", "WIADKC": null, "WADMKK": "KOTA PROBOLINGGO", "WIADKK": null, "WADMPR": "JAWA TIMUR", "WIADPR": null, "TIPADM": 0, "SHAPE_Leng": 0.06186564058, "SHAPE_Area": 8.975167e-05 }, "geometry": { "type": "MultiPolygon", "coordinates": [ [ [ [ 113.230337040000123, -7.751748959999951, 0.0 ], [ 113.229914400000069, -7.752825899999973, 0.0 ], [ 113.229550440000054, -7.75374507, 0.0 ], [ 113.229423360000027, -7.75405971, 0.0 ], [ 113.228942760000137, -7.755223769999954, 0.0 ], [ 113.22834408000007, -7.755700949999913, 0.0 ], [ 113.228079480000034, -7.756432649999969, 0.0 ], [ 113.227974719999978, -7.758825209999955, 0.0 ], [ 113.227665120000125, -7.759333889999944, 0.0 ], [ 113.227554960000063, -7.760420279999948, 0.0 ], [ 113.227316640000069, -7.761710340000018, 0.0 ], [ 113.226995160000115, -7.763331419999943, 0.0 ], [ 113.226960600000098, -7.765375589999969, 0.0 ], [ 113.226712200000051, -7.76666943, 0.0 ], [ 113.226026040000036, -7.766669519999915, 0.0 ], [ 113.225250960000039, -7.766669609999923, 0.0 ], [ 113.225258160000095, -7.765105139999974, 0.0 ], [ 113.22560916000009, -7.763642819999951, 0.0 ], [ 113.22529236, -7.763430149999941, 0.0 ], [ 113.22499932000008, -7.763235119999969, 0.0 ], [ 113.225013360000091, -7.763136930000016, 0.0 ], [ 113.225121360000145, -7.762381199999925, 0.0 ], [ 113.225252040000129, -7.761733559999897, 0.0 ], [ 113.225286960000076, -7.761341789999989, 0.0 ], [ 113.225294880000121, -7.760848769999964, 0.0 ], [ 113.225301, -7.76047814999994, 0.0 ], [ 113.225469120000056, -7.760134709999946, 0.0 ], [ 113.225712840000057, -7.75963655999994, 0.0 ], [ 113.226285600000111, -7.757990099999958, 0.0 ], [ 113.226079320000096, -7.757908739999976, 0.0 ], [ 113.226042240000041, -7.757883449999927, 0.0 ], [ 113.22567755999998, -7.757673839999903, 0.0 ], [ 113.224940280000084, -7.757328689999945, 0.0 ], [ 113.224453920000073, -7.757109269999908, 0.0 ], [ 113.224415760000028, -7.75709316, 0.0 ], [ 113.224201920000013, -7.757003159999922, 0.0 ], [ 113.224002840000054, -7.756894349999889, 0.0 ], [ 113.22394524, -7.756862669999933, 0.0 ], [ 113.223520080000085, -7.75664226, 0.0 ], [ 113.22233136000014, -7.756113959999979, 0.0 ], [ 113.220244800000074, -7.756673039999963, 0.0 ], [ 113.220083880000075, -7.756726769999968, 0.0 ], [ 113.219904240000048, -7.756702199999978, 0.0 ], [ 113.21954964000011, -7.75659797999997, 0.0 ], [ 113.219287200000068, -7.756529579999906, 0.0 ], [ 113.219676720000052, -7.75484217, 0.0 ], [ 113.219509320000057, -7.754580089999898, 0.0 ], [ 113.219148960000084, -7.754135849999912, 0.0 ], [ 113.218811280000025, -7.753677659999926, 0.0 ], [ 113.218765560000065, -7.753569749999969, 0.0 ], [ 113.21876808, -7.753400369999987, 0.0 ], [ 113.21888004000003, -7.753071239999933, 0.0 ], [ 113.218853400000057, -7.752459779999967, 0.0 ], [ 113.218809840000091, -7.752124169999909, 0.0 ], [ 113.21911548000007, -7.75175705999991, 0.0 ], [ 113.219244000000131, -7.751602799999937, 0.0 ], [ 113.219426160000012, -7.751412359999989, 0.0 ], [ 113.219487720000046, -7.751281769999931, 0.0 ], [ 113.219414640000124, -7.750531259999917, 0.0 ], [ 113.21936784, -7.75005678, 0.0 ], [ 113.221997280000124, -7.750411469999953, 0.0 ], [ 113.221939320000033, -7.750875059999942, 0.0 ], [ 113.221830600000089, -7.751499839999944, 0.0 ], [ 113.22176040000015, -7.752134429999959, 0.0 ], [ 113.22175248000012, -7.752260519999911, 0.0 ], [ 113.22164808, -7.752966479999969, 0.0 ], [ 113.222215440000056, -7.75302479999991, 0.0 ], [ 113.22230220000003, -7.752318839999941, 0.0 ], [ 113.222658960000061, -7.750164959999985, 0.0 ], [ 113.222673360000016, -7.75002654, 0.0 ], [ 113.222675880000139, -7.750000439999962, 0.0 ], [ 113.22279, -7.748903069999937, 0.0 ], [ 113.222953800000042, -7.747933949999954, 0.0 ], [ 113.22299736, -7.74764469, 0.0 ], [ 113.224864680000138, -7.747793909999913, 0.0 ], [ 113.2258014, -7.747925579999972, 0.0 ], [ 113.226366599999977, -7.748383589999943, 0.0 ], [ 113.227340760000104, -7.750000529999969, 0.0 ], [ 113.227351920000046, -7.75002654, 0.0 ], [ 113.227630560000108, -7.750674180000019, 0.0 ], [ 113.227626600000036, -7.750701359999958, 0.0 ], [ 113.227578720000082, -7.751053169999935, 0.0 ], [ 113.227921440000017, -7.751113559999958, 0.0 ], [ 113.228000280000046, -7.751420549999956, 0.0 ], [ 113.228524800000017, -7.75158633, 0.0 ], [ 113.230337040000123, -7.751748959999951, 0.0 ] ] ] ] } },
{ "type": "Feature", "properties": { "KDPPUM": null, "NAMOBJ": "KEL. MANGUNHARJO", "REMARK": "Wilayah Administrasi Keluruhan/Desa", "KDPBPS": null, "FCODE": null, "LUASWH": 0.0, "UUPP": null, "SRS_ID": null, "LCODE": "BA0020", "METADATA": null, "KDEBPS": null, "KDEPUM": null, "KDCBPS": null, "KDCPUM": null, "KDBBPS": null, "KDBPUM": null, "WADMKD": null, "WIADKD": null, "WADMKC": "MAYANGAN", "WIADKC": null, "WADMKK": "KOTA PROBOLINGGO", "WIADKK": null, "WADMPR": "JAWA TIMUR", "WIADPR": null, "TIPADM": 0, "SHAPE_Leng": 0.09883201453, "SHAPE_Area": 0.00025726432 }, "geometry": { "type": "MultiPolygon", "coordinates": [ [ [ [ 113.236948621779874, -7.74066713484607, 0.0 ], [ 113.236919280000023, -7.740768509999942, 0.0 ], [ 113.236822800000041, -7.741182869999943, 0.0 ], [ 113.236612920000084, -7.742046059999954, 0.0 ], [ 113.236641720000065, -7.742385989999924, 0.0 ], [ 113.236634520000095, -7.742710079999917, 0.0 ], [ 113.236561800000118, -7.74308574, 0.0 ], [ 113.236397640000035, -7.743483809999898, 0.0 ], [ 113.236187759999979, -7.744036229999953, 0.0 ], [ 113.236179120000074, -7.74423, 0.0 ], [ 113.236176240000091, -7.744299929999922, 0.0 ], [ 113.236083, -7.745181479999943, 0.0 ], [ 113.235997320000038, -7.745409539999983, 0.0 ], [ 113.2358616, -7.746007139999957, 0.0 ], [ 113.235744240000059, -7.74626885999994, 0.0 ], [ 113.23562112, -7.74659367, 0.0 ], [ 113.235593400000099, -7.746828479999969, 0.0 ], [ 113.235634800000057, -7.747124939999896, 0.0 ], [ 113.235748920000091, -7.747734959999921, 0.0 ], [ 113.235668279999985, -7.747866629999979, 0.0 ], [ 113.235459480000031, -7.748142299999962, 0.0 ], [ 113.235375600000111, -7.74825336, 0.0 ], [ 113.235275880000032, -7.74843048, 0.0 ], [ 113.235216480000091, -7.748535509999989, 0.0 ], [ 113.234976720000063, -7.748680769999929, 0.0 ], [ 113.234883120000035, -7.748899109999964, 0.0 ], [ 113.234781960000106, -7.74908622, 0.0 ], [ 113.23443492, -7.749497969999954, 0.0 ], [ 113.234281200000069, -7.749829709999958, 0.0 ], [ 113.234258520000054, -7.750000529999969, 0.0 ], [ 113.234254920000026, -7.75002654, 0.0 ], [ 113.234245560000133, -7.750097459999907, 0.0 ], [ 113.233893840000079, -7.751469149999892, 0.0 ], [ 113.233883469940068, -7.751551847947137, 0.0 ], [ 113.233818938000098, -7.751636422999876, 0.0 ], [ 113.233780951000057, -7.7519007779999, 0.0 ], [ 113.233612039000121, -7.752178652999888, 0.0 ], [ 113.233560204022481, -7.752335427393533, 0.0 ], [ 113.231128680000083, -7.751882879999929, 0.0 ], [ 113.230685880000038, -7.751804669999942, 0.0 ], [ 113.230337040000123, -7.751748959999951, 0.0 ], [ 113.228524800000017, -7.75158633, 0.0 ], [ 113.228000280000046, -7.751420549999956, 0.0 ], [ 113.227921440000017, -7.751113559999958, 0.0 ], [ 113.227578720000082, -7.751053169999935, 0.0 ], [ 113.227626600000036, -7.750701359999958, 0.0 ], [ 113.227630560000108, -7.750674180000019, 0.0 ], [ 113.227351920000046, -7.75002654, 0.0 ], [ 113.227340760000104, -7.750000529999969, 0.0 ], [ 113.226366599999977, -7.748383589999943, 0.0 ], [ 113.2258014, -7.747925579999972, 0.0 ], [ 113.224864680000138, -7.747793909999913, 0.0 ], [ 113.22299736, -7.74764469, 0.0 ], [ 113.222953800000042, -7.747933949999954, 0.0 ], [ 113.22279, -7.748903069999937, 0.0 ], [ 113.222675880000139, -7.750000439999962, 0.0 ], [ 113.222673360000016, -7.75002654, 0.0 ], [ 113.222658960000061, -7.750164959999985, 0.0 ], [ 113.22230220000003, -7.752318839999941, 0.0 ], [ 113.222215440000056, -7.75302479999991, 0.0 ], [ 113.22164808, -7.752966479999969, 0.0 ], [ 113.22175248000012, -7.752260519999911, 0.0 ], [ 113.22176040000015, -7.752134429999959, 0.0 ], [ 113.221830600000089, -7.751499839999944, 0.0 ], [ 113.221939320000033, -7.750875059999942, 0.0 ], [ 113.221997280000124, -7.750411469999953, 0.0 ], [ 113.21936784, -7.75005678, 0.0 ], [ 113.219414640000124, -7.750531259999917, 0.0 ], [ 113.219487720000046, -7.751281769999931, 0.0 ], [ 113.219426160000012, -7.751412359999989, 0.0 ], [ 113.219244000000131, -7.751602799999937, 0.0 ], [ 113.21911548000007, -7.75175705999991, 0.0 ], [ 113.218809840000091, -7.752124169999909, 0.0 ], [ 113.218853400000057, -7.752459779999967, 0.0 ], [ 113.21888004000003, -7.753071239999933, 0.0 ], [ 113.21876808, -7.753400369999987, 0.0 ], [ 113.218765560000065, -7.753569749999969, 0.0 ], [ 113.218811280000025, -7.753677659999926, 0.0 ], [ 113.219148960000084, -7.754135849999912, 0.0 ], [ 113.219509320000057, -7.754580089999898, 0.0 ], [ 113.219676720000052, -7.75484217, 0.0 ], [ 113.219287200000068, -7.756529579999906, 0.0 ], [ 113.219105400000117, -7.756482059999971, 0.0 ], [ 113.218885800000066, -7.75642382999995, 0.0 ], [ 113.21867664, -7.756369019999944, 0.0 ], [ 113.218353000000121, -7.756307009999965, 0.0 ], [ 113.21830836000008, -7.75630097999991, 0.0 ], [ 113.217598080000016, -7.75617219, 0.0 ], [ 113.21731764, -7.755627509999965, 0.0 ], [ 113.217217920000095, -7.755283979999962, 0.0 ], [ 113.217151680000029, -7.75484072999997, 0.0 ], [ 113.21698932000001, -7.75387611, 0.0 ], [ 113.216895, -7.751554199999912, 0.0 ], [ 113.216744160000061, -7.75051947, 0.0 ], [ 113.216657760000103, -7.75002654, 0.0 ], [ 113.216653079999986, -7.750000349999954, 0.0 ], [ 113.216378040000137, -7.749945629999957, 0.0 ], [ 113.215640400000126, -7.749850049999953, 0.0 ], [ 113.215373640000081, -7.749806759999924, 0.0 ], [ 113.214290040000037, -7.749636389999949, 0.0 ], [ 113.213869560000063, -7.749620729999986, 0.0 ], [ 113.213910960000035, -7.748204759999979, 0.0 ], [ 113.213930760000068, -7.747793369999957, 0.0 ], [ 113.214276360000071, -7.74783045, 0.0 ], [ 113.215512960000069, -7.747930529999937, 0.0 ], [ 113.215663080000056, -7.746247439999944, 0.0 ], [ 113.215838040000136, -7.745071770000013, 0.0 ], [ 113.215939200000065, -7.74449505, 0.0 ], [ 113.216029200000051, -7.743293099999928, 0.0 ], [ 113.216429880000078, -7.743359699999932, 0.0 ], [ 113.21651663999998, -7.742794409999966, 0.0 ], [ 113.21652528000007, -7.74276156, 0.0 ], [ 113.216613840000022, -7.7424642, 0.0 ], [ 113.216701680000014, -7.741550429999979, 0.0 ], [ 113.216729760000021, -7.74103968, 0.0 ], [ 113.21649468000011, -7.74006831, 0.0 ], [ 113.21630352000011, -7.739584919999977, 0.0 ], [ 113.21641836000002, -7.73958744, 0.0 ], [ 113.216831280000079, -7.739630909999963, 0.0 ], [ 113.21689896000008, -7.739633069999964, 0.0 ], [ 113.217555600000054, -7.739680409999973, 0.0 ], [ 113.218068600000038, -7.73972711999993, 0.0 ], [ 113.218147440000081, -7.739729369999939, 0.0 ], [ 113.218325280000059, -7.739698049999923, 0.0 ], [ 113.21837496, -7.739672219999918, 0.0 ], [ 113.218396920000032, -7.738767719999952, 0.0 ], [ 113.219124120000075, -7.738841699999945, 0.0 ], [ 113.219867880000052, -7.738844759999932, 0.0 ], [ 113.220298440000064, -7.738842509999923, 0.0 ], [ 113.220194400000068, -7.733889989999955, 0.0 ], [ 113.220197360000057, -7.73389, 0.0 ], [ 113.220247680000043, -7.73389016999997, 0.0 ], [ 113.22042732000007, -7.73384859, 0.0 ], [ 113.220530320590441, -7.733867677036567, 0.0 ], [ 113.220558000000224, -7.733873, 0.0 ], [ 113.220637589972441, -7.733941771917731, 0.0 ], [ 113.220761040000056, -7.73405189999994, 0.0 ], [ 113.220837827679034, -7.734132911001225, 0.0 ], [ 113.220901000000183, -7.734203, 0.0 ], [ 113.221031, -7.734269, 0.0 ], [ 113.221031193568464, -7.734268951693537, 0.0 ], [ 113.221032120000018, -7.734269429999909, 0.0 ], [ 113.221597320000157, -7.734127769999912, 0.0 ], [ 113.221652399995122, -7.734114000001171, 0.0 ], [ 113.221875137183986, -7.734058710628091, 0.0 ], [ 113.222152080000143, -7.73410139999995, 0.0 ], [ 113.222273040000019, -7.734169889999933, 0.0 ], [ 113.222368256322937, -7.734321337015039, 0.0 ], [ 113.222389000000106, -7.734355, 0.0 ], [ 113.222399123669661, -7.734400290100442, 0.0 ], [ 113.222462760000084, -7.734695309999974, 0.0 ], [ 113.22250398948826, -7.734892835551268, 0.0 ], [ 113.222519, -7.734968999999882, 0.0 ], [ 113.222763000000242, -7.735341, 0.0 ], [ 113.222946000000192, -7.735529, 0.0 ], [ 113.222949443625481, -7.735531395565378, 0.0 ], [ 113.222995397687555, -7.735566098805304, 0.0 ], [ 113.223739000000165, -7.736682, 0.0 ], [ 113.224121, -7.737260999999897, 0.0 ], [ 113.224228, -7.737435999999899, 0.0 ], [ 113.22422, -7.737678, 0.0 ], [ 113.22422, -7.73781830285656, 0.0 ], [ 113.224219920000081, -7.737822899999937, 0.0 ], [ 113.22422, -7.737822910390026, 0.0 ], [ 113.22422, -7.737823, 0.0 ], [ 113.224275864536366, -7.737830165869799, 0.0 ], [ 113.224598280000038, -7.737872039999917, 0.0 ], [ 113.224876560000141, -7.737904619999949, 0.0 ], [ 113.225685001234723, -7.738216996804194, 0.0 ], [ 113.226043000000104, -7.738383, 0.0 ], [ 113.226364000000203, -7.738525, 0.0 ], [ 113.227119, -7.738838, 0.0 ], [ 113.227564109301298, -7.739081592154797, 0.0 ], [ 113.22772164, -7.73916858, 0.0 ], [ 113.227835022772865, -7.739233461153329, 0.0 ], [ 113.22794300000011, -7.739295999999875, 0.0 ], [ 113.227945417410467, -7.739296632402628, 0.0 ], [ 113.22794592, -7.739296919999951, 0.0 ], [ 113.228179200000113, -7.739358839999923, 0.0 ], [ 113.228583840000013, -7.739230319999947, 0.0 ], [ 113.229045720000045, -7.739172179999933, 0.0 ], [ 113.229347040000107, -7.73912475, 0.0 ], [ 113.229702471859866, -7.738994230877562, 0.0 ], [ 113.23024, -7.738797999999882, 0.0 ], [ 113.230456640357573, -7.738714464946785, 0.0 ], [ 113.230476360000026, -7.738706969999988, 0.0 ], [ 113.230658160000047, -7.738689149999935, 0.0 ], [ 113.230895275673817, -7.738771340873953, 0.0 ], [ 113.230934000000133, -7.738785, 0.0 ], [ 113.231027141902601, -7.738836417701791, 0.0 ], [ 113.231154240000066, -7.738907399999963, 0.0 ], [ 113.231219318556569, -7.738962049943378, 0.0 ], [ 113.231384, -7.739103, 0.0 ], [ 113.231522000000112, -7.739168, 0.0 ], [ 113.231522985623783, -7.739168098562345, 0.0 ], [ 113.231523240000129, -7.739168219999961, 0.0 ], [ 113.231552000759592, -7.739170992121338, 0.0 ], [ 113.231553120000029, -7.739171099999933, 0.0 ], [ 113.231620421294437, -7.739137826039101, 0.0 ], [ 113.231651000000127, -7.739123, 0.0 ], [ 113.231666500688959, -7.739116011984539, 0.0 ], [ 113.231775600000134, -7.739068319999955, 0.0 ], [ 113.231922840000067, -7.73906769, 0.0 ], [ 113.232159360000097, -7.739231129999926, 0.0 ], [ 113.2323192, -7.739421209999932, 0.0 ], [ 113.232406957409964, -7.739614258318685, 0.0 ], [ 113.232361, -7.739893, 0.0 ], [ 113.232446886614341, -7.739948168044243, 0.0 ], [ 113.232498120000059, -7.739981819999954, 0.0 ], [ 113.232742476144182, -7.740085775490215, 0.0 ], [ 113.232750000000109, -7.740089, 0.0 ], [ 113.232750126170302, -7.740089030011312, 0.0 ], [ 113.232751560000153, -7.74008964, 0.0 ], [ 113.23283663062341, -7.740109606313219, 0.0 ], [ 113.2329560000002, -7.740138, 0.0 ], [ 113.232957051756472, -7.740137869489995, 0.0 ], [ 113.232957480000138, -7.74013797, 0.0 ], [ 113.233093200000084, -7.740121589999973, 0.0 ], [ 113.233180680000046, -7.740045359999971, 0.0 ], [ 113.233248360000047, -7.739785259999945, 0.0 ], [ 113.233270861272274, -7.73972305060018, 0.0 ], [ 113.23330700000011, -7.73963299999987, 0.0 ], [ 113.233428788594779, -7.739484258191666, 0.0 ], [ 113.233464346023609, -7.739462585985681, 0.0 ], [ 113.233565915351662, -7.739401051283281, 0.0 ], [ 113.234077800000023, -7.739340929999951, 0.0 ], [ 113.234467917389608, -7.73932330313616, 0.0 ], [ 113.236275, -7.739609, 0.0 ], [ 113.236345519110557, -7.739622082873112, 0.0 ], [ 113.236467746132305, -7.739645485873094, 0.0 ], [ 113.236467726000143, -7.739645593999935, 0.0 ], [ 113.236458507000094, -7.739682785, 0.0 ], [ 113.23644600400003, -7.739805845999872, 0.0 ], [ 113.2364490060002, -7.739879120999984, 0.0 ], [ 113.23646521400012, -7.73996281099998, 0.0 ], [ 113.236486791000218, -7.740072588999915, 0.0 ], [ 113.236521353000143, -7.740150939999914, 0.0 ], [ 113.23657428400017, -7.740226574999955, 0.0 ], [ 113.237075034000128, -7.740286754999961, 0.0 ], [ 113.236934254000204, -7.740627018999959, 0.0 ], [ 113.236948621779874, -7.74066713484607, 0.0 ] ] ] ] } },
{ "type": "Feature", "properties": { "KDPPUM": null, "NAMOBJ": "KEL. TISNONEGARAN", "REMARK": "Wilayah Administrasi Keluruhan/Desa", "KDPBPS": null, "FCODE": null, "LUASWH": 0.0, "UUPP": null, "SRS_ID": null, "LCODE": "BA0020", "METADATA": null, "KDEBPS": null, "KDEPUM": null, "KDCBPS": null, "KDCPUM": null, "KDBBPS": null, "KDBPUM": null, "WADMKD": null, "WIADKD": null, "WADMKC": "MAYANGAN", "WIADKC": null, "WADMKK": "KOTA PROBOLINGGO", "WIADKK": null, "WADMPR": "JAWA TIMUR", "WIADPR": null, "TIPADM": 0, "SHAPE_Leng": 0.05275679176, "SHAPE_Area": 8.73765e-05 }, "geometry": { "type": "MultiPolygon", "coordinates": [ [ [ [ 113.21698932000001, -7.75387611, 0.0 ], [ 113.21667828000011, -7.75382346, 0.0 ], [ 113.21604576, -7.75369106999997, 0.0 ], [ 113.215658040000079, -7.753637069999943, 0.0 ], [ 113.213811240000041, -7.755488729999939, 0.0 ], [ 113.212915560000098, -7.756823879999921, 0.0 ], [ 113.212900080000054, -7.756853669999899, 0.0 ], [ 113.212776960000085, -7.757246249999962, 0.0 ], [ 113.212636920000037, -7.757722529999935, 0.0 ], [ 113.212321560000063, -7.758731159999989, 0.0 ], [ 113.212307520000053, -7.759176119999946, 0.0 ], [ 113.212294560000046, -7.75957751999994, 0.0 ], [ 113.212101960000012, -7.760201489999965, 0.0 ], [ 113.212019160000082, -7.760176469999937, 0.0 ], [ 113.2118625600001, -7.76015729999995, 0.0 ], [ 113.21142336, -7.760182679999918, 0.0 ], [ 113.210947440000055, -7.760231099999928, 0.0 ], [ 113.210309880000054, -7.760544659999937, 0.0 ], [ 113.210091720000037, -7.760630969999973, 0.0 ], [ 113.209215120000067, -7.760432519999895, 0.0 ], [ 113.20917264000002, -7.76041802999994, 0.0 ], [ 113.208567120000097, -7.760286269999963, 0.0 ], [ 113.207743080000128, -7.760106809999947, 0.0 ], [ 113.206763160000051, -7.75973808, 0.0 ], [ 113.206487399999972, -7.759622789999955, 0.0 ], [ 113.206219920000052, -7.759525409999981, 0.0 ], [ 113.205831840000087, -7.759371689999963, 0.0 ], [ 113.20546176000002, -7.75922517, 0.0 ], [ 113.205061440000037, -7.758998369999983, 0.0 ], [ 113.204797560000046, -7.75889909999994, 0.0 ], [ 113.204469960000125, -7.758872459999957, 0.0 ], [ 113.204165400000051, -7.758816300000017, 0.0 ], [ 113.203559520000113, -7.758686699999952, 0.0 ], [ 113.20335432, -7.75864277999996, 0.0 ], [ 113.202595080000066, -7.75848617999997, 0.0 ], [ 113.20263936, -7.758136439999898, 0.0 ], [ 113.202766800000063, -7.7573133, 0.0 ], [ 113.202049680000059, -7.75711998, 0.0 ], [ 113.20139412, -7.757046180000017, 0.0 ], [ 113.201351280000011, -7.756801379999924, 0.0 ], [ 113.201203320000104, -7.755820469999943, 0.0 ], [ 113.200417080000065, -7.755859529999977, 0.0 ], [ 113.20034904000012, -7.755861509999963, 0.0 ], [ 113.200277399999976, -7.755866459999929, 0.0 ], [ 113.20015068000005, -7.755864479999943, 0.0 ], [ 113.199194880000022, -7.755863759999972, 0.0 ], [ 113.198307480000054, -7.75586313, 0.0 ], [ 113.198138640000025, -7.755748019999899, 0.0 ], [ 113.19826176, -7.755566489999978, 0.0 ], [ 113.198391, -7.755250319999931, 0.0 ], [ 113.198478120000132, -7.755004619999941, 0.0 ], [ 113.19863004, -7.754805449999893, 0.0 ], [ 113.198859360000057, -7.754627249999981, 0.0 ], [ 113.198987520000088, -7.754539049999966, 0.0 ], [ 113.19909696, -7.754362199999989, 0.0 ], [ 113.199129360000015, -7.754017679999905, 0.0 ], [ 113.19935760000007, -7.754008949999982, 0.0 ], [ 113.19947172, -7.75400246999989, 0.0 ], [ 113.199765120000038, -7.75394037, 0.0 ], [ 113.200840800000051, -7.753924619999932, 0.0 ], [ 113.201600760000048, -7.753900049999942, 0.0 ], [ 113.202382320000055, -7.753889609999966, 0.0 ], [ 113.202561600000053, -7.753887989999921, 0.0 ], [ 113.202670320000081, -7.753887, 0.0 ], [ 113.202758160000059, -7.753886549999979, 0.0 ], [ 113.202792360000132, -7.753884839999927, 0.0 ], [ 113.203310400000106, -7.753860449999951, 0.0 ], [ 113.204747160000053, -7.753807799999947, 0.0 ], [ 113.205983760000137, -7.753746149999909, 0.0 ], [ 113.206055760000055, -7.753733819999955, 0.0 ], [ 113.208292440000022, -7.75362617999993, 0.0 ], [ 113.210267040000062, -7.753543019999977, 0.0 ], [ 113.210569800000073, -7.753546259999979, 0.0 ], [ 113.211052560000141, -7.753520339999966, 0.0 ], [ 113.212131120000109, -7.753472729999935, 0.0 ], [ 113.212867680000045, -7.753455539999933, 0.0 ], [ 113.213255400000051, -7.753452389999939, 0.0 ], [ 113.213320920000143, -7.752839759999965, 0.0 ], [ 113.2134534, -7.752181859999975, 0.0 ], [ 113.213590920000101, -7.751496599999943, 0.0 ], [ 113.213663280000148, -7.751013929999974, 0.0 ], [ 113.213810880000096, -7.75002654, 0.0 ], [ 113.213814480000124, -7.750000259999947, 0.0 ], [ 113.213842560000145, -7.749812249999934, 0.0 ], [ 113.213869560000063, -7.749620729999986, 0.0 ], [ 113.214290040000037, -7.749636389999949, 0.0 ], [ 113.215373640000081, -7.749806759999924, 0.0 ], [ 113.215640400000126, -7.749850049999953, 0.0 ], [ 113.216378040000137, -7.749945629999957, 0.0 ], [ 113.216653079999986, -7.750000349999954, 0.0 ], [ 113.216657760000103, -7.75002654, 0.0 ], [ 113.216744160000061, -7.75051947, 0.0 ], [ 113.216895, -7.751554199999912, 0.0 ], [ 113.21698932000001, -7.75387611, 0.0 ] ] ] ] } },
{ "type": "Feature", "properties": { "KDPPUM": null, "NAMOBJ": "KEL. SUKABUMI", "REMARK": "Wilayah Administrasi Keluruhan/Desa", "KDPBPS": null, "FCODE": null, "LUASWH": 0.0, "UUPP": null, "SRS_ID": null, "LCODE": "BA0020", "METADATA": null, "KDEBPS": null, "KDEPUM": null, "KDCBPS": null, "KDCPUM": null, "KDBBPS": null, "KDBPUM": null, "WADMKD": null, "WIADKD": null, "WADMKC": "MAYANGAN", "WIADKC": null, "WADMKK": "KOTA PROBOLINGGO", "WIADKK": null, "WADMPR": "JAWA TIMUR", "WIADPR": null, "TIPADM": 0, "SHAPE_Leng": 0.0631716658, "SHAPE_Area": 0.00020063337 }, "geometry": { "type": "MultiPolygon", "coordinates": [ [ [ [ 113.210467954972103, -7.739058792182487, 0.0 ], [ 113.210507160000034, -7.739375129999939, 0.0 ], [ 113.21044668, -7.739534879999923, 0.0 ], [ 113.210517960000047, -7.741610639999987, 0.0 ], [ 113.210546400000084, -7.742044079999967, 0.0 ], [ 113.210521920000019, -7.742517029999931, 0.0 ], [ 113.210480520000061, -7.742779920000011, 0.0 ], [ 113.210467920000085, -7.74299223, 0.0 ], [ 113.21086428000001, -7.74277667999992, 0.0 ], [ 113.211182520000051, -7.742711249999925, 0.0 ], [ 113.21163, -7.742706119999944, 0.0 ], [ 113.211744840000037, -7.742713229999911, 0.0 ], [ 113.212371960000056, -7.742758500000015, 0.0 ], [ 113.213601720000028, -7.742878740000016, 0.0 ], [ 113.213641680000038, -7.742875499999926, 0.0 ], [ 113.213954519999987, -7.74292356, 0.0 ], [ 113.214758040000135, -7.743098969999942, 0.0 ], [ 113.215137120000051, -7.74315584999994, 0.0 ], [ 113.215426920000056, -7.743199499999911, 0.0 ], [ 113.216029200000051, -7.743293099999928, 0.0 ], [ 113.215939200000065, -7.74449505, 0.0 ], [ 113.215838040000136, -7.745071770000013, 0.0 ], [ 113.215663080000056, -7.746247439999944, 0.0 ], [ 113.215512960000069, -7.747930529999937, 0.0 ], [ 113.214276360000071, -7.74783045, 0.0 ], [ 113.213930760000068, -7.747793369999957, 0.0 ], [ 113.213910960000035, -7.748204759999979, 0.0 ], [ 113.213869560000063, -7.749620729999986, 0.0 ], [ 113.213842560000145, -7.749812249999934, 0.0 ], [ 113.213814480000124, -7.750000259999947, 0.0 ], [ 113.213810880000096, -7.75002654, 0.0 ], [ 113.213663280000148, -7.751013929999974, 0.0 ], [ 113.213590920000101, -7.751496599999943, 0.0 ], [ 113.2134534, -7.752181859999975, 0.0 ], [ 113.213320920000143, -7.752839759999965, 0.0 ], [ 113.213255400000051, -7.753452389999939, 0.0 ], [ 113.212867680000045, -7.753455539999933, 0.0 ], [ 113.212131120000109, -7.753472729999935, 0.0 ], [ 113.211052560000141, -7.753520339999966, 0.0 ], [ 113.210569800000073, -7.753546259999979, 0.0 ], [ 113.210267040000062, -7.753543019999977, 0.0 ], [ 113.208292440000022, -7.75362617999993, 0.0 ], [ 113.206055760000055, -7.753733819999955, 0.0 ], [ 113.205983760000137, -7.753746149999909, 0.0 ], [ 113.204747160000053, -7.753807799999947, 0.0 ], [ 113.203310400000106, -7.753860449999951, 0.0 ], [ 113.202792360000132, -7.753884839999927, 0.0 ], [ 113.202758160000059, -7.753886549999979, 0.0 ], [ 113.202670320000081, -7.753887, 0.0 ], [ 113.202561600000053, -7.753887989999921, 0.0 ], [ 113.202382320000055, -7.753889609999966, 0.0 ], [ 113.201600760000048, -7.753900049999942, 0.0 ], [ 113.200840800000051, -7.753924619999932, 0.0 ], [ 113.199765120000038, -7.75394037, 0.0 ], [ 113.19947172, -7.75400246999989, 0.0 ], [ 113.19935760000007, -7.754008949999982, 0.0 ], [ 113.199129360000015, -7.754017679999905, 0.0 ], [ 113.199200640000058, -7.753257089999945, 0.0 ], [ 113.199180840000011, -7.753013369999941, 0.0 ], [ 113.199189480000101, -7.752884849999965, 0.0 ], [ 113.199213599999965, -7.752516119999921, 0.0 ], [ 113.199286320000041, -7.751410109999981, 0.0 ], [ 113.19936012, -7.750717739999981, 0.0 ], [ 113.199350039999985, -7.75002654, 0.0 ], [ 113.19934968000004, -7.750000349999954, 0.0 ], [ 113.199341040000036, -7.749406169999908, 0.0 ], [ 113.199291720000033, -7.748598779999984, 0.0 ], [ 113.199248159999982, -7.748269109999974, 0.0 ], [ 113.199103080000057, -7.7479344, 0.0 ], [ 113.199038640000055, -7.747795349999944, 0.0 ], [ 113.199031080000054, -7.747573499999973, 0.0 ], [ 113.199185160000098, -7.746924959999959, 0.0 ], [ 113.1993396, -7.746433289999956, 0.0 ], [ 113.19939864, -7.74524790000002, 0.0 ], [ 113.199374160000019, -7.744933709999959, 0.0 ], [ 113.199162120000068, -7.744219109999985, 0.0 ], [ 113.198465519999985, -7.742911319999958, 0.0 ], [ 113.198392800000093, -7.74278000999993, 0.0 ], [ 113.198258520000081, -7.742536649999956, 0.0 ], [ 113.198179680000038, -7.742394359999906, 0.0 ], [ 113.19797196, -7.741737179999976, 0.0 ], [ 113.197877280000071, -7.741289879999915, 0.0 ], [ 113.197843800000143, -7.741092779999949, 0.0 ], [ 113.198075015733195, -7.741049377276223, 0.0 ], [ 113.198158, -7.741034, 0.0 ], [ 113.198199084326106, -7.741036154234273, 0.0 ], [ 113.198426280000021, -7.741048319999912, 0.0 ], [ 113.19916788, -7.741122749999942, 0.0 ], [ 113.199466680000128, -7.74111915, 0.0 ], [ 113.199467111156309, -7.741119028414769, 0.0 ], [ 113.19947, -7.741118999999898, 0.0 ], [ 113.199704774777004, -7.741052007711293, 0.0 ], [ 113.199857639999962, -7.741008899999937, 0.0 ], [ 113.199936608490376, -7.740968238534276, 0.0 ], [ 113.20038600000025, -7.740738, 0.0 ], [ 113.200468661377641, -7.740704365370423, 0.0 ], [ 113.200531920000159, -7.740679229999927, 0.0 ], [ 113.200617620489268, -7.740696615959799, 0.0 ], [ 113.201362, -7.740848, 0.0 ], [ 113.201496991071309, -7.740910045585505, 0.0 ], [ 113.201522280000034, -7.740921959999937, 0.0 ], [ 113.201758412777281, -7.741136252077975, 0.0 ], [ 113.201790000000159, -7.741164999999885, 0.0 ], [ 113.201790246618529, -7.74116514150225, 0.0 ], [ 113.201790840000044, -7.741165679999941, 0.0 ], [ 113.201805819757922, -7.741174076910131, 0.0 ], [ 113.201973000000109, -7.74127, 0.0 ], [ 113.201984399243088, -7.741274179722392, 0.0 ], [ 113.201987040000034, -7.741275659999893, 0.0 ], [ 113.201987730337066, -7.741275401123506, 0.0 ], [ 113.20200300000019, -7.741281, 0.0 ], [ 113.202872221789136, -7.740943716828987, 0.0 ], [ 113.202974160000082, -7.740905489999907, 0.0 ], [ 113.204275200000083, -7.740723330000023, 0.0 ], [ 113.204276742055541, -7.740723035973797, 0.0 ], [ 113.204277, -7.740723, 0.0 ], [ 113.204280860888545, -7.740722250629119, 0.0 ], [ 113.204516400000145, -7.740677339999948, 0.0 ], [ 113.204888280000091, -7.740457109999934, 0.0 ], [ 113.205074215780201, -7.740333292046266, 0.0 ], [ 113.20517, -7.74027, 0.0 ], [ 113.205225318730882, -7.740250187262944, 0.0 ], [ 113.205452040000111, -7.74016937999993, 0.0 ], [ 113.205762720000052, -7.74013365, 0.0 ], [ 113.206339080000049, -7.74003915, 0.0 ], [ 113.206485600000093, -7.740004409999958, 0.0 ], [ 113.206584240000083, -7.739923500000014, 0.0 ], [ 113.206930054831076, -7.739736027014168, 0.0 ], [ 113.207184, -7.739599999999893, 0.0 ], [ 113.207521265110927, -7.739252576301372, 0.0 ], [ 113.207850360000037, -7.738916849999946, 0.0 ], [ 113.208537240000027, -7.738477560000014, 0.0 ], [ 113.2088022, -7.738318349999897, 0.0 ], [ 113.20911648, -7.73824301999997, 0.0 ], [ 113.209373804555085, -7.738244998496537, 0.0 ], [ 113.2095535200001, -7.738300889999962, 0.0 ], [ 113.209599240000145, -7.738315109999984, 0.0 ], [ 113.20974360000001, -7.738431029999983, 0.0 ], [ 113.210087400000035, -7.738972739999952, 0.0 ], [ 113.21027172, -7.739079750000013, 0.0 ], [ 113.210412120000086, -7.73909675999991, 0.0 ], [ 113.210465378280716, -7.739060252307574, 0.0 ], [ 113.210467954972103, -7.739058792182487, 0.0 ] ] ] ] } },
{ "type": "Feature", "properties": { "KDPPUM": null, "NAMOBJ": "KEL. PILANG", "REMARK": "Wilayah Administrasi Keluruhan/Desa", "KDPBPS": null, "FCODE": null, "LUASWH": 0.0, "UUPP": null, "SRS_ID": null, "LCODE": "BA0020", "METADATA": null, "KDEBPS": null, "KDEPUM": null, "KDCBPS": null, "KDCPUM": null, "KDBBPS": null, "KDBPUM": null, "WADMKD": null, "WIADKD": null, "WADMKC": "KADEMANGAN", "WIADKC": null, "WADMKK": "KOTA PROBOLINGGO", "WIADKK": null, "WADMPR": "JAWA TIMUR", "WIADPR": null, "TIPADM": 0, "SHAPE_Leng": 0.08827070697, "SHAPE_Area": 0.00027713961 }, "geometry": { "type": "MultiPolygon", "coordinates": [ [ [ [ 113.199129360000015, -7.754017679999905, 0.0 ], [ 113.19889932, -7.754026679999939, 0.0 ], [ 113.198581080000039, -7.754036489999951, 0.0 ], [ 113.198537880000103, -7.754036669999966, 0.0 ], [ 113.197601880000107, -7.754046119999948, 0.0 ], [ 113.197306680000111, -7.754076449999971, 0.0 ], [ 113.195708280000105, -7.754040719999946, 0.0 ], [ 113.195588760000078, -7.75403837999993, 0.0 ], [ 113.19417936, -7.75399842, 0.0 ], [ 113.19378768, -7.756944839999981, 0.0 ], [ 113.193572760000066, -7.75819782, 0.0 ], [ 113.193498600000154, -7.75862928, 0.0 ], [ 113.193464760000111, -7.758931229999934, 0.0 ], [ 113.19327252, -7.76066408999996, 0.0 ], [ 113.193248040000114, -7.760863619999949, 0.0 ], [ 113.193093240000096, -7.761520889999886, 0.0 ], [ 113.193015840000086, -7.761820409999888, 0.0 ], [ 113.192862120000072, -7.762502519999927, 0.0 ], [ 113.192567640000135, -7.763958, 0.0 ], [ 113.192334720000048, -7.765344, 0.0 ], [ 113.192210880000104, -7.766081909999969, 0.0 ], [ 113.191666200000057, -7.768112669999951, 0.0 ], [ 113.191665840000027, -7.768855169999924, 0.0 ], [ 113.191665840000027, -7.769374829999933, 0.0 ], [ 113.192363520000114, -7.769526479999957, 0.0 ], [ 113.192209080000126, -7.770498389999904, 0.0 ], [ 113.191665840000027, -7.77261446999993, 0.0 ], [ 113.189065920000118, -7.77206951999996, 0.0 ], [ 113.188562280000014, -7.771963949999929, 0.0 ], [ 113.188469040000115, -7.771949549999892, 0.0 ], [ 113.186748960000088, -7.7716836, 0.0 ], [ 113.185110600000058, -7.771353389999948, 0.0 ], [ 113.185103760000032, -7.769828069999953, 0.0 ], [ 113.185426320000076, -7.767432989999936, 0.0 ], [ 113.185783080000107, -7.765566389999947, 0.0 ], [ 113.18566464000007, -7.765461089999938, 0.0 ], [ 113.18561136000001, -7.76531726999994, 0.0 ], [ 113.185638360000112, -7.765120799999938, 0.0 ], [ 113.185666800000078, -7.765018829999939, 0.0 ], [ 113.185682280000023, -7.764865559999958, 0.0 ], [ 113.185632960000021, -7.764045929999909, 0.0 ], [ 113.185697760000053, -7.76384748000001, 0.0 ], [ 113.185739879999986, -7.763718239999974, 0.0 ], [ 113.185784160000011, -7.763576039999933, 0.0 ], [ 113.18584032000004, -7.762060709999965, 0.0 ], [ 113.185748160000145, -7.761117869999936, 0.0 ], [ 113.185726560000049, -7.760725019999938, 0.0 ], [ 113.185829160000011, -7.760370689999931, 0.0 ], [ 113.185944360000036, -7.759711889999956, 0.0 ], [ 113.186066039999972, -7.758620369999971, 0.0 ], [ 113.186157840000106, -7.75800107999989, 0.0 ], [ 113.186197080000071, -7.757755109999966, 0.0 ], [ 113.186356200000091, -7.756564409999946, 0.0 ], [ 113.183333280000085, -7.75590597, 0.0 ], [ 113.183333280000085, -7.755472439999924, 0.0 ], [ 113.183511840000023, -7.754395229999968, 0.0 ], [ 113.183547840000074, -7.75417887, 0.0 ], [ 113.183566200000087, -7.75406879999996, 0.0 ], [ 113.183584560000099, -7.753957379999978, 0.0 ], [ 113.183631000000119, -7.753676849999948, 0.0 ], [ 113.183696520000026, -7.753282469999913, 0.0 ], [ 113.184128520000073, -7.750680209999896, 0.0 ], [ 113.18414868000005, -7.750559339999931, 0.0 ], [ 113.184204480000048, -7.750179899999978, 0.0 ], [ 113.18423508, -7.75002654, 0.0 ], [ 113.184240480000099, -7.750000529999969, 0.0 ], [ 113.18428224, -7.748492309999968, 0.0 ], [ 113.18429844, -7.747902179999901, 0.0 ], [ 113.184328320000077, -7.747603109999936, 0.0 ], [ 113.18440032, -7.747607969999894, 0.0 ], [ 113.184400538194623, -7.747607902546296, 0.0 ], [ 113.184402000000233, -7.747608, 0.0 ], [ 113.184541438592277, -7.74756434399211, 0.0 ], [ 113.184614879999984, -7.747541639999913, 0.0 ], [ 113.184615255598658, -7.747541233060186, 0.0 ], [ 113.184616, -7.747541, 0.0 ], [ 113.18489, -7.747243999999888, 0.0 ], [ 113.184897147536617, -7.747237424266242, 0.0 ], [ 113.184992160000121, -7.747152839999984, 0.0 ], [ 113.185152622513797, -7.747110655628344, 0.0 ], [ 113.185310000000214, -7.74715, 0.0 ], [ 113.185463, -7.747221, 0.0 ], [ 113.18546471100413, -7.747221014024543, 0.0 ], [ 113.185465200000095, -7.747221239999959, 0.0 ], [ 113.185583280000088, -7.74722286, 0.0 ], [ 113.18558451250405, -7.747221996004107, 0.0 ], [ 113.185585000000145, -7.747222, 0.0 ], [ 113.18561355870834, -7.747201634363734, 0.0 ], [ 113.185708200000036, -7.747135289999953, 0.0 ], [ 113.185758830850389, -7.747052280057122, 0.0 ], [ 113.185806000000227, -7.746977, 0.0 ], [ 113.185935466294268, -7.746872431069953, 0.0 ], [ 113.186338560000053, -7.74684017999996, 0.0 ], [ 113.186494440000075, -7.746841349999968, 0.0 ], [ 113.18708412, -7.746785009999925, 0.0 ], [ 113.187319560000134, -7.746732359999921, 0.0 ], [ 113.187438983509878, -7.746561523045649, 0.0 ], [ 113.187561, -7.746391, 0.0 ], [ 113.187675000000141, -7.746211, 0.0 ], [ 113.187741387525492, -7.746149530069115, 0.0 ], [ 113.187784680000064, -7.746111269999957, 0.0 ], [ 113.188257720000038, -7.746058349999931, 0.0 ], [ 113.188704120000025, -7.74599453999998, 0.0 ], [ 113.188704388866384, -7.745994086916721, 0.0 ], [ 113.188705, -7.745994, 0.0 ], [ 113.188842181190324, -7.745761884569948, 0.0 ], [ 113.189271840000103, -7.745037839999959, 0.0 ], [ 113.189438879999983, -7.74478475999998, 0.0 ], [ 113.189728320000128, -7.744470659999926, 0.0 ], [ 113.18995224, -7.744312169999958, 0.0 ], [ 113.19054767999998, -7.744140539999968, 0.0 ], [ 113.190917040000073, -7.744087169999904, 0.0 ], [ 113.191583455301597, -7.744076888618292, 0.0 ], [ 113.191971, -7.744070999999899, 0.0 ], [ 113.192709037103043, -7.744157984529167, 0.0 ], [ 113.193632520000037, -7.744267259999972, 0.0 ], [ 113.193836249553442, -7.744283282802968, 0.0 ], [ 113.193870000000146, -7.744286, 0.0 ], [ 113.194075521584608, -7.744231127732306, 0.0 ], [ 113.194076000155846, -7.744231000585746, 0.0 ], [ 113.194076040000056, -7.74423099, 0.0 ], [ 113.194234598852233, -7.744180446615847, 0.0 ], [ 113.19444216000015, -7.744228289999946, 0.0 ], [ 113.194761120000081, -7.744392359999932, 0.0 ], [ 113.19503580000007, -7.744536269999937, 0.0 ], [ 113.195092320000029, -7.744521869999989, 0.0 ], [ 113.195076480000054, -7.74413792999993, 0.0 ], [ 113.1950760000001, -7.744093674003729, 0.0 ], [ 113.1950760000001, -7.743970999999885, 0.0 ], [ 113.195083720352997, -7.743792466838652, 0.0 ], [ 113.195084040000054, -7.743786119999953, 0.0 ], [ 113.195030400000064, -7.743495509999978, 0.0 ], [ 113.195033380732525, -7.743471040896612, 0.0 ], [ 113.195053, -7.743332, 0.0 ], [ 113.195160000000129, -7.743176, 0.0 ], [ 113.196075000000164, -7.74266, 0.0 ], [ 113.196410085096815, -7.742463337965912, 0.0 ], [ 113.196471480000014, -7.742427389999975, 0.0 ], [ 113.196471632789269, -7.742427215516702, 0.0 ], [ 113.196472000000242, -7.742427, 0.0 ], [ 113.196506128115232, -7.742387822316889, 0.0 ], [ 113.197062240000051, -7.741752749999932, 0.0 ], [ 113.197352400000071, -7.741363229999944, 0.0 ], [ 113.197448177275163, -7.741259368431621, 0.0 ], [ 113.197494, -7.741210999999872, 0.0 ], [ 113.19750045925187, -7.741208294097081, 0.0 ], [ 113.197719240000055, -7.741117799999888, 0.0 ], [ 113.197843800000143, -7.741092779999949, 0.0 ], [ 113.197877280000071, -7.741289879999915, 0.0 ], [ 113.19797196, -7.741737179999976, 0.0 ], [ 113.198179680000038, -7.742394359999906, 0.0 ], [ 113.198258520000081, -7.742536649999956, 0.0 ], [ 113.198392800000093, -7.74278000999993, 0.0 ], [ 113.198465519999985, -7.742911319999958, 0.0 ], [ 113.199162120000068, -7.744219109999985, 0.0 ], [ 113.199374160000019, -7.744933709999959, 0.0 ], [ 113.19939864, -7.74524790000002, 0.0 ], [ 113.1993396, -7.746433289999956, 0.0 ], [ 113.199185160000098, -7.746924959999959, 0.0 ], [ 113.199031080000054, -7.747573499999973, 0.0 ], [ 113.199038640000055, -7.747795349999944, 0.0 ], [ 113.199103080000057, -7.7479344, 0.0 ], [ 113.199248159999982, -7.748269109999974, 0.0 ], [ 113.199291720000033, -7.748598779999984, 0.0 ], [ 113.199341040000036, -7.749406169999908, 0.0 ], [ 113.19934968000004, -7.750000349999954, 0.0 ], [ 113.199350039999985, -7.75002654, 0.0 ], [ 113.19936012, -7.750717739999981, 0.0 ], [ 113.199286320000041, -7.751410109999981, 0.0 ], [ 113.199213599999965, -7.752516119999921, 0.0 ], [ 113.199189480000101, -7.752884849999965, 0.0 ], [ 113.199180840000011, -7.753013369999941, 0.0 ], [ 113.199200640000058, -7.753257089999945, 0.0 ], [ 113.199129360000015, -7.754017679999905, 0.0 ] ] ] ] } },
{ "type": "Feature", "properties": { "KDPPUM": null, "NAMOBJ": "KETAPANG", "REMARK": "Wilayah Administrasi Keluruhan/Desa", "KDPBPS": null, "FCODE": null, "LUASWH": 0.0, "UUPP": null, "SRS_ID": null, "LCODE": "BA0020", "METADATA": null, "KDEBPS": null, "KDEPUM": null, "KDCBPS": null, "KDCPUM": null, "KDBBPS": null, "KDBPUM": null, "WADMKD": null, "WIADKD": null, "WADMKC": "KADEMANGAN", "WIADKC": null, "WADMKK": "KOTA PROBOLINGGO", "WIADKK": null, "WADMPR": "JAWA TIMUR", "WIADPR": null, "TIPADM": 0, "SHAPE_Leng": 0.08438163178, "SHAPE_Area": 0.00018437313 }, "geometry": { "type": "MultiPolygon", "coordinates": [ [ [ [ 113.176938706792612, -7.749972042403687, 0.0 ], [ 113.176741406000104, -7.750292905999913, 0.0 ], [ 113.176662492052813, -7.750269255671107, 0.0 ], [ 113.176723679999967, -7.75002654, 0.0 ], [ 113.17672944, -7.750003319999934, 0.0 ], [ 113.176938706792612, -7.749972042403687, 0.0 ] ] ], [ [ [ 113.181343000140501, -7.746062999205929, 0.0 ], [ 113.181345720000124, -7.74606348, 0.0 ], [ 113.181718320000044, -7.745923349999952, 0.0 ], [ 113.181795558689444, -7.745896813770116, 0.0 ], [ 113.1819, -7.745862, 0.0 ], [ 113.181933032090825, -7.745861772192388, 0.0 ], [ 113.182045375186718, -7.745861433809555, 0.0 ], [ 113.182095364617439, -7.745919234088785, 0.0 ], [ 113.182202160000116, -7.746045929999969, 0.0 ], [ 113.182227030684643, -7.746076344150278, 0.0 ], [ 113.182258, -7.746118999999887, 0.0 ], [ 113.18235585283972, -7.746141133380348, 0.0 ], [ 113.182423560000046, -7.746157079999929, 0.0 ], [ 113.182425751673648, -7.746156943830897, 0.0 ], [ 113.182426, -7.746157, 0.0 ], [ 113.182446791541452, -7.746155636620202, 0.0 ], [ 113.182545240000081, -7.746149519999925, 0.0 ], [ 113.182545702293652, -7.746149150669225, 0.0 ], [ 113.182548000000125, -7.746149, 0.0 ], [ 113.183075000000116, -7.745727, 0.0 ], [ 113.18311319767092, -7.745700362150611, 0.0 ], [ 113.183228160000098, -7.745621759999956, 0.0 ], [ 113.183397360000058, -7.745567849999937, 0.0 ], [ 113.18341127726535, -7.745571603670911, 0.0 ], [ 113.183494, -7.745595, 0.0 ], [ 113.183601000000209, -7.745718, 0.0 ], [ 113.18363841675577, -7.745997289353969, 0.0 ], [ 113.18368392000005, -7.746345, 0.0 ], [ 113.183712360000101, -7.746465689999972, 0.0 ], [ 113.183668080000075, -7.746714, 0.0 ], [ 113.183607600000045, -7.747070939999958, 0.0 ], [ 113.183609, -7.747143098334643, 0.0 ], [ 113.183609, -7.747182, 0.0 ], [ 113.18362922609802, -7.747209278618918, 0.0 ], [ 113.183757720000031, -7.747387559999954, 0.0 ], [ 113.18390532, -7.747518149999923, 0.0 ], [ 113.184012226881734, -7.747555366239702, 0.0 ], [ 113.184105000000173, -7.747588, 0.0 ], [ 113.184106200000087, -7.747588079999936, 0.0 ], [ 113.184117168767145, -7.747588822213871, 0.0 ], [ 113.184328320000077, -7.747603109999936, 0.0 ], [ 113.18429844, -7.747902179999901, 0.0 ], [ 113.18428224, -7.748492309999968, 0.0 ], [ 113.184240480000099, -7.750000529999969, 0.0 ], [ 113.18423508, -7.75002654, 0.0 ], [ 113.184204480000048, -7.750179899999978, 0.0 ], [ 113.18414868000005, -7.750559339999931, 0.0 ], [ 113.184128520000073, -7.750680209999896, 0.0 ], [ 113.183696520000026, -7.753282469999913, 0.0 ], [ 113.183631000000119, -7.753676849999948, 0.0 ], [ 113.183584560000099, -7.753957379999978, 0.0 ], [ 113.183566200000087, -7.75406879999996, 0.0 ], [ 113.183547840000074, -7.75417887, 0.0 ], [ 113.183511840000023, -7.754395229999968, 0.0 ], [ 113.183333280000085, -7.755472439999924, 0.0 ], [ 113.183333280000085, -7.75590597, 0.0 ], [ 113.186356200000091, -7.756564409999946, 0.0 ], [ 113.186197080000071, -7.757755109999966, 0.0 ], [ 113.186157840000106, -7.75800107999989, 0.0 ], [ 113.186066039999972, -7.758620369999971, 0.0 ], [ 113.185944360000036, -7.759711889999956, 0.0 ], [ 113.185829160000011, -7.760370689999931, 0.0 ], [ 113.185726560000049, -7.760725019999938, 0.0 ], [ 113.185748160000145, -7.761117869999936, 0.0 ], [ 113.18584032000004, -7.762060709999965, 0.0 ], [ 113.185784160000011, -7.763576039999933, 0.0 ], [ 113.185739879999986, -7.763718239999974, 0.0 ], [ 113.185505880000079, -7.76372292, 0.0 ], [ 113.185355760000093, -7.763723819999903, 0.0 ], [ 113.184803160000115, -7.763622749999978, 0.0 ], [ 113.184327600000117, -7.763544269999969, 0.0 ], [ 113.184091079999988, -7.763488379999963, 0.0 ], [ 113.183897400000134, -7.763459129999941, 0.0 ], [ 113.182928280000056, -7.76327948999991, 0.0 ], [ 113.182610040000114, -7.763212619999972, 0.0 ], [ 113.182537680000067, -7.763175539999924, 0.0 ], [ 113.182536600000077, -7.7628951, 0.0 ], [ 113.182527959999973, -7.76278458, 0.0 ], [ 113.182451640000053, -7.762696559999906, 0.0 ], [ 113.181868440000031, -7.76254787999995, 0.0 ], [ 113.179648320000098, -7.762122809999951, 0.0 ], [ 113.179455, -7.762058279999941, 0.0 ], [ 113.179412520000042, -7.762011569999984, 0.0 ], [ 113.179310640000054, -7.761887369999922, 0.0 ], [ 113.179418280000078, -7.760955689999928, 0.0 ], [ 113.179704480000041, -7.758721169999962, 0.0 ], [ 113.179733280000022, -7.758147509999926, 0.0 ], [ 113.178167640000069, -7.757923229999932, 0.0 ], [ 113.178062519999983, -7.757907569999968, 0.0 ], [ 113.17672944, -7.757697239999974, 0.0 ], [ 113.176544040000024, -7.758187469999946, 0.0 ], [ 113.176297080000026, -7.758787949999981, 0.0 ], [ 113.171372640000072, -7.758337589999933, 0.0 ], [ 113.170946040000118, -7.759889729999927, 0.0 ], [ 113.1706656, -7.76115513, 0.0 ], [ 113.169089880000101, -7.761098519999933, 0.0 ], [ 113.169123360000029, -7.761357, 0.0 ], [ 113.169122640000069, -7.761497759999926, 0.0 ], [ 113.169114670061305, -7.761497224696392, 0.0 ], [ 113.169109600000226, -7.761442597999892, 0.0 ], [ 113.169039412000103, -7.760696365999966, 0.0 ], [ 113.168831820000165, -7.7589351059999, 0.0 ], [ 113.168799319000229, -7.758470019999965, 0.0 ], [ 113.168843761000076, -7.758319679999961, 0.0 ], [ 113.169037476000128, -7.757928360999912, 0.0 ], [ 113.169222026000028, -7.757206947999908, 0.0 ], [ 113.169888650000203, -7.75452907199994, 0.0 ], [ 113.169889742011662, -7.754518903474541, 0.0 ], [ 113.17003596000005, -7.754539769999937, 0.0 ], [ 113.170449960000013, -7.754606909999985, 0.0 ], [ 113.17117140000002, -7.754745779999929, 0.0 ], [ 113.171455800000103, -7.75480041, 0.0 ], [ 113.17148777908686, -7.754718470669399, 0.0 ], [ 113.171501872, -7.754720842999909, 0.0 ], [ 113.171714987000243, -7.754761237999965, 0.0 ], [ 113.172313246000087, -7.754885612999953, 0.0 ], [ 113.17249128800016, -7.754033189999944, 0.0 ], [ 113.172712320000159, -7.753126230999953, 0.0 ], [ 113.17289061374295, -7.752563949576842, 0.0 ], [ 113.172937920000081, -7.752573719999891, 0.0 ], [ 113.174060432494244, -7.752814425004885, 0.0 ], [ 113.174001420000053, -7.753097686999901, 0.0 ], [ 113.173938499000087, -7.753301894999922, 0.0 ], [ 113.173634502999988, -7.754671364999901, 0.0 ], [ 113.173565636000063, -7.754998241999946, 0.0 ], [ 113.174251504000139, -7.754996544999894, 0.0 ], [ 113.17430871500008, -7.754510124999882, 0.0 ], [ 113.17481138700019, -7.754575066999926, 0.0 ], [ 113.17491503800025, -7.754080546999955, 0.0 ], [ 113.175111114000032, -7.752884606999945, 0.0 ], [ 113.175374414536606, -7.751606833375437, 0.0 ], [ 113.175703102431825, -7.751668141371539, 0.0 ], [ 113.177654823000097, -7.752080006999986, 0.0 ], [ 113.177664022000059, -7.75192153299993, 0.0 ], [ 113.177777212, -7.751727641999963, 0.0 ], [ 113.177847291000035, -7.751622538999882, 0.0 ], [ 113.177888571000167, -7.751540989999885, 0.0 ], [ 113.178084008000084, -7.750919928999924, 0.0 ], [ 113.178117814000217, -7.750780035999895, 0.0 ], [ 113.177812050000043, -7.750742196999873, 0.0 ], [ 113.177815787000085, -7.750146336999954, 0.0 ], [ 113.177161692393611, -7.749938714356254, 0.0 ], [ 113.17719852000009, -7.749933209999906, 0.0 ], [ 113.177328840000129, -7.7497164, 0.0 ], [ 113.177608560000081, -7.749306899999954, 0.0 ], [ 113.178586680000109, -7.747924589999979, 0.0 ], [ 113.178917160000097, -7.746883469999901, 0.0 ], [ 113.179515840000064, -7.745703929999916, 0.0 ], [ 113.179765181815881, -7.744387599504822, 0.0 ], [ 113.179931000000138, -7.744612, 0.0 ], [ 113.180443000000224, -7.745224, 0.0 ], [ 113.180588640995921, -7.745563357660014, 0.0 ], [ 113.180648040000037, -7.745704469999961, 0.0 ], [ 113.180929560000067, -7.74594207, 0.0 ], [ 113.18097492, -7.745975459999912, 0.0 ], [ 113.181051343760828, -7.74600104744896, 0.0 ], [ 113.181114000000136, -7.746023, 0.0 ], [ 113.181343000140501, -7.746062999205929, 0.0 ] ] ] ] } },
{ "type": "Feature", "properties": { "KDPPUM": null, "NAMOBJ": "PESISIR", "REMARK": "Wilayah Administrasi Keluruhan/Desa", "KDPBPS": null, "FCODE": null, "LUASWH": 0.0, "UUPP": null, "SRS_ID": null, "LCODE": "BA0020", "METADATA": null, "KDEBPS": null, "KDEPUM": null, "KDCBPS": null, "KDCPUM": null, "KDBBPS": null, "KDBPUM": null, "WADMKD": null, "WIADKD": null, "WADMKC": "SUMBERASIH", "WIADKC": null, "WADMKK": "PROBOLINGGO", "WIADKK": null, "WADMPR": "JAWA TIMUR", "WIADPR": null, "TIPADM": 0, "SHAPE_Leng": 0.10213172785000001, "SHAPE_Area": 0.00027776278 }, "geometry": { "type": "MultiPolygon", "coordinates": [ [ [ [ 113.17148777908686, -7.754718470669399, 0.0 ], [ 113.171455800000103, -7.75480041, 0.0 ], [ 113.17117140000002, -7.754745779999929, 0.0 ], [ 113.170449960000013, -7.754606909999985, 0.0 ], [ 113.17003596000005, -7.754539769999937, 0.0 ], [ 113.169889742011662, -7.754518903474541, 0.0 ], [ 113.169898992000086, -7.754432769999966, 0.0 ], [ 113.170420559000078, -7.754524551999921, 0.0 ], [ 113.171156917000161, -7.7546627749999, 0.0 ], [ 113.17148777908686, -7.754718470669399, 0.0 ] ] ], [ [ [ 113.174147285000046, -7.752397529999968, 0.0 ], [ 113.174060432494244, -7.752814425004885, 0.0 ], [ 113.172937920000081, -7.752573719999891, 0.0 ], [ 113.17289061374295, -7.752563949576842, 0.0 ], [ 113.173026336000021, -7.752135924999905, 0.0 ], [ 113.173411560000105, -7.752206889999915, 0.0 ], [ 113.173495063, -7.752227249999912, 0.0 ], [ 113.174029556000079, -7.752362794999936, 0.0 ], [ 113.174147285000046, -7.752397529999968, 0.0 ] ] ], [ [ [ 113.175376005000189, -7.751599114999898, 0.0 ], [ 113.175703102431825, -7.751668141371539, 0.0 ], [ 113.175374414536606, -7.751606833375437, 0.0 ], [ 113.175376005000189, -7.751599114999898, 0.0 ] ] ], [ [ [ 113.177608560000081, -7.749306899999954, 0.0 ], [ 113.177328840000129, -7.7497164, 0.0 ], [ 113.17719852000009, -7.749933209999906, 0.0 ], [ 113.177161692393611, -7.749938714356254, 0.0 ], [ 113.176992269000081, -7.749884935999908, 0.0 ], [ 113.176938706792612, -7.749972042403687, 0.0 ], [ 113.17672944, -7.750003319999934, 0.0 ], [ 113.176723679999967, -7.75002654, 0.0 ], [ 113.176662492052813, -7.750269255671107, 0.0 ], [ 113.176541271000062, -7.750232925999924, 0.0 ], [ 113.176694618000141, -7.749753335999944, 0.0 ], [ 113.176450348, -7.749684724999952, 0.0 ], [ 113.176167215000206, -7.750284363999917, 0.0 ], [ 113.176053894000148, -7.750583721999906, 0.0 ], [ 113.176025143000075, -7.750689426999948, 0.0 ], [ 113.175512857000143, -7.750439537999878, 0.0 ], [ 113.174839359000117, -7.750025355999892, 0.0 ], [ 113.174680659000032, -7.74992838099995, 0.0 ], [ 113.174779563000143, -7.749629998999954, 0.0 ], [ 113.1748179060002, -7.749514846999929, 0.0 ], [ 113.174857795000221, -7.749395076999878, 0.0 ], [ 113.174998391000031, -7.749051655999974, 0.0 ], [ 113.175098339000229, -7.748796378999902, 0.0 ], [ 113.175132264000013, -7.748723272999893, 0.0 ], [ 113.175163234000181, -7.7486857899999, 0.0 ], [ 113.175191178000091, -7.748670192999942, 0.0 ], [ 113.17523704900006, -7.748653238999871, 0.0 ], [ 113.175250832000046, -7.748645125999911, 0.0 ], [ 113.175295677000037, -7.74861733199992, 0.0 ], [ 113.175359872000101, -7.748559615999941, 0.0 ], [ 113.175410803000048, -7.748494646999895, 0.0 ], [ 113.175495841000071, -7.748392179999943, 0.0 ], [ 113.175567792000081, -7.748273149999953, 0.0 ], [ 113.175641554000137, -7.748142993999931, 0.0 ], [ 113.175719110000074, -7.748023935999939, 0.0 ], [ 113.175774713000052, -7.747893782999917, 0.0 ], [ 113.175805707000137, -7.747773877999943, 0.0 ], [ 113.175830587000149, -7.747685544999918, 0.0 ], [ 113.175866121999974, -7.747634933999905, 0.0 ], [ 113.175933180000015, -7.747552711999941, 0.0 ], [ 113.176008564000128, -7.747461951999892, 0.0 ], [ 113.176095854000252, -7.747361188999903, 0.0 ], [ 113.176145879000117, -7.747309238999957, 0.0 ], [ 113.176194109000207, -7.747242205999918, 0.0 ], [ 113.176257228000097, -7.747135059999934, 0.0 ], [ 113.176305560000188, -7.747087998999948, 0.0 ], [ 113.176367226000053, -7.747032645999898, 0.0 ], [ 113.176499079000209, -7.746936806999962, 0.0 ], [ 113.176816550000098, -7.746708433999896, 0.0 ], [ 113.177039704000094, -7.746565494999881, 0.0 ], [ 113.177219333000124, -7.746445462999898, 0.0 ], [ 113.177296832000053, -7.746388311999876, 0.0 ], [ 113.177398836000137, -7.746300849999923, 0.0 ], [ 113.177714794000082, -7.74609805999993, 0.0 ], [ 113.179764877000153, -7.744387186999948, 0.0 ], [ 113.179765181815881, -7.744387599504822, 0.0 ], [ 113.179515840000064, -7.745703929999916, 0.0 ], [ 113.178917160000097, -7.746883469999901, 0.0 ], [ 113.178586680000109, -7.747924589999979, 0.0 ], [ 113.177608560000081, -7.749306899999954, 0.0 ] ] ] ] } }
]
}
