{
"type": "FeatureCollection",
"name": "KotaMojokerto",
"crs": { "type": "name", "properties": { "name": "urn:ogc:def:crs:OGC:1.3:CRS84" } },
"features": [
{ "type": "Feature", "properties": { "KDPPUM": null, "NAMOBJ": "WRINGINREJO", "REMARK": "Wilayah Administrasi Keluruhan/Desa", "KDPBPS": null, "FCODE": null, "LUASWH": 0.0, "UUPP": null, "SRS_ID": null, "LCODE": "BA0020", "METADATA": null, "KDEBPS": null, "KDEPUM": null, "KDCBPS": null, "KDCPUM": null, "KDBBPS": null, "KDBPUM": null, "WADMKD": null, "WIADKD": null, "WADMKC": "SOOKO", "WIADKC": null, "WADMKK": "MOJOKERTO", "WIADKK": null, "WADMPR": "JAWA TIMUR", "WIADPR": null, "TIPADM": 0, "SHAPE_Leng": 0.06169476642, "SHAPE_Area": 9.38103e-05 }, "geometry": { "type": "MultiPolygon", "coordinates": [ [ [ [ 112.415415034810238, -7.494480706852393, 0.0 ], [ 112.415396334841731, -7.494524628957901, 0.0 ], [ 112.415398, -7.494483, 0.0 ], [ 112.415415034810238, -7.494480706852393, 0.0 ] ] ], [ [ [ 112.422313, -7.493675, 0.0 ], [ 112.421975591033586, -7.493883154767691, 0.0 ], [ 112.42098223800015, -7.492666952999951, 0.0 ], [ 112.420780630256857, -7.492606941028381, 0.0 ], [ 112.420865, -7.492565, 0.0 ], [ 112.420905, -7.492549, 0.0 ], [ 112.421044, -7.492429, 0.0 ], [ 112.42130800000011, -7.492478, 0.0 ], [ 112.421892000000113, -7.492617999999897, 0.0 ], [ 112.422508, -7.492777, 0.0 ], [ 112.422965, -7.492933, 0.0 ], [ 112.42296274708302, -7.492937629281517, 0.0 ], [ 112.422710948013076, -7.493268117057418, 0.0 ], [ 112.422313, -7.493675, 0.0 ] ] ], [ [ [ 112.411309, -7.491713, 0.0 ], [ 112.412107, -7.491746, 0.0 ], [ 112.412199000000129, -7.49175, 0.0 ], [ 112.413592000000108, -7.491869, 0.0 ], [ 112.413592407275914, -7.491869035587097, 0.0 ], [ 112.413591810000085, -7.491870331999941, 0.0 ], [ 112.412107115000168, -7.491746946999946, 0.0 ], [ 112.411308669000192, -7.491714248999905, 0.0 ], [ 112.40955238700009, -7.491736550999885, 0.0 ], [ 112.408097142000116, -7.491741207999915, 0.0 ], [ 112.408071322949397, -7.491735418617431, 0.0 ], [ 112.408097000000112, -7.49174, 0.0 ], [ 112.409552, -7.491735, 0.0 ], [ 112.411309, -7.491713, 0.0 ] ] ] ] } },
{ "type": "Feature", "properties": { "KDPPUM": null, "NAMOBJ": "BANJARAGUNG", "REMARK": "Wilayah Administrasi Keluruhan/Desa", "KDPBPS": null, "FCODE": null, "LUASWH": 0.0, "UUPP": null, "SRS_ID": null, "LCODE": "BA0020", "METADATA": null, "KDEBPS": null, "KDEPUM": null, "KDCBPS": null, "KDCPUM": null, "KDBBPS": null, "KDBPUM": null, "WADMKD": null, "WIADKD": null, "WADMKC": "PURI", "WIADKC": null, "WADMKK": "MOJOKERTO", "WIADKK": null, "WADMPR": "JAWA TIMUR", "WIADPR": null, "TIPADM": 0, "SHAPE_Leng": 0.06915288335, "SHAPE_Area": 0.00015647034 }, "geometry": { "type": "MultiPolygon", "coordinates": [ [ [ [ 112.435783846000049, -7.484734298999875, 0.0 ], [ 112.435289663000191, -7.487542366999957, 0.0 ], [ 112.43519756202997, -7.487520633621038, 0.0 ], [ 112.435374, -7.486773, 0.0 ], [ 112.435487, -7.48627, 0.0 ], [ 112.435520000000153, -7.485867999999886, 0.0 ], [ 112.43561600000011, -7.485527, 0.0 ], [ 112.43568, -7.485197, 0.0 ], [ 112.435689, -7.485120999999896, 0.0 ], [ 112.435752, -7.484825, 0.0 ], [ 112.435782, -7.484689, 0.0 ], [ 112.435924, -7.484496, 0.0 ], [ 112.43616, -7.484296, 0.0 ], [ 112.436215000000104, -7.484085, 0.0 ], [ 112.436252, -7.483961, 0.0 ], [ 112.436347, -7.48391, 0.0 ], [ 112.436382, -7.483903, 0.0 ], [ 112.436397263461586, -7.483899786639594, 0.0 ], [ 112.436160159000011, -7.484297490999971, 0.0 ], [ 112.435783846000049, -7.484734298999875, 0.0 ] ] ], [ [ [ 112.436503590297363, -7.482024400938904, 0.0 ], [ 112.436445216248657, -7.482467986559406, 0.0 ], [ 112.436439, -7.482454, 0.0 ], [ 112.4364360000001, -7.482433, 0.0 ], [ 112.43644, -7.482359, 0.0 ], [ 112.436493, -7.48208, 0.0 ], [ 112.436503590297363, -7.482024400938904, 0.0 ] ] ], [ [ [ 112.439872, -7.481614, 0.0 ], [ 112.440921000000102, -7.481673, 0.0 ], [ 112.442039, -7.481754, 0.0 ], [ 112.442707, -7.481814, 0.0 ], [ 112.443756, -7.481857, 0.0 ], [ 112.44375598875061, -7.48185794119869, 0.0 ], [ 112.44270711500009, -7.481814920999909, 0.0 ], [ 112.442039151000159, -7.481755161999939, 0.0 ], [ 112.440920777000088, -7.481673642999944, 0.0 ], [ 112.439872363000021, -7.481615124999898, 0.0 ], [ 112.439463915000076, -7.481776600999936, 0.0 ], [ 112.438856192000145, -7.481920424999934, 0.0 ], [ 112.438645089000175, -7.482108547999957, 0.0 ], [ 112.436567551036561, -7.481722974312579, 0.0 ], [ 112.43658, -7.48167, 0.0 ], [ 112.437278000000134, -7.481825, 0.0 ], [ 112.437441, -7.481855, 0.0 ], [ 112.437796, -7.481934, 0.0 ], [ 112.437801, -7.481935, 0.0 ], [ 112.437806, -7.481936, 0.0 ], [ 112.438645, -7.482107, 0.0 ], [ 112.438856000000129, -7.481919, 0.0 ], [ 112.439464, -7.481776, 0.0 ], [ 112.439872, -7.481614, 0.0 ] ] ] ] } },
{ "type": "Feature", "properties": { "KDPPUM": null, "NAMOBJ": "KENANTEN", "REMARK": "Wilayah Administrasi Keluruhan/Desa", "KDPBPS": null, "FCODE": null, "LUASWH": 0.0, "UUPP": null, "SRS_ID": null, "LCODE": "BA0020", "METADATA": null, "KDEBPS": null, "KDEPUM": null, "KDCBPS": null, "KDCPUM": null, "KDBBPS": null, "KDBPUM": null, "WADMKD": null, "WIADKD": null, "WADMKC": "PURI", "WIADKC": null, "WADMKK": "MOJOKERTO", "WIADKK": null, "WADMPR": "JAWA TIMUR", "WIADPR": null, "TIPADM": 0, "SHAPE_Leng": 0.07166764686, "SHAPE_Area": 0.00023867243 }, "geometry": { "type": "MultiPolygon", "coordinates": [ [ [ [ 112.449776277643707, -7.493438083982486, 0.0 ], [ 112.449775642000077, -7.493439551999927, 0.0 ], [ 112.449294636070775, -7.493294123696394, 0.0 ], [ 112.449776, -7.493438, 0.0 ], [ 112.449776277643707, -7.493438083982486, 0.0 ] ] ], [ [ [ 112.448836, -7.493154, 0.0 ], [ 112.449184094651557, -7.493260702380546, 0.0 ], [ 112.448275909999978, -7.49298611999998, 0.0 ], [ 112.448062218999979, -7.492941878999961, 0.0 ], [ 112.447248396000049, -7.492684362999881, 0.0 ], [ 112.446742869000147, -7.492438238999945, 0.0 ], [ 112.446349349, -7.49209765299992, 0.0 ], [ 112.446349504061217, -7.492097434976543, 0.0 ], [ 112.446743, -7.492437, 0.0 ], [ 112.447248, -7.492683, 0.0 ], [ 112.448062, -7.492941, 0.0 ], [ 112.448276, -7.492985, 0.0 ], [ 112.448696, -7.493102, 0.0 ], [ 112.448836, -7.493154, 0.0 ] ] ], [ [ [ 112.446631, -7.491507, 0.0 ], [ 112.446585967693892, -7.491579711398757, 0.0 ], [ 112.443788061000177, -7.490786926999917, 0.0 ], [ 112.443788572882099, -7.490659952524183, 0.0 ], [ 112.443796, -7.490662, 0.0 ], [ 112.443853000000132, -7.490676, 0.0 ], [ 112.444021, -7.49072, 0.0 ], [ 112.444196, -7.49077, 0.0 ], [ 112.444329, -7.490809, 0.0 ], [ 112.444517, -7.490865999999887, 0.0 ], [ 112.445219, -7.491077, 0.0 ], [ 112.445693, -7.491224, 0.0 ], [ 112.446056, -7.491333, 0.0 ], [ 112.446631, -7.491507, 0.0 ] ] ] ] } },
{ "type": "Feature", "properties": { "KDPPUM": null, "NAMOBJ": "JABON", "REMARK": "Wilayah Administrasi Keluruhan/Desa", "KDPBPS": null, "FCODE": null, "LUASWH": 0.0, "UUPP": null, "SRS_ID": null, "LCODE": "BA0020", "METADATA": null, "KDEBPS": null, "KDEPUM": null, "KDCBPS": null, "KDCPUM": null, "KDBBPS": null, "KDBPUM": null, "WADMKD": null, "WIADKD": null, "WADMKC": "PURI", "WIADKC": null, "WADMKK": "MOJOKERTO", "WIADKK": null, "WADMPR": "JAWA TIMUR", "WIADPR": null, "TIPADM": 0, "SHAPE_Leng": 0.06997013668, "SHAPE_Area": 0.00018224632 }, "geometry": { "type": "MultiPolygon", "coordinates": [ [ [ [ 112.449851536000239, -7.493264274999902, 0.0 ], [ 112.449776277643707, -7.493438083982486, 0.0 ], [ 112.449776, -7.493438, 0.0 ], [ 112.449851812931868, -7.493263430749188, 0.0 ], [ 112.449851536000239, -7.493264274999902, 0.0 ] ] ], [ [ [ 112.450182084000133, -7.492256569999924, 0.0 ], [ 112.449875427555099, -7.493191439468252, 0.0 ], [ 112.4501818120265, -7.492255574173658, 0.0 ], [ 112.450182084000133, -7.492256569999924, 0.0 ] ] ], [ [ [ 112.44996698315731, -7.489512441805559, 0.0 ], [ 112.449905132710498, -7.490685395917797, 0.0 ], [ 112.449905, -7.490684, 0.0 ], [ 112.44996698315731, -7.489512441805559, 0.0 ] ] ], [ [ [ 112.450236949000242, -7.487042105999954, 0.0 ], [ 112.44998598567723, -7.489153270720241, 0.0 ], [ 112.449986, -7.489153, 0.0 ], [ 112.450237, -7.487041, 0.0 ], [ 112.450454, -7.485484, 0.0 ], [ 112.450493, -7.485027, 0.0 ], [ 112.450559000000155, -7.484421, 0.0 ], [ 112.450588509070087, -7.484194316689809, 0.0 ], [ 112.450454133000264, -7.485485043999908, 0.0 ], [ 112.450236949000242, -7.487042105999954, 0.0 ] ] ] ] } },
{ "type": "Feature", "properties": { "KDPPUM": null, "NAMOBJ": "LENGKONG", "REMARK": "Wilayah Administrasi Keluruhan/Desa", "KDPBPS": null, "FCODE": null, "LUASWH": 0.0, "UUPP": null, "SRS_ID": null, "LCODE": "BA0020", "METADATA": null, "KDEBPS": null, "KDEPUM": null, "KDCBPS": null, "KDCPUM": null, "KDBBPS": null, "KDBPUM": null, "WADMKD": null, "WIADKD": null, "WADMKC": "PURI", "WIADKC": null, "WADMKK": "MOJOKERTO", "WIADKK": null, "WADMPR": "JAWA TIMUR", "WIADPR": null, "TIPADM": 0, "SHAPE_Leng": 0.08291320149, "SHAPE_Area": 0.00026780616 }, "geometry": { "type": "MultiPolygon", "coordinates": [ [ [ [ 112.456934434, -7.454435049999876, 0.0 ], [ 112.457035322485382, -7.454792692434655, 0.0 ], [ 112.456934, -7.454434, 0.0 ], [ 112.456844115500019, -7.453955274494241, 0.0 ], [ 112.456934434, -7.454435049999876, 0.0 ] ] ], [ [ [ 112.4653, -7.455326, 0.0 ], [ 112.46519444793212, -7.455344140752953, 0.0 ], [ 112.465194447000144, -7.453249995999968, 0.0 ], [ 112.467105083000234, -7.453243664999977, 0.0 ], [ 112.467111449330361, -7.455156162244016, 0.0 ], [ 112.4671, -7.455157, 0.0 ], [ 112.466781, -7.45519, 0.0 ], [ 112.4653, -7.455326, 0.0 ] ] ], [ [ [ 112.456276376000162, -7.451195285999869, 0.0 ], [ 112.45627682556659, -7.451197374885201, 0.0 ], [ 112.45627600000013, -7.451194, 0.0 ], [ 112.456251759727238, -7.451088489883563, 0.0 ], [ 112.456276376000162, -7.451195285999869, 0.0 ] ] ] ] } },
{ "type": "Feature", "properties": { "KDPPUM": null, "NAMOBJ": "WATES", "REMARK": "Wilayah Administrasi Keluruhan/Desa", "KDPBPS": null, "FCODE": null, "LUASWH": 0.0, "UUPP": null, "SRS_ID": null, "LCODE": "BA0020", "METADATA": null, "KDEBPS": null, "KDEPUM": null, "KDCBPS": null, "KDCPUM": null, "KDBBPS": null, "KDBPUM": null, "WADMKD": null, "WIADKD": null, "WADMKC": "MAGERSARI", "WIADKC": null, "WADMKK": "KOTAMADYA MOJOKERTO", "WIADKK": null, "WADMPR": "JAWA TIMUR", "WIADPR": null, "TIPADM": 0, "SHAPE_Leng": 0.05176004376, "SHAPE_Area": 0.00013978341 }, "geometry": { "type": "MultiPolygon", "coordinates": [ [ [ [ 112.456251759727238, -7.451088489883563, 0.0 ], [ 112.45627600000013, -7.451194, 0.0 ], [ 112.45627682556659, -7.451197374885201, 0.0 ], [ 112.456660793000168, -7.452981457999954, 0.0 ], [ 112.456844115500019, -7.453955274494241, 0.0 ], [ 112.456934, -7.454434, 0.0 ], [ 112.457035322485382, -7.454792692434655, 0.0 ], [ 112.457308008000084, -7.455759342999936, 0.0 ], [ 112.457512745546111, -7.456762048813516, 0.0 ], [ 112.456778, -7.456903, 0.0 ], [ 112.456711, -7.456916, 0.0 ], [ 112.456348, -7.456987, 0.0 ], [ 112.455966, -7.457036, 0.0 ], [ 112.455060000000145, -7.457227, 0.0 ], [ 112.454681, -7.457293, 0.0 ], [ 112.454403, -7.457342, 0.0 ], [ 112.453408, -7.457514, 0.0 ], [ 112.452934, -7.457601, 0.0 ], [ 112.452876000000103, -7.457681, 0.0 ], [ 112.4528770000001, -7.457816, 0.0 ], [ 112.452998, -7.458289, 0.0 ], [ 112.453028, -7.458376, 0.0 ], [ 112.453192, -7.459239, 0.0 ], [ 112.453241, -7.459499, 0.0 ], [ 112.453011, -7.459549, 0.0 ], [ 112.451439, -7.459895, 0.0 ], [ 112.451427000000109, -7.459898, 0.0 ], [ 112.451255, -7.459938, 0.0 ], [ 112.450829000000113, -7.460045, 0.0 ], [ 112.450323, -7.460163, 0.0 ], [ 112.450101, -7.460177, 0.0 ], [ 112.450103, -7.460216, 0.0 ], [ 112.450193, -7.461088, 0.0 ], [ 112.45021, -7.461228, 0.0 ], [ 112.450094, -7.461245, 0.0 ], [ 112.45006600000012, -7.461253, 0.0 ], [ 112.449668, -7.461367, 0.0 ], [ 112.448678000000129, -7.46168, 0.0 ], [ 112.448375, -7.461784, 0.0 ], [ 112.448303, -7.461806, 0.0 ], [ 112.448301, -7.461807, 0.0 ], [ 112.448245, -7.46183, 0.0 ], [ 112.448238, -7.461862, 0.0 ], [ 112.448028, -7.462481, 0.0 ], [ 112.447934, -7.46249, 0.0 ], [ 112.447541000000101, -7.462524, 0.0 ], [ 112.447371, -7.462587999999883, 0.0 ], [ 112.447234000000108, -7.462608, 0.0 ], [ 112.447010000000134, -7.46262, 0.0 ], [ 112.446273, -7.462741, 0.0 ], [ 112.446020000000118, -7.462813, 0.0 ], [ 112.445458, -7.462927, 0.0 ], [ 112.44546, -7.462725, 0.0 ], [ 112.44545, -7.462471, 0.0 ], [ 112.445432000000139, -7.462261, 0.0 ], [ 112.445423, -7.462186, 0.0 ], [ 112.445412, -7.461906, 0.0 ], [ 112.445399, -7.461629, 0.0 ], [ 112.445388000000136, -7.461431, 0.0 ], [ 112.445386, -7.461332, 0.0 ], [ 112.445374, -7.461037, 0.0 ], [ 112.445363, -7.460835, 0.0 ], [ 112.445350000000104, -7.460696, 0.0 ], [ 112.44533, -7.460333, 0.0 ], [ 112.44532, -7.460059, 0.0 ], [ 112.445318, -7.459973, 0.0 ], [ 112.445311, -7.459585, 0.0 ], [ 112.44521, -7.459603, 0.0 ], [ 112.444896, -7.459663, 0.0 ], [ 112.444195, -7.45977, 0.0 ], [ 112.444191, -7.459767, 0.0 ], [ 112.444185, -7.45974, 0.0 ], [ 112.444173, -7.459685, 0.0 ], [ 112.444123, -7.459475, 0.0 ], [ 112.444122000000107, -7.459413, 0.0 ], [ 112.444139, -7.459248, 0.0 ], [ 112.444103, -7.459082, 0.0 ], [ 112.443993, -7.45891, 0.0 ], [ 112.443935, -7.458818, 0.0 ], [ 112.443784, -7.458668, 0.0 ], [ 112.44343, -7.458434, 0.0 ], [ 112.44334, -7.458384, 0.0 ], [ 112.443138000000133, -7.458183, 0.0 ], [ 112.443051000000125, -7.458104, 0.0 ], [ 112.442973, -7.457954, 0.0 ], [ 112.442915, -7.457862, 0.0 ], [ 112.442818000000116, -7.457652, 0.0 ], [ 112.442774000000128, -7.457614, 0.0 ], [ 112.442647, -7.457322, 0.0 ], [ 112.442488, -7.456973, 0.0 ], [ 112.442467000000121, -7.456928, 0.0 ], [ 112.442384, -7.456792, 0.0 ], [ 112.442337, -7.456751, 0.0 ], [ 112.442141000000149, -7.456292, 0.0 ], [ 112.441946, -7.455846, 0.0 ], [ 112.441768, -7.45546, 0.0 ], [ 112.441566572616622, -7.455191762543702, 0.0 ], [ 112.443322457000022, -7.453839030999944, 0.0 ], [ 112.444648875000169, -7.452634614999944, 0.0 ], [ 112.445595322000059, -7.451638215999925, 0.0 ], [ 112.446707347000057, -7.450687111999923, 0.0 ], [ 112.447419630000013, -7.450203596999884, 0.0 ], [ 112.448292254000094, -7.449814182999905, 0.0 ], [ 112.44958539200006, -7.44930901499994, 0.0 ], [ 112.450630133, -7.448966760999955, 0.0 ], [ 112.452073342000219, -7.448527442999932, 0.0 ], [ 112.453110710000075, -7.448113027999927, 0.0 ], [ 112.454287509000096, -7.44762774399992, 0.0 ], [ 112.455085469000124, -7.44738443499995, 0.0 ], [ 112.455491785000177, -7.448381124999905, 0.0 ], [ 112.455752767, -7.449153492999951, 0.0 ], [ 112.456051642000133, -7.450220291999933, 0.0 ], [ 112.456251759727238, -7.451088489883563, 0.0 ] ] ] ] } },
{ "type": "Feature", "properties": { "KDPPUM": null, "NAMOBJ": "KEDUNDUNG", "REMARK": "Wilayah Administrasi Keluruhan/Desa", "KDPBPS": null, "FCODE": null, "LUASWH": 0.0, "UUPP": null, "SRS_ID": null, "LCODE": "BA0020", "METADATA": null, "KDEBPS": null, "KDEPUM": null, "KDCBPS": null, "KDCPUM": null, "KDBBPS": null, "KDBPUM": null, "WADMKD": null, "WIADKD": null, "WADMKC": "MAGERSARI", "WIADKC": null, "WADMKK": "KOTAMADYA MOJOKERTO", "WIADKK": null, "WADMPR": "JAWA TIMUR", "WIADPR": null, "TIPADM": 0, "SHAPE_Leng": 0.08230734434, "SHAPE_Area": 0.00021265545 }, "geometry": { "type": "MultiPolygon", "coordinates": [ [ [ [ 112.465094162824343, -7.462180007754029, 0.0 ], [ 112.4651, -7.462273, 0.0 ], [ 112.465307, -7.462177, 0.0 ], [ 112.465394648938911, -7.462169275543086, 0.0 ], [ 112.467146811335056, -7.462106695026229, 0.0 ], [ 112.467319, -7.462149, 0.0 ], [ 112.467405, -7.46217, 0.0 ], [ 112.467145, -7.46386, 0.0 ], [ 112.466871, -7.465649, 0.0 ], [ 112.466669, -7.466998999999898, 0.0 ], [ 112.466631, -7.466999999999892, 0.0 ], [ 112.46633300000012, -7.466991, 0.0 ], [ 112.466103, -7.466979, 0.0 ], [ 112.465782, -7.466959, 0.0 ], [ 112.465695, -7.466955999999893, 0.0 ], [ 112.465223, -7.466924, 0.0 ], [ 112.464794, -7.466907, 0.0 ], [ 112.46477, -7.466908, 0.0 ], [ 112.464561000000145, -7.468447, 0.0 ], [ 112.464535313708552, -7.468689298523181, 0.0 ], [ 112.464463741000174, -7.469363304999945, 0.0 ], [ 112.464409176324992, -7.469850686896919, 0.0 ], [ 112.464348000000101, -7.470396, 0.0 ], [ 112.464341262023254, -7.47051032825188, 0.0 ], [ 112.464316676009233, -7.470922249692126, 0.0 ], [ 112.464051, -7.471127, 0.0 ], [ 112.464134, -7.471322, 0.0 ], [ 112.464355, -7.471808, 0.0 ], [ 112.46464, -7.472628, 0.0 ], [ 112.464752000000132, -7.47295, 0.0 ], [ 112.464792, -7.473107, 0.0 ], [ 112.464792, -7.473124999999882, 0.0 ], [ 112.464792, -7.473127329594533, 0.0 ], [ 112.464771036652294, -7.473190267007592, 0.0 ], [ 112.46477, -7.473193, 0.0 ], [ 112.464597, -7.473225, 0.0 ], [ 112.464377, -7.473197, 0.0 ], [ 112.463978000000125, -7.473094, 0.0 ], [ 112.463559, -7.473004, 0.0 ], [ 112.463313, -7.473029, 0.0 ], [ 112.462882, -7.473124999999882, 0.0 ], [ 112.462472, -7.473146, 0.0 ], [ 112.461955, -7.473082, 0.0 ], [ 112.46150900000012, -7.473067, 0.0 ], [ 112.461365000000114, -7.473085, 0.0 ], [ 112.461269, -7.473086, 0.0 ], [ 112.461197, -7.473092, 0.0 ], [ 112.461103000000108, -7.473111, 0.0 ], [ 112.460997, -7.473133, 0.0 ], [ 112.46085, -7.473171, 0.0 ], [ 112.460735000000128, -7.4732, 0.0 ], [ 112.460654, -7.473228, 0.0 ], [ 112.460554000000158, -7.473247, 0.0 ], [ 112.460454, -7.473266, 0.0 ], [ 112.460338000000135, -7.473276, 0.0 ], [ 112.460204, -7.473276, 0.0 ], [ 112.459982, -7.473271, 0.0 ], [ 112.459926000000152, -7.473264, 0.0 ], [ 112.459898, -7.47324, 0.0 ], [ 112.45988800000012, -7.473212, 0.0 ], [ 112.459894, -7.473165, 0.0 ], [ 112.459895, -7.4731, 0.0 ], [ 112.45988800000012, -7.472797, 0.0 ], [ 112.459899, -7.472059, 0.0 ], [ 112.459918, -7.47151, 0.0 ], [ 112.459919, -7.471453, 0.0 ], [ 112.45992, -7.471362, 0.0 ], [ 112.460012, -7.469319, 0.0 ], [ 112.460058000000146, -7.468934, 0.0 ], [ 112.460068, -7.468618, 0.0 ], [ 112.460078, -7.468319, 0.0 ], [ 112.460080000000104, -7.468304, 0.0 ], [ 112.460095, -7.468094, 0.0 ], [ 112.4601100000001, -7.46753, 0.0 ], [ 112.460098, -7.466892, 0.0 ], [ 112.460094, -7.466727, 0.0 ], [ 112.460085, -7.466361, 0.0 ], [ 112.459793, -7.466366, 0.0 ], [ 112.459698000000117, -7.466369, 0.0 ], [ 112.459574, -7.466372, 0.0 ], [ 112.459559, -7.46637, 0.0 ], [ 112.459412, -7.466359, 0.0 ], [ 112.45912, -7.466328, 0.0 ], [ 112.459089, -7.466318, 0.0 ], [ 112.458987, -7.466307, 0.0 ], [ 112.458814, -7.46629, 0.0 ], [ 112.458712, -7.46628, 0.0 ], [ 112.458654, -7.466279, 0.0 ], [ 112.458541, -7.466263, 0.0 ], [ 112.4584, -7.466234, 0.0 ], [ 112.458152, -7.466245, 0.0 ], [ 112.457932, -7.466278, 0.0 ], [ 112.457438, -7.466352, 0.0 ], [ 112.456801, -7.46639, 0.0 ], [ 112.45678, -7.466391, 0.0 ], [ 112.456546, -7.466396, 0.0 ], [ 112.455999, -7.466436, 0.0 ], [ 112.45576, -7.466481, 0.0 ], [ 112.455648000000124, -7.466515, 0.0 ], [ 112.455576, -7.466531, 0.0 ], [ 112.455253, -7.466589999999897, 0.0 ], [ 112.454331, -7.466696, 0.0 ], [ 112.454093, -7.466751999999889, 0.0 ], [ 112.45388900000016, -7.466759, 0.0 ], [ 112.453864, -7.46676, 0.0 ], [ 112.453634000000108, -7.466814, 0.0 ], [ 112.453555, -7.466842, 0.0 ], [ 112.453075, -7.466868, 0.0 ], [ 112.452483, -7.466912, 0.0 ], [ 112.45204, -7.466933, 0.0 ], [ 112.451943, -7.466946, 0.0 ], [ 112.45189, -7.46699, 0.0 ], [ 112.451517, -7.467059, 0.0 ], [ 112.451498, -7.467367, 0.0 ], [ 112.450051, -7.467455, 0.0 ], [ 112.449978000000129, -7.467092, 0.0 ], [ 112.449881, -7.466661, 0.0 ], [ 112.449847000000119, -7.466529, 0.0 ], [ 112.449817, -7.466414999999895, 0.0 ], [ 112.449775, -7.466151, 0.0 ], [ 112.449745, -7.466001, 0.0 ], [ 112.449735, -7.46597, 0.0 ], [ 112.449544000000103, -7.46608, 0.0 ], [ 112.44937, -7.466208, 0.0 ], [ 112.449111, -7.466409, 0.0 ], [ 112.448958, -7.466499, 0.0 ], [ 112.448642, -7.466613, 0.0 ], [ 112.448281, -7.466697, 0.0 ], [ 112.448264000000151, -7.466698, 0.0 ], [ 112.448266000000146, -7.466591, 0.0 ], [ 112.448266000000146, -7.466523, 0.0 ], [ 112.448253, -7.465717, 0.0 ], [ 112.448257, -7.465604, 0.0 ], [ 112.448261, -7.465581999999895, 0.0 ], [ 112.448283, -7.465433, 0.0 ], [ 112.448281, -7.465386, 0.0 ], [ 112.44828, -7.465343, 0.0 ], [ 112.448281, -7.465294, 0.0 ], [ 112.44828, -7.465222, 0.0 ], [ 112.448279, -7.465137, 0.0 ], [ 112.448277, -7.464223, 0.0 ], [ 112.448283, -7.463604, 0.0 ], [ 112.448285, -7.463057, 0.0 ], [ 112.448293, -7.462937, 0.0 ], [ 112.448292, -7.462779, 0.0 ], [ 112.448284, -7.462781, 0.0 ], [ 112.448279, -7.462779, 0.0 ], [ 112.44796500000011, -7.462715, 0.0 ], [ 112.447371, -7.462587999999883, 0.0 ], [ 112.447541000000101, -7.462524, 0.0 ], [ 112.447934, -7.46249, 0.0 ], [ 112.448028, -7.462481, 0.0 ], [ 112.448238, -7.461862, 0.0 ], [ 112.448245, -7.46183, 0.0 ], [ 112.448301, -7.461807, 0.0 ], [ 112.448303, -7.461806, 0.0 ], [ 112.448375, -7.461784, 0.0 ], [ 112.448678000000129, -7.46168, 0.0 ], [ 112.449668, -7.461367, 0.0 ], [ 112.45006600000012, -7.461253, 0.0 ], [ 112.450094, -7.461245, 0.0 ], [ 112.45021, -7.461228, 0.0 ], [ 112.450193, -7.461088, 0.0 ], [ 112.450103, -7.460216, 0.0 ], [ 112.450101, -7.460177, 0.0 ], [ 112.450323, -7.460163, 0.0 ], [ 112.450829000000113, -7.460045, 0.0 ], [ 112.451255, -7.459938, 0.0 ], [ 112.451427000000109, -7.459898, 0.0 ], [ 112.451439, -7.459895, 0.0 ], [ 112.453011, -7.459549, 0.0 ], [ 112.453241, -7.459499, 0.0 ], [ 112.453192, -7.459239, 0.0 ], [ 112.453028, -7.458376, 0.0 ], [ 112.452998, -7.458289, 0.0 ], [ 112.4528770000001, -7.457816, 0.0 ], [ 112.452876000000103, -7.457681, 0.0 ], [ 112.452934, -7.457601, 0.0 ], [ 112.453408, -7.457514, 0.0 ], [ 112.454403, -7.457342, 0.0 ], [ 112.454681, -7.457293, 0.0 ], [ 112.455060000000145, -7.457227, 0.0 ], [ 112.455966, -7.457036, 0.0 ], [ 112.456348, -7.456987, 0.0 ], [ 112.456711, -7.456916, 0.0 ], [ 112.456778, -7.456903, 0.0 ], [ 112.457512745546111, -7.456762048813516, 0.0 ], [ 112.457512922000063, -7.456762912999928, 0.0 ], [ 112.457551652999982, -7.456921986999944, 0.0 ], [ 112.459946025000036, -7.456459209999935, 0.0 ], [ 112.464950056000177, -7.455517908999944, 0.0 ], [ 112.465194448000062, -7.455496803999974, 0.0 ], [ 112.46519444793212, -7.455344140752953, 0.0 ], [ 112.4653, -7.455326, 0.0 ], [ 112.466781, -7.45519, 0.0 ], [ 112.4671, -7.455157, 0.0 ], [ 112.467111449330361, -7.455156162244016, 0.0 ], [ 112.467112032000188, -7.45533120099995, 0.0 ], [ 112.468103249000123, -7.455245595999973, 0.0 ], [ 112.46811474800019, -7.458696182999926, 0.0 ], [ 112.468652023000146, -7.458694398999867, 0.0 ], [ 112.468479984000211, -7.460697938999907, 0.0 ], [ 112.467218756000037, -7.461096323999918, 0.0 ], [ 112.465003008000025, -7.461146520999897, 0.0 ], [ 112.464997869000044, -7.462183446999894, 0.0 ], [ 112.465094162824343, -7.462180007754029, 0.0 ] ] ] ] } },
{ "type": "Feature", "properties": { "KDPPUM": null, "NAMOBJ": "MAGERSARI", "REMARK": "Wilayah Administrasi Keluruhan/Desa", "KDPBPS": null, "FCODE": null, "LUASWH": 0.0, "UUPP": null, "SRS_ID": null, "LCODE": "BA0020", "METADATA": null, "KDEBPS": null, "KDEPUM": null, "KDCBPS": null, "KDCPUM": null, "KDBBPS": null, "KDBPUM": null, "WADMKD": null, "WIADKD": null, "WADMKC": "MAGERSARI", "WIADKC": null, "WADMKK": "KOTAMADYA MOJOKERTO", "WIADKK": null, "WADMPR": "JAWA TIMUR", "WIADPR": null, "TIPADM": 0, "SHAPE_Leng": 0.04409643358, "SHAPE_Area": 5.659426e-05 }, "geometry": { "type": "MultiPolygon", "coordinates": [ [ [ [ 112.445458, -7.462927, 0.0 ], [ 112.445008, -7.46297, 0.0 ], [ 112.444628, -7.463028, 0.0 ], [ 112.444304, -7.463085, 0.0 ], [ 112.44385400000013, -7.463157, 0.0 ], [ 112.443531, -7.463171999999886, 0.0 ], [ 112.443137000000135, -7.463201, 0.0 ], [ 112.442081, -7.463205, 0.0 ], [ 112.441758, -7.463192, 0.0 ], [ 112.441729, -7.463094, 0.0 ], [ 112.441716, -7.46305, 0.0 ], [ 112.441436, -7.462725, 0.0 ], [ 112.441351, -7.462625, 0.0 ], [ 112.441163, -7.462372, 0.0 ], [ 112.441085, -7.462259, 0.0 ], [ 112.441078, -7.462242, 0.0 ], [ 112.441053, -7.46158, 0.0 ], [ 112.441051, -7.461502, 0.0 ], [ 112.441042, -7.461128, 0.0 ], [ 112.441032, -7.46105, 0.0 ], [ 112.440997, -7.460303, 0.0 ], [ 112.440861, -7.460313, 0.0 ], [ 112.44060800000014, -7.460368, 0.0 ], [ 112.44001, -7.460466999999895, 0.0 ], [ 112.439578, -7.460483, 0.0 ], [ 112.439575000000119, -7.460483, 0.0 ], [ 112.439574000000121, -7.460623, 0.0 ], [ 112.439395000000147, -7.46062, 0.0 ], [ 112.439192, -7.460626, 0.0 ], [ 112.439119, -7.460732, 0.0 ], [ 112.43907, -7.460764, 0.0 ], [ 112.43875, -7.460787, 0.0 ], [ 112.438128, -7.4608, 0.0 ], [ 112.437963, -7.460797, 0.0 ], [ 112.437807, -7.460248, 0.0 ], [ 112.4378, -7.46022, 0.0 ], [ 112.43744, -7.4605, 0.0 ], [ 112.43743, -7.460488, 0.0 ], [ 112.437401, -7.460499, 0.0 ], [ 112.437043, -7.460685, 0.0 ], [ 112.436859, -7.460768, 0.0 ], [ 112.4368300000001, -7.460757, 0.0 ], [ 112.436799000000107, -7.460778, 0.0 ], [ 112.43660200000015, -7.46095, 0.0 ], [ 112.436379, -7.461111, 0.0 ], [ 112.435386, -7.461695, 0.0 ], [ 112.435257, -7.461741, 0.0 ], [ 112.43527, -7.461853, 0.0 ], [ 112.435262000000122, -7.462138, 0.0 ], [ 112.435297, -7.462957, 0.0 ], [ 112.435299, -7.463014, 0.0 ], [ 112.435301, -7.463191, 0.0 ], [ 112.435302, -7.463322, 0.0 ], [ 112.435313, -7.463987, 0.0 ], [ 112.435013, -7.463979, 0.0 ], [ 112.434302000000102, -7.464011, 0.0 ], [ 112.434169000000111, -7.464015, 0.0 ], [ 112.433817000000118, -7.464046, 0.0 ], [ 112.433791, -7.464046999999898, 0.0 ], [ 112.433765, -7.464046999999898, 0.0 ], [ 112.433649, -7.464047999999892, 0.0 ], [ 112.43277, -7.464082, 0.0 ], [ 112.432195000000107, -7.464038, 0.0 ], [ 112.431954, -7.464051, 0.0 ], [ 112.431966, -7.463459, 0.0 ], [ 112.431967, -7.463418, 0.0 ], [ 112.431993, -7.462962, 0.0 ], [ 112.431979, -7.462938, 0.0 ], [ 112.431982, -7.462571, 0.0 ], [ 112.431983, -7.462427, 0.0 ], [ 112.431989, -7.462219, 0.0 ], [ 112.431993, -7.461908, 0.0 ], [ 112.431972, -7.461097, 0.0 ], [ 112.431969, -7.46084, 0.0 ], [ 112.431960013628512, -7.460158034241672, 0.0 ], [ 112.432867238000227, -7.460090860999948, 0.0 ], [ 112.43393477700009, -7.459830504999989, 0.0 ], [ 112.434316453000051, -7.459690564999956, 0.0 ], [ 112.435503242000095, -7.458997434999983, 0.0 ], [ 112.435841470000014, -7.458689733999925, 0.0 ], [ 112.436912186000242, -7.458010704999964, 0.0 ], [ 112.437485057000032, -7.457643904, 0.0 ], [ 112.43820340300023, -7.45726532399993, 0.0 ], [ 112.438976212000043, -7.456743433999915, 0.0 ], [ 112.440326614000043, -7.456070985999965, 0.0 ], [ 112.441566193000114, -7.455192054999895, 0.0 ], [ 112.441566572616622, -7.455191762543702, 0.0 ], [ 112.441768, -7.45546, 0.0 ], [ 112.441946, -7.455846, 0.0 ], [ 112.442141000000149, -7.456292, 0.0 ], [ 112.442337, -7.456751, 0.0 ], [ 112.442384, -7.456792, 0.0 ], [ 112.442467000000121, -7.456928, 0.0 ], [ 112.442488, -7.456973, 0.0 ], [ 112.442647, -7.457322, 0.0 ], [ 112.442774000000128, -7.457614, 0.0 ], [ 112.442818000000116, -7.457652, 0.0 ], [ 112.442915, -7.457862, 0.0 ], [ 112.442973, -7.457954, 0.0 ], [ 112.443051000000125, -7.458104, 0.0 ], [ 112.443138000000133, -7.458183, 0.0 ], [ 112.44334, -7.458384, 0.0 ], [ 112.44343, -7.458434, 0.0 ], [ 112.443784, -7.458668, 0.0 ], [ 112.443935, -7.458818, 0.0 ], [ 112.443993, -7.45891, 0.0 ], [ 112.444103, -7.459082, 0.0 ], [ 112.444139, -7.459248, 0.0 ], [ 112.444122000000107, -7.459413, 0.0 ], [ 112.444123, -7.459475, 0.0 ], [ 112.444173, -7.459685, 0.0 ], [ 112.444185, -7.45974, 0.0 ], [ 112.444191, -7.459767, 0.0 ], [ 112.444195, -7.45977, 0.0 ], [ 112.444896, -7.459663, 0.0 ], [ 112.44521, -7.459603, 0.0 ], [ 112.445311, -7.459585, 0.0 ], [ 112.445318, -7.459973, 0.0 ], [ 112.44532, -7.460059, 0.0 ], [ 112.44533, -7.460333, 0.0 ], [ 112.445350000000104, -7.460696, 0.0 ], [ 112.445363, -7.460835, 0.0 ], [ 112.445374, -7.461037, 0.0 ], [ 112.445386, -7.461332, 0.0 ], [ 112.445388000000136, -7.461431, 0.0 ], [ 112.445399, -7.461629, 0.0 ], [ 112.445412, -7.461906, 0.0 ], [ 112.445423, -7.462186, 0.0 ], [ 112.445432000000139, -7.462261, 0.0 ], [ 112.44545, -7.462471, 0.0 ], [ 112.44546, -7.462725, 0.0 ], [ 112.445458, -7.462927, 0.0 ] ] ] ] } },
{ "type": "Feature", "properties": { "KDPPUM": null, "NAMOBJ": "PULOREJO", "REMARK": "Wilayah Administrasi Keluruhan/Desa", "KDPBPS": null, "FCODE": null, "LUASWH": 0.0, "UUPP": null, "SRS_ID": null, "LCODE": "BA0020", "METADATA": null, "KDEBPS": null, "KDEPUM": null, "KDCBPS": null, "KDCPUM": null, "KDBBPS": null, "KDBPUM": null, "WADMKD": null, "WIADKD": null, "WADMKC": "PRAJURIT KULON", "WIADKC": null, "WADMKK": "KOTAMADYA MOJOKERTO", "WIADKK": null, "WADMPR": "JAWA TIMUR", "WIADPR": null, "TIPADM": 0, "SHAPE_Leng": 0.05797617795, "SHAPE_Area": 0.00015087993 }, "geometry": { "type": "MultiPolygon", "coordinates": [ [ [ [ 112.430745348535027, -7.460135033182926, 0.0 ], [ 112.430618000000109, -7.460337, 0.0 ], [ 112.43022, -7.460614, 0.0 ], [ 112.429905, -7.460807, 0.0 ], [ 112.429539, -7.461075, 0.0 ], [ 112.429046, -7.461485, 0.0 ], [ 112.42885700000015, -7.461735, 0.0 ], [ 112.428439, -7.462408, 0.0 ], [ 112.428288, -7.462715, 0.0 ], [ 112.428096, -7.463053, 0.0 ], [ 112.427892, -7.463386, 0.0 ], [ 112.427527, -7.463844, 0.0 ], [ 112.427371000000122, -7.464009, 0.0 ], [ 112.427117, -7.464242, 0.0 ], [ 112.426633, -7.464702, 0.0 ], [ 112.425932, -7.46509, 0.0 ], [ 112.425375, -7.46542, 0.0 ], [ 112.425030000000135, -7.465624, 0.0 ], [ 112.424735, -7.465809, 0.0 ], [ 112.424392, -7.466076, 0.0 ], [ 112.424191, -7.466333, 0.0 ], [ 112.424124, -7.466513, 0.0 ], [ 112.424054, -7.466778, 0.0 ], [ 112.423961, -7.467216, 0.0 ], [ 112.423932, -7.4677, 0.0 ], [ 112.423911000000103, -7.467908, 0.0 ], [ 112.423909000000108, -7.467938, 0.0 ], [ 112.423907000000128, -7.468105, 0.0 ], [ 112.423912, -7.468584, 0.0 ], [ 112.423887, -7.468618, 0.0 ], [ 112.423802, -7.468633, 0.0 ], [ 112.423651, -7.468642, 0.0 ], [ 112.423653, -7.468673, 0.0 ], [ 112.423664, -7.468813, 0.0 ], [ 112.423576, -7.468833, 0.0 ], [ 112.423088, -7.468751, 0.0 ], [ 112.422536, -7.468546, 0.0 ], [ 112.422247, -7.46831, 0.0 ], [ 112.422138, -7.468177, 0.0 ], [ 112.422095, -7.468164, 0.0 ], [ 112.421933, -7.468161, 0.0 ], [ 112.421733, -7.4682, 0.0 ], [ 112.421452, -7.468303, 0.0 ], [ 112.419809, -7.469037, 0.0 ], [ 112.419798, -7.469042, 0.0 ], [ 112.419336, -7.469257, 0.0 ], [ 112.419034, -7.469402, 0.0 ], [ 112.418854, -7.469509, 0.0 ], [ 112.4188240000001, -7.469519, 0.0 ], [ 112.418377, -7.469781, 0.0 ], [ 112.418238000000116, -7.469917, 0.0 ], [ 112.417685, -7.470413, 0.0 ], [ 112.417513, -7.470512, 0.0 ], [ 112.417387, -7.470594, 0.0 ], [ 112.417344, -7.470626, 0.0 ], [ 112.417272, -7.47065, 0.0 ], [ 112.416864, -7.470805, 0.0 ], [ 112.416258, -7.471095, 0.0 ], [ 112.416108, -7.471177, 0.0 ], [ 112.415694, -7.471341, 0.0 ], [ 112.414083, -7.472157, 0.0 ], [ 112.414000315502491, -7.472232235443645, 0.0 ], [ 112.413608117000109, -7.471963898999913, 0.0 ], [ 112.412921279000116, -7.471227436999907, 0.0 ], [ 112.412636713000197, -7.469611653999976, 0.0 ], [ 112.412747880000069, -7.469430116999966, 0.0 ], [ 112.41232237500013, -7.468719707999895, 0.0 ], [ 112.412322190134489, -7.46871961043172, 0.0 ], [ 112.412322, -7.468719, 0.0 ], [ 112.412113980498034, -7.468608520742894, 0.0 ], [ 112.412212192000155, -7.468449155999892, 0.0 ], [ 112.41272955000025, -7.467830562999957, 0.0 ], [ 112.413353681000189, -7.467165922999943, 0.0 ], [ 112.414016235000219, -7.466577329999915, 0.0 ], [ 112.414687830000091, -7.466422848999922, 0.0 ], [ 112.415313940000118, -7.466375147999972, 0.0 ], [ 112.416100361000076, -7.466304071999954, 0.0 ], [ 112.416720338000047, -7.466146921999918, 0.0 ], [ 112.41679323800021, -7.466009015999965, 0.0 ], [ 112.416792886033576, -7.466008215443544, 0.0 ], [ 112.416793, -7.466008, 0.0 ], [ 112.416618, -7.465609, 0.0 ], [ 112.415766, -7.464562, 0.0 ], [ 112.415764612950269, -7.464560442949654, 0.0 ], [ 112.415438732000226, -7.464159505999969, 0.0 ], [ 112.415423272340448, -7.461606117725196, 0.0 ], [ 112.41543, -7.460963999999894, 0.0 ], [ 112.41543, -7.460953, 0.0 ], [ 112.415431, -7.460738, 0.0 ], [ 112.415429, -7.460379999999891, 0.0 ], [ 112.415429, -7.460377, 0.0 ], [ 112.415427, -7.460269, 0.0 ], [ 112.415425, -7.460107, 0.0 ], [ 112.415419, -7.459921, 0.0 ], [ 112.415415, -7.459822, 0.0 ], [ 112.415413, -7.45955, 0.0 ], [ 112.415408, -7.45888, 0.0 ], [ 112.415403052349703, -7.458266491345935, 0.0 ], [ 112.415403006597586, -7.45826081809189, 0.0 ], [ 112.415701039000083, -7.457407722999989, 0.0 ], [ 112.41581403100011, -7.457281526999939, 0.0 ], [ 112.417307734999966, -7.457099460999885, 0.0 ], [ 112.418684499000022, -7.45696582099993, 0.0 ], [ 112.421021005000071, -7.456862714999925, 0.0 ], [ 112.422896951000126, -7.457092951999879, 0.0 ], [ 112.4248965190002, -7.457677856999869, 0.0 ], [ 112.426490023000142, -7.458310082999954, 0.0 ], [ 112.42776603400003, -7.458945244999928, 0.0 ], [ 112.428847873000194, -7.459534014999882, 0.0 ], [ 112.430745348535027, -7.460135033182926, 0.0 ] ] ] ] } },
{ "type": "Feature", "properties": { "KDPPUM": null, "NAMOBJ": "NGINGASREMBYONG", "REMARK": "Wilayah Administrasi Keluruhan/Desa", "KDPBPS": null, "FCODE": null, "LUASWH": 0.0, "UUPP": null, "SRS_ID": null, "LCODE": "BA0020", "METADATA": null, "KDEBPS": null, "KDEPUM": null, "KDCBPS": null, "KDCPUM": null, "KDBBPS": null, "KDBPUM": null, "WADMKD": null, "WIADKD": null, "WADMKC": "SOOKO", "WIADKC": null, "WADMKK": "MOJOKERTO", "WIADKK": null, "WADMPR": "JAWA TIMUR", "WIADPR": null, "TIPADM": 0, "SHAPE_Leng": 0.07241028569000001, "SHAPE_Area": 0.00018246305 }, "geometry": { "type": "MultiPolygon", "coordinates": [ [ [ [ 112.410451, -7.475588, 0.0 ], [ 112.410223470895559, -7.475652032580939, 0.0 ], [ 112.411194370000231, -7.473075563999966, 0.0 ], [ 112.412623811253241, -7.474004280799786, 0.0 ], [ 112.412474, -7.474155, 0.0 ], [ 112.412117, -7.474687, 0.0 ], [ 112.412035, -7.474941, 0.0 ], [ 112.411934, -7.475131, 0.0 ], [ 112.411929, -7.475138, 0.0 ], [ 112.411855, -7.475193, 0.0 ], [ 112.411721, -7.475231, 0.0 ], [ 112.411712, -7.475233, 0.0 ], [ 112.411694, -7.475238, 0.0 ], [ 112.41148600000011, -7.475301, 0.0 ], [ 112.411246, -7.475357, 0.0 ], [ 112.410871, -7.475474, 0.0 ], [ 112.410451, -7.475588, 0.0 ] ] ], [ [ [ 112.412322, -7.468719, 0.0 ], [ 112.412322190134489, -7.46871961043172, 0.0 ], [ 112.412113422000161, -7.468609426999919, 0.0 ], [ 112.412113980498034, -7.468608520742894, 0.0 ], [ 112.412322, -7.468719, 0.0 ] ] ], [ [ [ 112.416793, -7.466008, 0.0 ], [ 112.416792886033576, -7.466008215443544, 0.0 ], [ 112.416617949000184, -7.465610316999928, 0.0 ], [ 112.415764612950269, -7.464560442949654, 0.0 ], [ 112.415766, -7.464562, 0.0 ], [ 112.416618, -7.465609, 0.0 ], [ 112.416793, -7.466008, 0.0 ] ] ], [ [ [ 112.41543, -7.460963999999894, 0.0 ], [ 112.415423272340448, -7.461606117725196, 0.0 ], [ 112.415403052349703, -7.458266491345935, 0.0 ], [ 112.415408, -7.45888, 0.0 ], [ 112.415413, -7.45955, 0.0 ], [ 112.415415, -7.459822, 0.0 ], [ 112.415419, -7.459921, 0.0 ], [ 112.415425, -7.460107, 0.0 ], [ 112.415427, -7.460269, 0.0 ], [ 112.415429, -7.460377, 0.0 ], [ 112.415429, -7.460379999999891, 0.0 ], [ 112.415431, -7.460738, 0.0 ], [ 112.41543, -7.460953, 0.0 ], [ 112.41543, -7.460963999999894, 0.0 ] ] ] ] } },
{ "type": "Feature", "properties": { "KDPPUM": null, "NAMOBJ": "KEPUHANYAR", "REMARK": "Wilayah Administrasi Keluruhan/Desa", "KDPBPS": null, "FCODE": null, "LUASWH": 0.0, "UUPP": null, "SRS_ID": null, "LCODE": "BA0020", "METADATA": null, "KDEBPS": null, "KDEPUM": null, "KDCBPS": null, "KDCPUM": null, "KDBBPS": null, "KDBPUM": null, "WADMKD": null, "WIADKD": null, "WADMKC": "PURI", "WIADKC": null, "WADMKK": "MOJOKERTO", "WIADKK": null, "WADMPR": "JAWA TIMUR", "WIADPR": null, "TIPADM": 0, "SHAPE_Leng": 0.07284527948, "SHAPE_Area": 0.0002083378 }, "geometry": { "type": "MultiPolygon", "coordinates": [ [ [ [ 112.465307, -7.462177, 0.0 ], [ 112.4651, -7.462273, 0.0 ], [ 112.465094162824343, -7.462180007754029, 0.0 ], [ 112.465394648938911, -7.462169275543086, 0.0 ], [ 112.465307, -7.462177, 0.0 ] ] ], [ [ [ 112.466852974335794, -7.466998289674322, 0.0 ], [ 112.466669, -7.466998999999898, 0.0 ], [ 112.466871, -7.465649, 0.0 ], [ 112.467145, -7.46386, 0.0 ], [ 112.467405, -7.46217, 0.0 ], [ 112.467319, -7.462149, 0.0 ], [ 112.467146811335056, -7.462106695026229, 0.0 ], [ 112.467642918000053, -7.462088975999983, 0.0 ], [ 112.466852974335794, -7.466998289674322, 0.0 ] ] ] ] } },
{ "type": "Feature", "properties": { "KDPPUM": null, "NAMOBJ": "KAUMAN", "REMARK": "Wilayah Administrasi Keluruhan/Desa", "KDPBPS": null, "FCODE": null, "LUASWH": 0.0, "UUPP": null, "SRS_ID": null, "LCODE": "BA0020", "METADATA": null, "KDEBPS": null, "KDEPUM": null, "KDCBPS": null, "KDCPUM": null, "KDBBPS": null, "KDBPUM": null, "WADMKD": null, "WIADKD": null, "WADMKC": "PRAJURIT KULON", "WIADKC": null, "WADMKK": "KOTAMADYA MOJOKERTO", "WIADKK": null, "WADMPR": "JAWA TIMUR", "WIADPR": null, "TIPADM": 0, "SHAPE_Leng": 0.0195858768, "SHAPE_Area": 2.102304e-05 }, "geometry": { "type": "MultiPolygon", "coordinates": [ [ [ [ 112.431960013628512, -7.460158034241672, 0.0 ], [ 112.431969, -7.46084, 0.0 ], [ 112.431972, -7.461097, 0.0 ], [ 112.431993, -7.461908, 0.0 ], [ 112.431989, -7.462219, 0.0 ], [ 112.431983, -7.462427, 0.0 ], [ 112.431982, -7.462571, 0.0 ], [ 112.431979, -7.462938, 0.0 ], [ 112.431993, -7.462962, 0.0 ], [ 112.431967, -7.463418, 0.0 ], [ 112.431966, -7.463459, 0.0 ], [ 112.431954, -7.464051, 0.0 ], [ 112.431956, -7.464954, 0.0 ], [ 112.431961000000115, -7.465565, 0.0 ], [ 112.431963, -7.46588, 0.0 ], [ 112.431973000000127, -7.466348, 0.0 ], [ 112.431682, -7.466319, 0.0 ], [ 112.430782, -7.466265, 0.0 ], [ 112.430700000000144, -7.466263, 0.0 ], [ 112.430253000000107, -7.466236, 0.0 ], [ 112.429897000000139, -7.466214, 0.0 ], [ 112.429884, -7.466214, 0.0 ], [ 112.429823, -7.466224, 0.0 ], [ 112.429562, -7.46633, 0.0 ], [ 112.429552000000101, -7.466341, 0.0 ], [ 112.429338, -7.466413, 0.0 ], [ 112.428524, -7.466449, 0.0 ], [ 112.427729, -7.466457, 0.0 ], [ 112.42760400000013, -7.466445, 0.0 ], [ 112.427567, -7.466408, 0.0 ], [ 112.427566, -7.466404, 0.0 ], [ 112.42761, -7.465832, 0.0 ], [ 112.427623, -7.465715, 0.0 ], [ 112.427755, -7.465249, 0.0 ], [ 112.427887, -7.464867, 0.0 ], [ 112.427905, -7.464796, 0.0 ], [ 112.428094, -7.464223, 0.0 ], [ 112.428190000000114, -7.463991, 0.0 ], [ 112.42833, -7.463617, 0.0 ], [ 112.428375, -7.463503, 0.0 ], [ 112.428631, -7.462944, 0.0 ], [ 112.428792, -7.462646, 0.0 ], [ 112.428739, -7.462596, 0.0 ], [ 112.428626, -7.462521, 0.0 ], [ 112.428439, -7.462408, 0.0 ], [ 112.42885700000015, -7.461735, 0.0 ], [ 112.429046, -7.461485, 0.0 ], [ 112.429539, -7.461075, 0.0 ], [ 112.429905, -7.460807, 0.0 ], [ 112.43022, -7.460614, 0.0 ], [ 112.430618000000109, -7.460337, 0.0 ], [ 112.430745348535027, -7.460135033182926, 0.0 ], [ 112.430746434000156, -7.460135376999901, 0.0 ], [ 112.431764994000147, -7.46017247399995, 0.0 ], [ 112.431960013628512, -7.460158034241672, 0.0 ] ] ] ] } },
{ "type": "Feature", "properties": { "KDPPUM": null, "NAMOBJ": "GEDONGAN", "REMARK": "Wilayah Administrasi Keluruhan/Desa", "KDPBPS": null, "FCODE": null, "LUASWH": 0.0, "UUPP": null, "SRS_ID": null, "LCODE": "BA0020", "METADATA": null, "KDEBPS": null, "KDEPUM": null, "KDCBPS": null, "KDCPUM": null, "KDBBPS": null, "KDBPUM": null, "WADMKD": null, "WIADKD": null, "WADMKC": "MAGERSARI", "WIADKC": null, "WADMKK": "KOTAMADYA MOJOKERTO", "WIADKK": null, "WADMPR": "JAWA TIMUR", "WIADPR": null, "TIPADM": 0, "SHAPE_Leng": 0.02202873709, "SHAPE_Area": 1.815937e-05 }, "geometry": { "type": "MultiPolygon", "coordinates": [ [ [ [ 112.441729, -7.463094, 0.0 ], [ 112.441689000000139, -7.463094, 0.0 ], [ 112.441306, -7.463098, 0.0 ], [ 112.440632, -7.463079, 0.0 ], [ 112.440369, -7.463061, 0.0 ], [ 112.440126, -7.463044, 0.0 ], [ 112.440118, -7.463383, 0.0 ], [ 112.440116000000117, -7.463416, 0.0 ], [ 112.440094, -7.463921, 0.0 ], [ 112.440070000000119, -7.464507, 0.0 ], [ 112.440056, -7.465253, 0.0 ], [ 112.440047, -7.465307, 0.0 ], [ 112.439801, -7.465313, 0.0 ], [ 112.439551, -7.465329, 0.0 ], [ 112.439524, -7.465328, 0.0 ], [ 112.439514, -7.465018, 0.0 ], [ 112.439517, -7.464883, 0.0 ], [ 112.439515, -7.464519, 0.0 ], [ 112.439210000000116, -7.464526, 0.0 ], [ 112.438788, -7.464532, 0.0 ], [ 112.438453, -7.464541, 0.0 ], [ 112.438059, -7.464549, 0.0 ], [ 112.437278000000134, -7.464584, 0.0 ], [ 112.437274000000158, -7.464398, 0.0 ], [ 112.437242, -7.463960999999887, 0.0 ], [ 112.437239000000105, -7.463784, 0.0 ], [ 112.437195000000102, -7.463386, 0.0 ], [ 112.437166, -7.463102, 0.0 ], [ 112.437161, -7.463058, 0.0 ], [ 112.437156, -7.463007, 0.0 ], [ 112.437155002000083, -7.463007011999913, 0.0 ], [ 112.436346000000114, -7.463027, 0.0 ], [ 112.435299, -7.463014, 0.0 ], [ 112.435297, -7.462957, 0.0 ], [ 112.435262000000122, -7.462138, 0.0 ], [ 112.43527, -7.461853, 0.0 ], [ 112.435257, -7.461741, 0.0 ], [ 112.435386, -7.461695, 0.0 ], [ 112.436379, -7.461111, 0.0 ], [ 112.43660200000015, -7.46095, 0.0 ], [ 112.436799000000107, -7.460778, 0.0 ], [ 112.4368300000001, -7.460757, 0.0 ], [ 112.436859, -7.460768, 0.0 ], [ 112.437043, -7.460685, 0.0 ], [ 112.437401, -7.460499, 0.0 ], [ 112.43743, -7.460488, 0.0 ], [ 112.43744, -7.4605, 0.0 ], [ 112.4378, -7.46022, 0.0 ], [ 112.437807, -7.460248, 0.0 ], [ 112.437963, -7.460797, 0.0 ], [ 112.438128, -7.4608, 0.0 ], [ 112.43875, -7.460787, 0.0 ], [ 112.43907, -7.460764, 0.0 ], [ 112.439119, -7.460732, 0.0 ], [ 112.439192, -7.460626, 0.0 ], [ 112.439395000000147, -7.46062, 0.0 ], [ 112.439574000000121, -7.460623, 0.0 ], [ 112.439575000000119, -7.460483, 0.0 ], [ 112.439578, -7.460483, 0.0 ], [ 112.44001, -7.460466999999895, 0.0 ], [ 112.44060800000014, -7.460368, 0.0 ], [ 112.440861, -7.460313, 0.0 ], [ 112.440997, -7.460303, 0.0 ], [ 112.441032, -7.46105, 0.0 ], [ 112.441042, -7.461128, 0.0 ], [ 112.441051, -7.461502, 0.0 ], [ 112.441053, -7.46158, 0.0 ], [ 112.441078, -7.462242, 0.0 ], [ 112.441085, -7.462259, 0.0 ], [ 112.441163, -7.462372, 0.0 ], [ 112.441351, -7.462625, 0.0 ], [ 112.441436, -7.462725, 0.0 ], [ 112.441716, -7.46305, 0.0 ], [ 112.441729, -7.463094, 0.0 ] ] ] ] } },
{ "type": "Feature", "properties": { "KDPPUM": null, "NAMOBJ": "MENTIKAN", "REMARK": "Wilayah Administrasi Keluruhan/Desa", "KDPBPS": null, "FCODE": null, "LUASWH": 0.0, "UUPP": null, "SRS_ID": null, "LCODE": "BA0020", "METADATA": null, "KDEBPS": null, "KDEPUM": null, "KDCBPS": null, "KDCPUM": null, "KDBBPS": null, "KDBPUM": null, "WADMKD": null, "WIADKD": null, "WADMKC": "PRAJURIT KULON", "WIADKC": null, "WADMKK": "KOTAMADYA MOJOKERTO", "WIADKK": null, "WADMPR": "JAWA TIMUR", "WIADPR": null, "TIPADM": 0, "SHAPE_Leng": 0.03574027486, "SHAPE_Area": 3.21993e-05 }, "geometry": { "type": "MultiPolygon", "coordinates": [ [ [ [ 112.431973000000127, -7.466348, 0.0 ], [ 112.431974000000125, -7.466751999999889, 0.0 ], [ 112.431977000000103, -7.467341, 0.0 ], [ 112.431984, -7.467931, 0.0 ], [ 112.431993, -7.468388, 0.0 ], [ 112.431996, -7.46868, 0.0 ], [ 112.431991, -7.469041, 0.0 ], [ 112.431985, -7.469466, 0.0 ], [ 112.431985, -7.469612, 0.0 ], [ 112.43199, -7.470088, 0.0 ], [ 112.431996, -7.470472, 0.0 ], [ 112.431998, -7.470681, 0.0 ], [ 112.432001, -7.471016, 0.0 ], [ 112.431994, -7.471277, 0.0 ], [ 112.431996, -7.471773, 0.0 ], [ 112.431433000000126, -7.471734, 0.0 ], [ 112.431103, -7.471703, 0.0 ], [ 112.430863, -7.471691, 0.0 ], [ 112.430819, -7.471996999999899, 0.0 ], [ 112.430794000000105, -7.472192, 0.0 ], [ 112.430772, -7.472419, 0.0 ], [ 112.430627, -7.472418, 0.0 ], [ 112.42906, -7.47247, 0.0 ], [ 112.428767, -7.472501, 0.0 ], [ 112.42881, -7.472356, 0.0 ], [ 112.428875, -7.472017, 0.0 ], [ 112.42889, -7.471733, 0.0 ], [ 112.428926, -7.471129, 0.0 ], [ 112.428936, -7.470939, 0.0 ], [ 112.428961, -7.470287, 0.0 ], [ 112.42897, -7.469933, 0.0 ], [ 112.428946000000138, -7.469441, 0.0 ], [ 112.428848, -7.469047, 0.0 ], [ 112.428651, -7.468708, 0.0 ], [ 112.428447, -7.468396, 0.0 ], [ 112.428359000000157, -7.468247, 0.0 ], [ 112.428184, -7.467963999999895, 0.0 ], [ 112.428005, -7.467695, 0.0 ], [ 112.427954000000128, -7.467622, 0.0 ], [ 112.427865000000139, -7.467552, 0.0 ], [ 112.427746, -7.467549, 0.0 ], [ 112.42766, -7.467565, 0.0 ], [ 112.427388000000107, -7.467644, 0.0 ], [ 112.427207, -7.4677, 0.0 ], [ 112.426984, -7.467765, 0.0 ], [ 112.426318, -7.467961, 0.0 ], [ 112.426102, -7.468027, 0.0 ], [ 112.42515, -7.468279, 0.0 ], [ 112.424585, -7.468421, 0.0 ], [ 112.423912, -7.468584, 0.0 ], [ 112.423907000000128, -7.468105, 0.0 ], [ 112.423909000000108, -7.467938, 0.0 ], [ 112.423911000000103, -7.467908, 0.0 ], [ 112.423932, -7.4677, 0.0 ], [ 112.423961, -7.467216, 0.0 ], [ 112.424054, -7.466778, 0.0 ], [ 112.424124, -7.466513, 0.0 ], [ 112.424191, -7.466333, 0.0 ], [ 112.424392, -7.466076, 0.0 ], [ 112.424735, -7.465809, 0.0 ], [ 112.425030000000135, -7.465624, 0.0 ], [ 112.425375, -7.46542, 0.0 ], [ 112.425932, -7.46509, 0.0 ], [ 112.426633, -7.464702, 0.0 ], [ 112.427117, -7.464242, 0.0 ], [ 112.427371000000122, -7.464009, 0.0 ], [ 112.427527, -7.463844, 0.0 ], [ 112.427892, -7.463386, 0.0 ], [ 112.428096, -7.463053, 0.0 ], [ 112.428288, -7.462715, 0.0 ], [ 112.428439, -7.462408, 0.0 ], [ 112.428626, -7.462521, 0.0 ], [ 112.428739, -7.462596, 0.0 ], [ 112.428792, -7.462646, 0.0 ], [ 112.428631, -7.462944, 0.0 ], [ 112.428375, -7.463503, 0.0 ], [ 112.42833, -7.463617, 0.0 ], [ 112.428190000000114, -7.463991, 0.0 ], [ 112.428094, -7.464223, 0.0 ], [ 112.427905, -7.464796, 0.0 ], [ 112.427887, -7.464867, 0.0 ], [ 112.427755, -7.465249, 0.0 ], [ 112.427623, -7.465715, 0.0 ], [ 112.42761, -7.465832, 0.0 ], [ 112.427566, -7.466404, 0.0 ], [ 112.427567, -7.466408, 0.0 ], [ 112.42760400000013, -7.466445, 0.0 ], [ 112.427729, -7.466457, 0.0 ], [ 112.428524, -7.466449, 0.0 ], [ 112.429338, -7.466413, 0.0 ], [ 112.429552000000101, -7.466341, 0.0 ], [ 112.429562, -7.46633, 0.0 ], [ 112.429823, -7.466224, 0.0 ], [ 112.429884, -7.466214, 0.0 ], [ 112.429897000000139, -7.466214, 0.0 ], [ 112.430253000000107, -7.466236, 0.0 ], [ 112.430700000000144, -7.466263, 0.0 ], [ 112.430782, -7.466265, 0.0 ], [ 112.431682, -7.466319, 0.0 ], [ 112.431973000000127, -7.466348, 0.0 ] ] ] ] } },
{ "type": "Feature", "properties": { "KDPPUM": null, "NAMOBJ": "BALONGSARI", "REMARK": "Wilayah Administrasi Keluruhan/Desa", "KDPBPS": null, "FCODE": null, "LUASWH": 0.0, "UUPP": null, "SRS_ID": null, "LCODE": "BA0020", "METADATA": null, "KDEBPS": null, "KDEPUM": null, "KDCBPS": null, "KDCPUM": null, "KDBBPS": null, "KDBPUM": null, "WADMKD": null, "WIADKD": null, "WADMKC": "MAGERSARI", "WIADKC": null, "WADMKK": "KOTAMADYA MOJOKERTO", "WIADKK": null, "WADMPR": "JAWA TIMUR", "WIADPR": null, "TIPADM": 0, "SHAPE_Leng": 0.04187835643, "SHAPE_Area": 7.998497e-05 }, "geometry": { "type": "MultiPolygon", "coordinates": [ [ [ [ 112.448264000000151, -7.466698, 0.0 ], [ 112.448253, -7.466785, 0.0 ], [ 112.448245, -7.466857, 0.0 ], [ 112.44815, -7.467023, 0.0 ], [ 112.447898, -7.467394, 0.0 ], [ 112.447885, -7.467421, 0.0 ], [ 112.447867, -7.467517, 0.0 ], [ 112.44783, -7.467727, 0.0 ], [ 112.447634, -7.468614, 0.0 ], [ 112.44748, -7.469293, 0.0 ], [ 112.447404, -7.469681, 0.0 ], [ 112.447391, -7.469768, 0.0 ], [ 112.447386, -7.469795, 0.0 ], [ 112.447343, -7.469789, 0.0 ], [ 112.44686, -7.469723, 0.0 ], [ 112.446419, -7.469671, 0.0 ], [ 112.445978, -7.469619, 0.0 ], [ 112.445527, -7.469567, 0.0 ], [ 112.445214, -7.469529, 0.0 ], [ 112.445177, -7.469797, 0.0 ], [ 112.445123, -7.470233, 0.0 ], [ 112.444945, -7.471582, 0.0 ], [ 112.444852000000111, -7.47231, 0.0 ], [ 112.444848000000135, -7.472362, 0.0 ], [ 112.444838, -7.472406, 0.0 ], [ 112.44416, -7.472361, 0.0 ], [ 112.444161, -7.472562, 0.0 ], [ 112.444162, -7.472786999999894, 0.0 ], [ 112.444162, -7.472915, 0.0 ], [ 112.444152, -7.473055, 0.0 ], [ 112.444131, -7.473151, 0.0 ], [ 112.444088, -7.473226, 0.0 ], [ 112.444056, -7.473302, 0.0 ], [ 112.444002, -7.473398, 0.0 ], [ 112.443915, -7.473502999999894, 0.0 ], [ 112.443835, -7.473456, 0.0 ], [ 112.443334, -7.473405, 0.0 ], [ 112.44222, -7.47336, 0.0 ], [ 112.441095, -7.473284, 0.0 ], [ 112.440148, -7.473275, 0.0 ], [ 112.439662000000112, -7.473526, 0.0 ], [ 112.439657, -7.473108, 0.0 ], [ 112.439651, -7.47263, 0.0 ], [ 112.439646, -7.472289, 0.0 ], [ 112.439638, -7.471826, 0.0 ], [ 112.439629, -7.4711, 0.0 ], [ 112.439629, -7.470937, 0.0 ], [ 112.439620000000104, -7.47029, 0.0 ], [ 112.439614, -7.469988, 0.0 ], [ 112.439595, -7.46938, 0.0 ], [ 112.439498, -7.469355, 0.0 ], [ 112.439505, -7.469651, 0.0 ], [ 112.439202, -7.469644, 0.0 ], [ 112.439122000000111, -7.469642, 0.0 ], [ 112.438611, -7.469608, 0.0 ], [ 112.438532, -7.469622, 0.0 ], [ 112.437778000000108, -7.469605, 0.0 ], [ 112.437477, -7.469557, 0.0 ], [ 112.43748, -7.469515, 0.0 ], [ 112.437609, -7.468996, 0.0 ], [ 112.437649, -7.468807, 0.0 ], [ 112.437671, -7.468733, 0.0 ], [ 112.437765, -7.468312, 0.0 ], [ 112.437761, -7.468215, 0.0 ], [ 112.437827, -7.467846, 0.0 ], [ 112.437897, -7.467562, 0.0 ], [ 112.437919, -7.467499, 0.0 ], [ 112.437919, -7.467497, 0.0 ], [ 112.437917, -7.467467, 0.0 ], [ 112.43814100000013, -7.466523, 0.0 ], [ 112.438269000000147, -7.466528, 0.0 ], [ 112.438791, -7.466518, 0.0 ], [ 112.438845, -7.466521, 0.0 ], [ 112.439233, -7.466538, 0.0 ], [ 112.439426, -7.466567, 0.0 ], [ 112.439463, -7.466575, 0.0 ], [ 112.439551, -7.466438, 0.0 ], [ 112.439525000000145, -7.465542, 0.0 ], [ 112.439524, -7.465328, 0.0 ], [ 112.439551, -7.465329, 0.0 ], [ 112.439801, -7.465313, 0.0 ], [ 112.440047, -7.465307, 0.0 ], [ 112.440056, -7.465253, 0.0 ], [ 112.440070000000119, -7.464507, 0.0 ], [ 112.440094, -7.463921, 0.0 ], [ 112.440116000000117, -7.463416, 0.0 ], [ 112.440118, -7.463383, 0.0 ], [ 112.440126, -7.463044, 0.0 ], [ 112.440369, -7.463061, 0.0 ], [ 112.440632, -7.463079, 0.0 ], [ 112.441306, -7.463098, 0.0 ], [ 112.441689000000139, -7.463094, 0.0 ], [ 112.441729, -7.463094, 0.0 ], [ 112.441758, -7.463192, 0.0 ], [ 112.442081, -7.463205, 0.0 ], [ 112.443137000000135, -7.463201, 0.0 ], [ 112.443531, -7.463171999999886, 0.0 ], [ 112.44385400000013, -7.463157, 0.0 ], [ 112.444304, -7.463085, 0.0 ], [ 112.444628, -7.463028, 0.0 ], [ 112.445008, -7.46297, 0.0 ], [ 112.445458, -7.462927, 0.0 ], [ 112.446020000000118, -7.462813, 0.0 ], [ 112.446273, -7.462741, 0.0 ], [ 112.447010000000134, -7.46262, 0.0 ], [ 112.447234000000108, -7.462608, 0.0 ], [ 112.447371, -7.462587999999883, 0.0 ], [ 112.44796500000011, -7.462715, 0.0 ], [ 112.448279, -7.462779, 0.0 ], [ 112.448284, -7.462781, 0.0 ], [ 112.448292, -7.462779, 0.0 ], [ 112.448293, -7.462937, 0.0 ], [ 112.448285, -7.463057, 0.0 ], [ 112.448283, -7.463604, 0.0 ], [ 112.448277, -7.464223, 0.0 ], [ 112.448279, -7.465137, 0.0 ], [ 112.44828, -7.465222, 0.0 ], [ 112.448281, -7.465294, 0.0 ], [ 112.44828, -7.465343, 0.0 ], [ 112.448281, -7.465386, 0.0 ], [ 112.448283, -7.465433, 0.0 ], [ 112.448261, -7.465581999999895, 0.0 ], [ 112.448257, -7.465604, 0.0 ], [ 112.448253, -7.465717, 0.0 ], [ 112.448266000000146, -7.466523, 0.0 ], [ 112.448266000000146, -7.466591, 0.0 ], [ 112.448264000000151, -7.466698, 0.0 ] ] ] ] } },
{ "type": "Feature", "properties": { "KDPPUM": null, "NAMOBJ": "PURWO TENGAH", "REMARK": "Wilayah Administrasi Keluruhan/Desa", "KDPBPS": null, "FCODE": null, "LUASWH": 0.0, "UUPP": null, "SRS_ID": null, "LCODE": "BA0020", "METADATA": null, "KDEBPS": null, "KDEPUM": null, "KDCBPS": null, "KDCPUM": null, "KDBBPS": null, "KDBPUM": null, "WADMKD": null, "WIADKD": null, "WADMKC": "MAGERSARI", "WIADKC": null, "WADMKK": "KOTAMADYA MOJOKERTO", "WIADKK": null, "WADMPR": "JAWA TIMUR", "WIADPR": null, "TIPADM": 0, "SHAPE_Leng": 0.02209633358, "SHAPE_Area": 2.010411e-05 }, "geometry": { "type": "MultiPolygon", "coordinates": [ [ [ [ 112.439524, -7.465328, 0.0 ], [ 112.439525000000145, -7.465542, 0.0 ], [ 112.439551, -7.466438, 0.0 ], [ 112.439463, -7.466575, 0.0 ], [ 112.439426, -7.466567, 0.0 ], [ 112.439233, -7.466538, 0.0 ], [ 112.438845, -7.466521, 0.0 ], [ 112.438791, -7.466518, 0.0 ], [ 112.438269000000147, -7.466528, 0.0 ], [ 112.43814100000013, -7.466523, 0.0 ], [ 112.437363, -7.46664, 0.0 ], [ 112.437157, -7.46664, 0.0 ], [ 112.437045, -7.466609, 0.0 ], [ 112.436934, -7.466625, 0.0 ], [ 112.4366, -7.46661, 0.0 ], [ 112.436282, -7.466627, 0.0 ], [ 112.436091, -7.466628, 0.0 ], [ 112.4359, -7.466597, 0.0 ], [ 112.435646, -7.466613, 0.0 ], [ 112.435392000000135, -7.466598, 0.0 ], [ 112.435233, -7.466615, 0.0 ], [ 112.435087, -7.466615, 0.0 ], [ 112.434772, -7.466616, 0.0 ], [ 112.434422, -7.466602, 0.0 ], [ 112.434263, -7.466586, 0.0 ], [ 112.43412, -7.466602, 0.0 ], [ 112.433802, -7.466588, 0.0 ], [ 112.433532, -7.466604, 0.0 ], [ 112.433261, -7.466574, 0.0 ], [ 112.43315, -7.466606, 0.0 ], [ 112.432975, -7.466589999999897, 0.0 ], [ 112.432816000000159, -7.466607, 0.0 ], [ 112.43253, -7.466592, 0.0 ], [ 112.432307, -7.466593, 0.0 ], [ 112.432164, -7.466593, 0.0 ], [ 112.432053, -7.466593, 0.0 ], [ 112.431973000000127, -7.466348, 0.0 ], [ 112.431963, -7.46588, 0.0 ], [ 112.431961000000115, -7.465565, 0.0 ], [ 112.431956, -7.464954, 0.0 ], [ 112.431954, -7.464051, 0.0 ], [ 112.432195000000107, -7.464038, 0.0 ], [ 112.43277, -7.464082, 0.0 ], [ 112.433649, -7.464047999999892, 0.0 ], [ 112.433765, -7.464046999999898, 0.0 ], [ 112.433791, -7.464046999999898, 0.0 ], [ 112.433817000000118, -7.464046, 0.0 ], [ 112.434169000000111, -7.464015, 0.0 ], [ 112.434302000000102, -7.464011, 0.0 ], [ 112.435013, -7.463979, 0.0 ], [ 112.435313, -7.463987, 0.0 ], [ 112.435302, -7.463322, 0.0 ], [ 112.435301, -7.463191, 0.0 ], [ 112.435299, -7.463014, 0.0 ], [ 112.436346000000114, -7.463027, 0.0 ], [ 112.437155002000083, -7.463007011999913, 0.0 ], [ 112.437156, -7.463007, 0.0 ], [ 112.437161, -7.463058, 0.0 ], [ 112.437166, -7.463102, 0.0 ], [ 112.437195000000102, -7.463386, 0.0 ], [ 112.437239000000105, -7.463784, 0.0 ], [ 112.437242, -7.463960999999887, 0.0 ], [ 112.437274000000158, -7.464398, 0.0 ], [ 112.437278000000134, -7.464584, 0.0 ], [ 112.438059, -7.464549, 0.0 ], [ 112.438453, -7.464541, 0.0 ], [ 112.438788, -7.464532, 0.0 ], [ 112.439210000000116, -7.464526, 0.0 ], [ 112.439515, -7.464519, 0.0 ], [ 112.439517, -7.464883, 0.0 ], [ 112.439514, -7.465018, 0.0 ], [ 112.439524, -7.465328, 0.0 ] ] ] ] } },
{ "type": "Feature", "properties": { "KDPPUM": null, "NAMOBJ": "GUNUNGGENDANGAN", "REMARK": "Wilayah Administrasi Keluruhan/Desa", "KDPBPS": null, "FCODE": null, "LUASWH": 0.0, "UUPP": null, "SRS_ID": null, "LCODE": "BA0020", "METADATA": null, "KDEBPS": null, "KDEPUM": null, "KDCBPS": null, "KDCPUM": null, "KDBBPS": null, "KDBPUM": null, "WADMKD": null, "WIADKD": null, "WADMKC": "MAGERSARI", "WIADKC": null, "WADMKK": "KOTAMADYA MOJOKERTO", "WIADKK": null, "WADMPR": "JAWA TIMUR", "WIADPR": null, "TIPADM": 0, "SHAPE_Leng": 0.06175878384, "SHAPE_Area": 0.00015505259 }, "geometry": { "type": "MultiPolygon", "coordinates": [ [ [ [ 112.46150900000012, -7.473067, 0.0 ], [ 112.461389, -7.473154, 0.0 ], [ 112.461388753733488, -7.47315529043653, 0.0 ], [ 112.461316336000166, -7.473391838999934, 0.0 ], [ 112.461017496068976, -7.476673494327503, 0.0 ], [ 112.461005, -7.476802, 0.0 ], [ 112.460993561186712, -7.476936330801156, 0.0 ], [ 112.460832908000143, -7.478700513999883, 0.0 ], [ 112.460494849000142, -7.482939799, 0.0 ], [ 112.458564253000105, -7.482712527999926, 0.0 ], [ 112.457804540000126, -7.482443989999911, 0.0 ], [ 112.455665173000043, -7.482535483999932, 0.0 ], [ 112.453350146000076, -7.482206646, 0.0 ], [ 112.452118150000189, -7.481995518999931, 0.0 ], [ 112.450848684791595, -7.481748414145041, 0.0 ], [ 112.45087, -7.481495, 0.0 ], [ 112.450912, -7.481277, 0.0 ], [ 112.450967, -7.480993, 0.0 ], [ 112.4511660000001, -7.480175, 0.0 ], [ 112.451388, -7.479556, 0.0 ], [ 112.451418, -7.479483, 0.0 ], [ 112.451422, -7.479471, 0.0 ], [ 112.451909000000114, -7.477827, 0.0 ], [ 112.451992, -7.477581999999884, 0.0 ], [ 112.452021, -7.477524, 0.0 ], [ 112.452105, -7.477219, 0.0 ], [ 112.452202, -7.477058, 0.0 ], [ 112.452282, -7.476893, 0.0 ], [ 112.452305, -7.476844, 0.0 ], [ 112.452304, -7.476247, 0.0 ], [ 112.452303, -7.475765, 0.0 ], [ 112.452301, -7.475389, 0.0 ], [ 112.4523, -7.474939, 0.0 ], [ 112.452299, -7.474596, 0.0 ], [ 112.452287, -7.474361, 0.0 ], [ 112.452254, -7.474178, 0.0 ], [ 112.452211, -7.474028, 0.0 ], [ 112.452146, -7.4739, 0.0 ], [ 112.452028, -7.473858, 0.0 ], [ 112.451823000000104, -7.47388, 0.0 ], [ 112.451608, -7.47387, 0.0 ], [ 112.451533, -7.473741, 0.0 ], [ 112.451489, -7.473366, 0.0 ], [ 112.451519, -7.472755, 0.0 ], [ 112.45155, -7.472423, 0.0 ], [ 112.45157, -7.471833, 0.0 ], [ 112.451600000000127, -7.471372, 0.0 ], [ 112.451588, -7.470997, 0.0 ], [ 112.451566, -7.47074, 0.0 ], [ 112.451555000000141, -7.470536, 0.0 ], [ 112.451515000000114, -7.470451, 0.0 ], [ 112.451006, -7.470379, 0.0 ], [ 112.450149, -7.470245, 0.0 ], [ 112.449474, -7.47015, 0.0 ], [ 112.449221000000108, -7.470118, 0.0 ], [ 112.448912, -7.470067, 0.0 ], [ 112.448826, -7.470049, 0.0 ], [ 112.448563, -7.470001, 0.0 ], [ 112.447812000000141, -7.469894, 0.0 ], [ 112.447406000000129, -7.469841, 0.0 ], [ 112.447379000000112, -7.469837, 0.0 ], [ 112.447386, -7.469795, 0.0 ], [ 112.447391, -7.469768, 0.0 ], [ 112.447404, -7.469681, 0.0 ], [ 112.44748, -7.469293, 0.0 ], [ 112.447634, -7.468614, 0.0 ], [ 112.44783, -7.467727, 0.0 ], [ 112.447867, -7.467517, 0.0 ], [ 112.447885, -7.467421, 0.0 ], [ 112.447898, -7.467394, 0.0 ], [ 112.44815, -7.467023, 0.0 ], [ 112.448245, -7.466857, 0.0 ], [ 112.448253, -7.466785, 0.0 ], [ 112.448264000000151, -7.466698, 0.0 ], [ 112.448281, -7.466697, 0.0 ], [ 112.448642, -7.466613, 0.0 ], [ 112.448958, -7.466499, 0.0 ], [ 112.449111, -7.466409, 0.0 ], [ 112.44937, -7.466208, 0.0 ], [ 112.449544000000103, -7.46608, 0.0 ], [ 112.449735, -7.46597, 0.0 ], [ 112.449745, -7.466001, 0.0 ], [ 112.449775, -7.466151, 0.0 ], [ 112.449817, -7.466414999999895, 0.0 ], [ 112.449847000000119, -7.466529, 0.0 ], [ 112.449881, -7.466661, 0.0 ], [ 112.449978000000129, -7.467092, 0.0 ], [ 112.450051, -7.467455, 0.0 ], [ 112.451498, -7.467367, 0.0 ], [ 112.451517, -7.467059, 0.0 ], [ 112.45189, -7.46699, 0.0 ], [ 112.451943, -7.466946, 0.0 ], [ 112.45204, -7.466933, 0.0 ], [ 112.452483, -7.466912, 0.0 ], [ 112.453075, -7.466868, 0.0 ], [ 112.453555, -7.466842, 0.0 ], [ 112.453634000000108, -7.466814, 0.0 ], [ 112.453864, -7.46676, 0.0 ], [ 112.45388900000016, -7.466759, 0.0 ], [ 112.454093, -7.466751999999889, 0.0 ], [ 112.454331, -7.466696, 0.0 ], [ 112.455253, -7.466589999999897, 0.0 ], [ 112.455576, -7.466531, 0.0 ], [ 112.455648000000124, -7.466515, 0.0 ], [ 112.45576, -7.466481, 0.0 ], [ 112.455999, -7.466436, 0.0 ], [ 112.456546, -7.466396, 0.0 ], [ 112.45678, -7.466391, 0.0 ], [ 112.456801, -7.46639, 0.0 ], [ 112.457438, -7.466352, 0.0 ], [ 112.457932, -7.466278, 0.0 ], [ 112.458152, -7.466245, 0.0 ], [ 112.4584, -7.466234, 0.0 ], [ 112.458541, -7.466263, 0.0 ], [ 112.458654, -7.466279, 0.0 ], [ 112.458712, -7.46628, 0.0 ], [ 112.458814, -7.46629, 0.0 ], [ 112.458987, -7.466307, 0.0 ], [ 112.459089, -7.466318, 0.0 ], [ 112.45912, -7.466328, 0.0 ], [ 112.459412, -7.466359, 0.0 ], [ 112.459559, -7.46637, 0.0 ], [ 112.459574, -7.466372, 0.0 ], [ 112.459698000000117, -7.466369, 0.0 ], [ 112.459793, -7.466366, 0.0 ], [ 112.460085, -7.466361, 0.0 ], [ 112.460094, -7.466727, 0.0 ], [ 112.460098, -7.466892, 0.0 ], [ 112.4601100000001, -7.46753, 0.0 ], [ 112.460095, -7.468094, 0.0 ], [ 112.460080000000104, -7.468304, 0.0 ], [ 112.460078, -7.468319, 0.0 ], [ 112.460068, -7.468618, 0.0 ], [ 112.460058000000146, -7.468934, 0.0 ], [ 112.460012, -7.469319, 0.0 ], [ 112.45992, -7.471362, 0.0 ], [ 112.459919, -7.471453, 0.0 ], [ 112.459918, -7.47151, 0.0 ], [ 112.459899, -7.472059, 0.0 ], [ 112.45988800000012, -7.472797, 0.0 ], [ 112.459895, -7.4731, 0.0 ], [ 112.459894, -7.473165, 0.0 ], [ 112.45988800000012, -7.473212, 0.0 ], [ 112.459898, -7.47324, 0.0 ], [ 112.459926000000152, -7.473264, 0.0 ], [ 112.459982, -7.473271, 0.0 ], [ 112.460204, -7.473276, 0.0 ], [ 112.460338000000135, -7.473276, 0.0 ], [ 112.460454, -7.473266, 0.0 ], [ 112.460554000000158, -7.473247, 0.0 ], [ 112.460654, -7.473228, 0.0 ], [ 112.460735000000128, -7.4732, 0.0 ], [ 112.46085, -7.473171, 0.0 ], [ 112.460997, -7.473133, 0.0 ], [ 112.461103000000108, -7.473111, 0.0 ], [ 112.461197, -7.473092, 0.0 ], [ 112.461269, -7.473086, 0.0 ], [ 112.461365000000114, -7.473085, 0.0 ], [ 112.46150900000012, -7.473067, 0.0 ] ] ] ] } },
{ "type": "Feature", "properties": { "KDPPUM": null, "NAMOBJ": "SENTANAN", "REMARK": "Wilayah Administrasi Keluruhan/Desa", "KDPBPS": null, "FCODE": null, "LUASWH": 0.0, "UUPP": null, "SRS_ID": null, "LCODE": "BA0020", "METADATA": null, "KDEBPS": null, "KDEPUM": null, "KDCBPS": null, "KDCPUM": null, "KDBBPS": null, "KDBPUM": null, "WADMKD": null, "WIADKD": null, "WADMKC": "MAGERSARI", "WIADKC": null, "WADMKK": "KOTAMADYA MOJOKERTO", "WIADKK": null, "WADMPR": "JAWA TIMUR", "WIADPR": null, "TIPADM": 0, "SHAPE_Leng": 0.01679245594, "SHAPE_Area": 1.541199e-05 }, "geometry": { "type": "MultiPolygon", "coordinates": [ [ [ [ 112.435087, -7.466615, 0.0 ], [ 112.435065, -7.466747, 0.0 ], [ 112.435045, -7.467399, 0.0 ], [ 112.435045, -7.467408, 0.0 ], [ 112.43502200000016, -7.467671999999894, 0.0 ], [ 112.43501, -7.467822, 0.0 ], [ 112.434995, -7.468088, 0.0 ], [ 112.43499, -7.468327, 0.0 ], [ 112.434957, -7.468829, 0.0 ], [ 112.434947, -7.468979, 0.0 ], [ 112.434923, -7.469243, 0.0 ], [ 112.434915, -7.469497, 0.0 ], [ 112.43488, -7.46989, 0.0 ], [ 112.434844, -7.470292, 0.0 ], [ 112.434827, -7.470665, 0.0 ], [ 112.434824, -7.47077, 0.0 ], [ 112.434813000000105, -7.471014, 0.0 ], [ 112.434803, -7.471322, 0.0 ], [ 112.434779, -7.471882, 0.0 ], [ 112.434722000000122, -7.471882, 0.0 ], [ 112.4347, -7.471883, 0.0 ], [ 112.433904000000112, -7.471868, 0.0 ], [ 112.433360000000135, -7.471839, 0.0 ], [ 112.433329, -7.471839, 0.0 ], [ 112.43311, -7.471834, 0.0 ], [ 112.432849, -7.471833, 0.0 ], [ 112.431996, -7.471773, 0.0 ], [ 112.431994, -7.471277, 0.0 ], [ 112.432001, -7.471016, 0.0 ], [ 112.431998, -7.470681, 0.0 ], [ 112.431996, -7.470472, 0.0 ], [ 112.43199, -7.470088, 0.0 ], [ 112.431985, -7.469612, 0.0 ], [ 112.431985, -7.469466, 0.0 ], [ 112.431991, -7.469041, 0.0 ], [ 112.431996, -7.46868, 0.0 ], [ 112.431993, -7.468388, 0.0 ], [ 112.431984, -7.467931, 0.0 ], [ 112.431977000000103, -7.467341, 0.0 ], [ 112.431974000000125, -7.466751999999889, 0.0 ], [ 112.431973000000127, -7.466348, 0.0 ], [ 112.432053, -7.466593, 0.0 ], [ 112.432164, -7.466593, 0.0 ], [ 112.432307, -7.466593, 0.0 ], [ 112.43253, -7.466592, 0.0 ], [ 112.432816000000159, -7.466607, 0.0 ], [ 112.432975, -7.466589999999897, 0.0 ], [ 112.43315, -7.466606, 0.0 ], [ 112.433261, -7.466574, 0.0 ], [ 112.433532, -7.466604, 0.0 ], [ 112.433802, -7.466588, 0.0 ], [ 112.43412, -7.466602, 0.0 ], [ 112.434263, -7.466586, 0.0 ], [ 112.434422, -7.466602, 0.0 ], [ 112.434772, -7.466616, 0.0 ], [ 112.435087, -7.466615, 0.0 ] ] ] ] } },
{ "type": "Feature", "properties": { "KDPPUM": null, "NAMOBJ": "GEBANGMALANG", "REMARK": "Wilayah Administrasi Keluruhan/Desa", "KDPBPS": null, "FCODE": null, "LUASWH": 0.0, "UUPP": null, "SRS_ID": null, "LCODE": "BA0020", "METADATA": null, "KDEBPS": null, "KDEPUM": null, "KDCBPS": null, "KDCPUM": null, "KDBBPS": null, "KDBPUM": null, "WADMKD": null, "WIADKD": null, "WADMKC": "PURI", "WIADKC": null, "WADMKK": "MOJOKERTO", "WIADKK": null, "WADMPR": "JAWA TIMUR", "WIADPR": null, "TIPADM": 0, "SHAPE_Leng": 0.07512325899, "SHAPE_Area": 0.00022518342 }, "geometry": { "type": "MultiPolygon", "coordinates": [ [ [ [ 112.461017496068976, -7.476673494327503, 0.0 ], [ 112.460993561186712, -7.476936330801156, 0.0 ], [ 112.461005, -7.476802, 0.0 ], [ 112.461017496068976, -7.476673494327503, 0.0 ] ] ], [ [ [ 112.463559, -7.473004, 0.0 ], [ 112.463978000000125, -7.473094, 0.0 ], [ 112.464377, -7.473197, 0.0 ], [ 112.464597, -7.473225, 0.0 ], [ 112.46477, -7.473193, 0.0 ], [ 112.464771036652294, -7.473190267007592, 0.0 ], [ 112.464769693000264, -7.473194300999932, 0.0 ], [ 112.464596504000141, -7.473226543999935, 0.0 ], [ 112.464377111000118, -7.473197665999944, 0.0 ], [ 112.463977688000099, -7.473095069999982, 0.0 ], [ 112.463559480000228, -7.473004969999899, 0.0 ], [ 112.463312695999974, -7.473029959999923, 0.0 ], [ 112.462882405000158, -7.473126327999903, 0.0 ], [ 112.462471688000022, -7.473147185999942, 0.0 ], [ 112.46195493500025, -7.473083255999892, 0.0 ], [ 112.461509278000236, -7.473067821999859, 0.0 ], [ 112.461388910000224, -7.473154779999948, 0.0 ], [ 112.461388753733488, -7.47315529043653, 0.0 ], [ 112.461389, -7.473154, 0.0 ], [ 112.46150900000012, -7.473067, 0.0 ], [ 112.461955, -7.473082, 0.0 ], [ 112.462472, -7.473146, 0.0 ], [ 112.462882, -7.473124999999882, 0.0 ], [ 112.463313, -7.473029, 0.0 ], [ 112.463559, -7.473004, 0.0 ] ] ], [ [ [ 112.464792263000177, -7.473126539999921, 0.0 ], [ 112.464792, -7.473127329594533, 0.0 ], [ 112.464792, -7.473124999999882, 0.0 ], [ 112.464792, -7.473107, 0.0 ], [ 112.464752000000132, -7.47295, 0.0 ], [ 112.46464, -7.472628, 0.0 ], [ 112.464355, -7.471808, 0.0 ], [ 112.464134, -7.471322, 0.0 ], [ 112.464051, -7.471127, 0.0 ], [ 112.464316676009233, -7.470922249692126, 0.0 ], [ 112.464316640000078, -7.47092285299993, 0.0 ], [ 112.465074608000094, -7.471260820999916, 0.0 ], [ 112.464792263000177, -7.473126539999921, 0.0 ] ] ], [ [ [ 112.464348040000019, -7.470396767999922, 0.0 ], [ 112.464341262023254, -7.47051032825188, 0.0 ], [ 112.464348000000101, -7.470396, 0.0 ], [ 112.464409176324992, -7.469850686896919, 0.0 ], [ 112.464348040000019, -7.470396767999922, 0.0 ] ] ], [ [ [ 112.46633300000012, -7.466991, 0.0 ], [ 112.466631, -7.466999999999892, 0.0 ], [ 112.466669, -7.466998999999898, 0.0 ], [ 112.466852974335794, -7.466998289674322, 0.0 ], [ 112.46683322100003, -7.46712105199996, 0.0 ], [ 112.464764141000074, -7.466994009999929, 0.0 ], [ 112.464560910000046, -7.468448255999906, 0.0 ], [ 112.464535313708552, -7.468689298523181, 0.0 ], [ 112.464561000000145, -7.468447, 0.0 ], [ 112.46477, -7.466908, 0.0 ], [ 112.464794, -7.466907, 0.0 ], [ 112.465223, -7.466924, 0.0 ], [ 112.465695, -7.466955999999893, 0.0 ], [ 112.465782, -7.466959, 0.0 ], [ 112.466103, -7.466979, 0.0 ], [ 112.46633300000012, -7.466991, 0.0 ] ] ] ] } },
{ "type": "Feature", "properties": { "KDPPUM": null, "NAMOBJ": "JAGALAN", "REMARK": "Wilayah Administrasi Keluruhan/Desa", "KDPBPS": null, "FCODE": null, "LUASWH": 0.0, "UUPP": null, "SRS_ID": null, "LCODE": "BA0020", "METADATA": null, "KDEBPS": null, "KDEPUM": null, "KDCBPS": null, "KDCPUM": null, "KDBBPS": null, "KDBPUM": null, "WADMKD": null, "WIADKD": null, "WADMKC": "MAGERSARI", "WIADKC": null, "WADMKK": "KOTAMADYA MOJOKERTO", "WIADKK": null, "WADMPR": "JAWA TIMUR", "WIADPR": null, "TIPADM": 0, "SHAPE_Leng": 0.02253518082, "SHAPE_Area": 2.09988e-05 }, "geometry": { "type": "MultiPolygon", "coordinates": [ [ [ [ 112.439651, -7.47263, 0.0 ], [ 112.43926900000011, -7.472612, 0.0 ], [ 112.438404000000119, -7.472594, 0.0 ], [ 112.43838, -7.472594, 0.0 ], [ 112.437916, -7.4726, 0.0 ], [ 112.43773000000013, -7.472602, 0.0 ], [ 112.437724, -7.472385, 0.0 ], [ 112.437346, -7.472282, 0.0 ], [ 112.436932, -7.47218, 0.0 ], [ 112.436928000000123, -7.472093, 0.0 ], [ 112.436957, -7.471929, 0.0 ], [ 112.436793, -7.471917, 0.0 ], [ 112.43647, -7.471889, 0.0 ], [ 112.435498, -7.471876, 0.0 ], [ 112.434779, -7.471882, 0.0 ], [ 112.434803, -7.471322, 0.0 ], [ 112.434813000000105, -7.471014, 0.0 ], [ 112.434824, -7.47077, 0.0 ], [ 112.434827, -7.470665, 0.0 ], [ 112.434844, -7.470292, 0.0 ], [ 112.43488, -7.46989, 0.0 ], [ 112.434915, -7.469497, 0.0 ], [ 112.434923, -7.469243, 0.0 ], [ 112.434947, -7.468979, 0.0 ], [ 112.434957, -7.468829, 0.0 ], [ 112.43499, -7.468327, 0.0 ], [ 112.434995, -7.468088, 0.0 ], [ 112.43501, -7.467822, 0.0 ], [ 112.43502200000016, -7.467671999999894, 0.0 ], [ 112.435045, -7.467408, 0.0 ], [ 112.435045, -7.467399, 0.0 ], [ 112.435065, -7.466747, 0.0 ], [ 112.435087, -7.466615, 0.0 ], [ 112.435233, -7.466615, 0.0 ], [ 112.435392000000135, -7.466598, 0.0 ], [ 112.435646, -7.466613, 0.0 ], [ 112.4359, -7.466597, 0.0 ], [ 112.436091, -7.466628, 0.0 ], [ 112.436282, -7.466627, 0.0 ], [ 112.4366, -7.46661, 0.0 ], [ 112.436934, -7.466625, 0.0 ], [ 112.437045, -7.466609, 0.0 ], [ 112.437157, -7.46664, 0.0 ], [ 112.437363, -7.46664, 0.0 ], [ 112.43814100000013, -7.466523, 0.0 ], [ 112.437917, -7.467467, 0.0 ], [ 112.437919, -7.467497, 0.0 ], [ 112.437919, -7.467499, 0.0 ], [ 112.437897, -7.467562, 0.0 ], [ 112.437827, -7.467846, 0.0 ], [ 112.437761, -7.468215, 0.0 ], [ 112.437765, -7.468312, 0.0 ], [ 112.437671, -7.468733, 0.0 ], [ 112.437649, -7.468807, 0.0 ], [ 112.437609, -7.468996, 0.0 ], [ 112.43748, -7.469515, 0.0 ], [ 112.437477, -7.469557, 0.0 ], [ 112.437778000000108, -7.469605, 0.0 ], [ 112.438532, -7.469622, 0.0 ], [ 112.438611, -7.469608, 0.0 ], [ 112.439122000000111, -7.469642, 0.0 ], [ 112.439202, -7.469644, 0.0 ], [ 112.439505, -7.469651, 0.0 ], [ 112.439498, -7.469355, 0.0 ], [ 112.439595, -7.46938, 0.0 ], [ 112.439614, -7.469988, 0.0 ], [ 112.439620000000104, -7.47029, 0.0 ], [ 112.439629, -7.470937, 0.0 ], [ 112.439629, -7.4711, 0.0 ], [ 112.439638, -7.471826, 0.0 ], [ 112.439646, -7.472289, 0.0 ], [ 112.439651, -7.47263, 0.0 ] ] ] ] } },
{ "type": "Feature", "properties": { "KDPPUM": null, "NAMOBJ": "PRAJURIT KULON", "REMARK": "Wilayah Administrasi Keluruhan/Desa", "KDPBPS": null, "FCODE": null, "LUASWH": 0.0, "UUPP": null, "SRS_ID": null, "LCODE": "BA0020", "METADATA": null, "KDEBPS": null, "KDEPUM": null, "KDCBPS": null, "KDCPUM": null, "KDBBPS": null, "KDBPUM": null, "WADMKD": null, "WIADKD": null, "WADMKC": "PRAJURIT KULON", "WIADKC": null, "WADMKK": "KOTAMADYA MOJOKERTO", "WIADKK": null, "WADMPR": "JAWA TIMUR", "WIADPR": null, "TIPADM": 0, "SHAPE_Leng": 0.04638147533, "SHAPE_Area": 0.0001128105 }, "geometry": { "type": "MultiPolygon", "coordinates": [ [ [ [ 112.428767, -7.472501, 0.0 ], [ 112.428709, -7.472777, 0.0 ], [ 112.428586000000109, -7.473333, 0.0 ], [ 112.428542000000107, -7.47358, 0.0 ], [ 112.428423, -7.474006, 0.0 ], [ 112.428375, -7.474195, 0.0 ], [ 112.428227, -7.475153, 0.0 ], [ 112.428106, -7.475911, 0.0 ], [ 112.428008, -7.476357, 0.0 ], [ 112.4279, -7.476937, 0.0 ], [ 112.427757, -7.477598, 0.0 ], [ 112.427601, -7.478148, 0.0 ], [ 112.42733, -7.478851, 0.0 ], [ 112.427212, -7.479111, 0.0 ], [ 112.426942, -7.479617, 0.0 ], [ 112.426858, -7.479768, 0.0 ], [ 112.426636, -7.480184, 0.0 ], [ 112.426524000000114, -7.4804, 0.0 ], [ 112.426459, -7.480516, 0.0 ], [ 112.426416, -7.480597, 0.0 ], [ 112.426369, -7.480702, 0.0 ], [ 112.42634, -7.480776, 0.0 ], [ 112.426324, -7.480827, 0.0 ], [ 112.426316, -7.480876, 0.0 ], [ 112.426337000000103, -7.480965, 0.0 ], [ 112.426198000000142, -7.481736, 0.0 ], [ 112.425980000000138, -7.482193, 0.0 ], [ 112.42578, -7.482475, 0.0 ], [ 112.42526, -7.482153, 0.0 ], [ 112.42507, -7.482049, 0.0 ], [ 112.424205, -7.481691, 0.0 ], [ 112.424023, -7.482221, 0.0 ], [ 112.423847, -7.482646, 0.0 ], [ 112.423777000000115, -7.48262299999989, 0.0 ], [ 112.422012, -7.482233, 0.0 ], [ 112.421934000000121, -7.482219, 0.0 ], [ 112.421603, -7.482152, 0.0 ], [ 112.420938000000135, -7.482023, 0.0 ], [ 112.420935, -7.482022, 0.0 ], [ 112.420904, -7.482016, 0.0 ], [ 112.420149, -7.481842, 0.0 ], [ 112.420112, -7.481837, 0.0 ], [ 112.420403000000107, -7.480535, 0.0 ], [ 112.420467, -7.480481, 0.0 ], [ 112.420572000000135, -7.480391, 0.0 ], [ 112.420695, -7.479679, 0.0 ], [ 112.420731, -7.479412, 0.0 ], [ 112.420728, -7.479351, 0.0 ], [ 112.420724000000106, -7.479242, 0.0 ], [ 112.420767000000112, -7.479053, 0.0 ], [ 112.420906, -7.478442, 0.0 ], [ 112.420961, -7.478149, 0.0 ], [ 112.4209290000001, -7.477947, 0.0 ], [ 112.420924, -7.477911, 0.0 ], [ 112.420883000000117, -7.477682, 0.0 ], [ 112.420813, -7.477284, 0.0 ], [ 112.420806, -7.477186, 0.0 ], [ 112.420757, -7.476766, 0.0 ], [ 112.420156, -7.476674, 0.0 ], [ 112.420133, -7.476638, 0.0 ], [ 112.420047, -7.476459, 0.0 ], [ 112.420041, -7.476449, 0.0 ], [ 112.419992000000107, -7.476364, 0.0 ], [ 112.419987000000148, -7.476358, 0.0 ], [ 112.419894, -7.476216, 0.0 ], [ 112.419818000000106, -7.475912, 0.0 ], [ 112.419793, -7.475845, 0.0 ], [ 112.41972, -7.475511, 0.0 ], [ 112.419742, -7.474553, 0.0 ], [ 112.419793, -7.473383, 0.0 ], [ 112.419621, -7.473336, 0.0 ], [ 112.419074, -7.473264, 0.0 ], [ 112.418713, -7.473225, 0.0 ], [ 112.418676, -7.473209, 0.0 ], [ 112.418747, -7.472474, 0.0 ], [ 112.418796, -7.471987, 0.0 ], [ 112.418844, -7.47155, 0.0 ], [ 112.418911000000108, -7.470943, 0.0 ], [ 112.418923, -7.470674, 0.0 ], [ 112.419004, -7.469837, 0.0 ], [ 112.419006, -7.469818, 0.0 ], [ 112.419, -7.469691, 0.0 ], [ 112.418943, -7.469567, 0.0 ], [ 112.418854, -7.469509, 0.0 ], [ 112.419034, -7.469402, 0.0 ], [ 112.419336, -7.469257, 0.0 ], [ 112.419798, -7.469042, 0.0 ], [ 112.419809, -7.469037, 0.0 ], [ 112.421452, -7.468303, 0.0 ], [ 112.421733, -7.4682, 0.0 ], [ 112.421933, -7.468161, 0.0 ], [ 112.422095, -7.468164, 0.0 ], [ 112.422138, -7.468177, 0.0 ], [ 112.422247, -7.46831, 0.0 ], [ 112.422536, -7.468546, 0.0 ], [ 112.423088, -7.468751, 0.0 ], [ 112.423576, -7.468833, 0.0 ], [ 112.423664, -7.468813, 0.0 ], [ 112.423653, -7.468673, 0.0 ], [ 112.423651, -7.468642, 0.0 ], [ 112.423802, -7.468633, 0.0 ], [ 112.423887, -7.468618, 0.0 ], [ 112.423912, -7.468584, 0.0 ], [ 112.424585, -7.468421, 0.0 ], [ 112.42515, -7.468279, 0.0 ], [ 112.426102, -7.468027, 0.0 ], [ 112.426318, -7.467961, 0.0 ], [ 112.426984, -7.467765, 0.0 ], [ 112.427207, -7.4677, 0.0 ], [ 112.427388000000107, -7.467644, 0.0 ], [ 112.42766, -7.467565, 0.0 ], [ 112.427746, -7.467549, 0.0 ], [ 112.427865000000139, -7.467552, 0.0 ], [ 112.427954000000128, -7.467622, 0.0 ], [ 112.428005, -7.467695, 0.0 ], [ 112.428184, -7.467963999999895, 0.0 ], [ 112.428359000000157, -7.468247, 0.0 ], [ 112.428447, -7.468396, 0.0 ], [ 112.428651, -7.468708, 0.0 ], [ 112.428848, -7.469047, 0.0 ], [ 112.428946000000138, -7.469441, 0.0 ], [ 112.42897, -7.469933, 0.0 ], [ 112.428961, -7.470287, 0.0 ], [ 112.428936, -7.470939, 0.0 ], [ 112.428926, -7.471129, 0.0 ], [ 112.42889, -7.471733, 0.0 ], [ 112.428875, -7.472017, 0.0 ], [ 112.42881, -7.472356, 0.0 ], [ 112.428767, -7.472501, 0.0 ] ] ] ] } },
{ "type": "Feature", "properties": { "KDPPUM": null, "NAMOBJ": "BLOOTO", "REMARK": "Wilayah Administrasi Keluruhan/Desa", "KDPBPS": null, "FCODE": null, "LUASWH": 0.0, "UUPP": null, "SRS_ID": null, "LCODE": "BA0020", "METADATA": null, "KDEBPS": null, "KDEPUM": null, "KDCBPS": null, "KDCPUM": null, "KDBBPS": null, "KDBPUM": null, "WADMKD": null, "WIADKD": null, "WADMKC": "PRAJURIT KULON", "WIADKC": null, "WADMKK": "KOTAMADYA MOJOKERTO", "WIADKK": null, "WADMPR": "JAWA TIMUR", "WIADPR": null, "TIPADM": 0, "SHAPE_Leng": 0.07042092925, "SHAPE_Area": 0.00017327339 }, "geometry": { "type": "MultiPolygon", "coordinates": [ [ [ [ 112.420467, -7.480481, 0.0 ], [ 112.420302, -7.480407, 0.0 ], [ 112.420001, -7.480502, 0.0 ], [ 112.419896, -7.480574, 0.0 ], [ 112.419701, -7.480732, 0.0 ], [ 112.419471, -7.480816, 0.0 ], [ 112.419149, -7.480843, 0.0 ], [ 112.418845, -7.480864, 0.0 ], [ 112.418588000000113, -7.480847, 0.0 ], [ 112.418201, -7.480821, 0.0 ], [ 112.417870000000136, -7.480785, 0.0 ], [ 112.417566000000107, -7.480694, 0.0 ], [ 112.417455, -7.480566, 0.0 ], [ 112.417372000000142, -7.480346, 0.0 ], [ 112.415825, -7.479623, 0.0 ], [ 112.415296, -7.479917, 0.0 ], [ 112.415244, -7.480687, 0.0 ], [ 112.415221, -7.48145, 0.0 ], [ 112.415219, -7.481832999999895, 0.0 ], [ 112.415202, -7.482626, 0.0 ], [ 112.415196, -7.482774, 0.0 ], [ 112.415158, -7.483336, 0.0 ], [ 112.415156, -7.483433, 0.0 ], [ 112.415162, -7.48357, 0.0 ], [ 112.415163, -7.483605, 0.0 ], [ 112.415164, -7.483636, 0.0 ], [ 112.415164, -7.483651, 0.0 ], [ 112.41512400000012, -7.485251, 0.0 ], [ 112.415120000000144, -7.485477, 0.0 ], [ 112.415075000000158, -7.487072, 0.0 ], [ 112.415072, -7.487278, 0.0 ], [ 112.415066, -7.487831, 0.0 ], [ 112.415065, -7.487927, 0.0 ], [ 112.415069, -7.48806, 0.0 ], [ 112.414854, -7.4882, 0.0 ], [ 112.414638, -7.488249, 0.0 ], [ 112.414325, -7.488226, 0.0 ], [ 112.413844, -7.488252, 0.0 ], [ 112.413783, -7.488387, 0.0 ], [ 112.413784, -7.488568, 0.0 ], [ 112.413771, -7.488888, 0.0 ], [ 112.413745, -7.48964, 0.0 ], [ 112.413692000000125, -7.490433, 0.0 ], [ 112.413564, -7.490699, 0.0 ], [ 112.41358900000013, -7.491083, 0.0 ], [ 112.413590000000113, -7.491418, 0.0 ], [ 112.413590000000113, -7.491586, 0.0 ], [ 112.413592000000108, -7.491869, 0.0 ], [ 112.412199000000129, -7.49175, 0.0 ], [ 112.412107, -7.491746, 0.0 ], [ 112.411309, -7.491713, 0.0 ], [ 112.409552, -7.491735, 0.0 ], [ 112.408097000000112, -7.49174, 0.0 ], [ 112.408071322949397, -7.491735418617431, 0.0 ], [ 112.407655937000115, -7.491642276999901, 0.0 ], [ 112.407900436000091, -7.49085805399994, 0.0 ], [ 112.407915679000197, -7.490120007999892, 0.0 ], [ 112.407857598000106, -7.488486055999967, 0.0 ], [ 112.407853369000023, -7.487168216999908, 0.0 ], [ 112.407798059000157, -7.484456499999894, 0.0 ], [ 112.407656491999987, -7.484331759999876, 0.0 ], [ 112.407617796000153, -7.482047121999937, 0.0 ], [ 112.407745706999989, -7.479129264999919, 0.0 ], [ 112.407563692342251, -7.479175296776621, 0.0 ], [ 112.407570000000106, -7.47908, 0.0 ], [ 112.406914, -7.479029, 0.0 ], [ 112.406479, -7.479097, 0.0 ], [ 112.405844000000116, -7.479216, 0.0 ], [ 112.405794220196469, -7.479208556291052, 0.0 ], [ 112.405828600000092, -7.478868087999981, 0.0 ], [ 112.406048980000023, -7.477891791999937, 0.0 ], [ 112.406298814000181, -7.477389261999924, 0.0 ], [ 112.408244377000045, -7.476413024999975, 0.0 ], [ 112.410170107000127, -7.475793643999886, 0.0 ], [ 112.410223470895559, -7.475652032580939, 0.0 ], [ 112.410451, -7.475588, 0.0 ], [ 112.410871, -7.475474, 0.0 ], [ 112.411246, -7.475357, 0.0 ], [ 112.41148600000011, -7.475301, 0.0 ], [ 112.411694, -7.475238, 0.0 ], [ 112.411712, -7.475233, 0.0 ], [ 112.411721, -7.475231, 0.0 ], [ 112.411855, -7.475193, 0.0 ], [ 112.411929, -7.475138, 0.0 ], [ 112.411934, -7.475131, 0.0 ], [ 112.412035, -7.474941, 0.0 ], [ 112.412117, -7.474687, 0.0 ], [ 112.412474, -7.474155, 0.0 ], [ 112.412623811253241, -7.474004280799786, 0.0 ], [ 112.412790864000172, -7.474112815999902, 0.0 ], [ 112.413434008000181, -7.47429193799989, 0.0 ], [ 112.414422201000235, -7.473173810999924, 0.0 ], [ 112.414196101000172, -7.472366188999981, 0.0 ], [ 112.414000315502491, -7.472232235443645, 0.0 ], [ 112.414083, -7.472157, 0.0 ], [ 112.415694, -7.471341, 0.0 ], [ 112.416108, -7.471177, 0.0 ], [ 112.416258, -7.471095, 0.0 ], [ 112.416864, -7.470805, 0.0 ], [ 112.417272, -7.47065, 0.0 ], [ 112.417344, -7.470626, 0.0 ], [ 112.417387, -7.470594, 0.0 ], [ 112.417513, -7.470512, 0.0 ], [ 112.417685, -7.470413, 0.0 ], [ 112.418238000000116, -7.469917, 0.0 ], [ 112.418377, -7.469781, 0.0 ], [ 112.4188240000001, -7.469519, 0.0 ], [ 112.418854, -7.469509, 0.0 ], [ 112.418943, -7.469567, 0.0 ], [ 112.419, -7.469691, 0.0 ], [ 112.419006, -7.469818, 0.0 ], [ 112.419004, -7.469837, 0.0 ], [ 112.418923, -7.470674, 0.0 ], [ 112.418911000000108, -7.470943, 0.0 ], [ 112.418844, -7.47155, 0.0 ], [ 112.418796, -7.471987, 0.0 ], [ 112.418747, -7.472474, 0.0 ], [ 112.418676, -7.473209, 0.0 ], [ 112.418713, -7.473225, 0.0 ], [ 112.419074, -7.473264, 0.0 ], [ 112.419621, -7.473336, 0.0 ], [ 112.419793, -7.473383, 0.0 ], [ 112.419742, -7.474553, 0.0 ], [ 112.41972, -7.475511, 0.0 ], [ 112.419793, -7.475845, 0.0 ], [ 112.419818000000106, -7.475912, 0.0 ], [ 112.419894, -7.476216, 0.0 ], [ 112.419987000000148, -7.476358, 0.0 ], [ 112.419992000000107, -7.476364, 0.0 ], [ 112.420041, -7.476449, 0.0 ], [ 112.420047, -7.476459, 0.0 ], [ 112.420133, -7.476638, 0.0 ], [ 112.420156, -7.476674, 0.0 ], [ 112.420757, -7.476766, 0.0 ], [ 112.420806, -7.477186, 0.0 ], [ 112.420813, -7.477284, 0.0 ], [ 112.420883000000117, -7.477682, 0.0 ], [ 112.420924, -7.477911, 0.0 ], [ 112.4209290000001, -7.477947, 0.0 ], [ 112.420961, -7.478149, 0.0 ], [ 112.420906, -7.478442, 0.0 ], [ 112.420767000000112, -7.479053, 0.0 ], [ 112.420724000000106, -7.479242, 0.0 ], [ 112.420728, -7.479351, 0.0 ], [ 112.420731, -7.479412, 0.0 ], [ 112.420695, -7.479679, 0.0 ], [ 112.420572000000135, -7.480391, 0.0 ], [ 112.420467, -7.480481, 0.0 ] ] ] ] } },
{ "type": "Feature", "properties": { "KDPPUM": null, "NAMOBJ": "MERI", "REMARK": "Wilayah Administrasi Keluruhan/Desa", "KDPBPS": null, "FCODE": null, "LUASWH": 0.0, "UUPP": null, "SRS_ID": null, "LCODE": "BA0020", "METADATA": null, "KDEBPS": null, "KDEPUM": null, "KDCBPS": null, "KDCPUM": null, "KDBBPS": null, "KDBPUM": null, "WADMKD": null, "WIADKD": null, "WADMKC": "MAGERSARI", "WIADKC": null, "WADMKK": "KOTAMADYA MOJOKERTO", "WIADKK": null, "WADMPR": "JAWA TIMUR", "WIADPR": null, "TIPADM": 0, "SHAPE_Leng": 0.05992094466, "SHAPE_Area": 0.00015737475 }, "geometry": { "type": "MultiPolygon", "coordinates": [ [ [ [ 112.447386, -7.469795, 0.0 ], [ 112.447379000000112, -7.469837, 0.0 ], [ 112.447406000000129, -7.469841, 0.0 ], [ 112.447812000000141, -7.469894, 0.0 ], [ 112.448563, -7.470001, 0.0 ], [ 112.448826, -7.470049, 0.0 ], [ 112.448912, -7.470067, 0.0 ], [ 112.449221000000108, -7.470118, 0.0 ], [ 112.449474, -7.47015, 0.0 ], [ 112.450149, -7.470245, 0.0 ], [ 112.451006, -7.470379, 0.0 ], [ 112.451515000000114, -7.470451, 0.0 ], [ 112.451555000000141, -7.470536, 0.0 ], [ 112.451566, -7.47074, 0.0 ], [ 112.451588, -7.470997, 0.0 ], [ 112.451600000000127, -7.471372, 0.0 ], [ 112.45157, -7.471833, 0.0 ], [ 112.45155, -7.472423, 0.0 ], [ 112.451519, -7.472755, 0.0 ], [ 112.451489, -7.473366, 0.0 ], [ 112.451533, -7.473741, 0.0 ], [ 112.451608, -7.47387, 0.0 ], [ 112.451823000000104, -7.47388, 0.0 ], [ 112.452028, -7.473858, 0.0 ], [ 112.452146, -7.4739, 0.0 ], [ 112.452211, -7.474028, 0.0 ], [ 112.452254, -7.474178, 0.0 ], [ 112.452287, -7.474361, 0.0 ], [ 112.452299, -7.474596, 0.0 ], [ 112.4523, -7.474939, 0.0 ], [ 112.452301, -7.475389, 0.0 ], [ 112.452303, -7.475765, 0.0 ], [ 112.452304, -7.476247, 0.0 ], [ 112.452305, -7.476844, 0.0 ], [ 112.452282, -7.476893, 0.0 ], [ 112.452202, -7.477058, 0.0 ], [ 112.452105, -7.477219, 0.0 ], [ 112.452021, -7.477524, 0.0 ], [ 112.451992, -7.477581999999884, 0.0 ], [ 112.451909000000114, -7.477827, 0.0 ], [ 112.451422, -7.479471, 0.0 ], [ 112.451418, -7.479483, 0.0 ], [ 112.451388, -7.479556, 0.0 ], [ 112.4511660000001, -7.480175, 0.0 ], [ 112.450967, -7.480993, 0.0 ], [ 112.450912, -7.481277, 0.0 ], [ 112.45087, -7.481495, 0.0 ], [ 112.450848684791595, -7.481748414145041, 0.0 ], [ 112.450843259000038, -7.481747357999915, 0.0 ], [ 112.450588509070087, -7.484194316689809, 0.0 ], [ 112.450559000000155, -7.484421, 0.0 ], [ 112.450493, -7.485027, 0.0 ], [ 112.450454, -7.485484, 0.0 ], [ 112.450237, -7.487041, 0.0 ], [ 112.449986, -7.489153, 0.0 ], [ 112.44998598567723, -7.489153270720241, 0.0 ], [ 112.44998587200007, -7.489154226999919, 0.0 ], [ 112.44996698315731, -7.489512441805559, 0.0 ], [ 112.449905, -7.490684, 0.0 ], [ 112.449905132710498, -7.490685395917797, 0.0 ], [ 112.449905121000043, -7.490685617999883, 0.0 ], [ 112.449985587000043, -7.4915371, 0.0 ], [ 112.4501818120265, -7.492255574173658, 0.0 ], [ 112.449875427555099, -7.493191439468252, 0.0 ], [ 112.449851812931868, -7.493263430749188, 0.0 ], [ 112.449776, -7.493438, 0.0 ], [ 112.449294636070775, -7.493294123696394, 0.0 ], [ 112.449184094651557, -7.493260702380546, 0.0 ], [ 112.448836, -7.493154, 0.0 ], [ 112.448696, -7.493102, 0.0 ], [ 112.448276, -7.492985, 0.0 ], [ 112.448062, -7.492941, 0.0 ], [ 112.447248, -7.492683, 0.0 ], [ 112.446743, -7.492437, 0.0 ], [ 112.446349504061217, -7.492097434976543, 0.0 ], [ 112.446695619000153, -7.491610780999871, 0.0 ], [ 112.446585967693892, -7.491579711398757, 0.0 ], [ 112.446631, -7.491507, 0.0 ], [ 112.446056, -7.491333, 0.0 ], [ 112.445693, -7.491224, 0.0 ], [ 112.445219, -7.491077, 0.0 ], [ 112.444517, -7.490865999999887, 0.0 ], [ 112.444329, -7.490809, 0.0 ], [ 112.444196, -7.49077, 0.0 ], [ 112.444021, -7.49072, 0.0 ], [ 112.443853000000132, -7.490676, 0.0 ], [ 112.443796, -7.490662, 0.0 ], [ 112.443788572882099, -7.490659952524183, 0.0 ], [ 112.443804264, -7.486767703999899, 0.0 ], [ 112.443756374000131, -7.481857956999917, 0.0 ], [ 112.44375598875061, -7.48185794119869, 0.0 ], [ 112.443756, -7.481857, 0.0 ], [ 112.443766000000139, -7.481003, 0.0 ], [ 112.443772, -7.480566, 0.0 ], [ 112.443764000000144, -7.480187, 0.0 ], [ 112.443785, -7.479767, 0.0 ], [ 112.44378, -7.47895, 0.0 ], [ 112.443866, -7.478202, 0.0 ], [ 112.443873, -7.477643, 0.0 ], [ 112.443881, -7.477058, 0.0 ], [ 112.443952, -7.476662, 0.0 ], [ 112.44399, -7.476387, 0.0 ], [ 112.443968, -7.476033, 0.0 ], [ 112.444066, -7.475285999999894, 0.0 ], [ 112.444086, -7.474567, 0.0 ], [ 112.444078000000104, -7.473846, 0.0 ], [ 112.444024, -7.473566, 0.0 ], [ 112.443915, -7.473502999999894, 0.0 ], [ 112.444002, -7.473398, 0.0 ], [ 112.444056, -7.473302, 0.0 ], [ 112.444088, -7.473226, 0.0 ], [ 112.444131, -7.473151, 0.0 ], [ 112.444152, -7.473055, 0.0 ], [ 112.444162, -7.472915, 0.0 ], [ 112.444162, -7.472786999999894, 0.0 ], [ 112.444161, -7.472562, 0.0 ], [ 112.44416, -7.472361, 0.0 ], [ 112.444838, -7.472406, 0.0 ], [ 112.444848000000135, -7.472362, 0.0 ], [ 112.444852000000111, -7.47231, 0.0 ], [ 112.444945, -7.471582, 0.0 ], [ 112.445123, -7.470233, 0.0 ], [ 112.445177, -7.469797, 0.0 ], [ 112.445214, -7.469529, 0.0 ], [ 112.445527, -7.469567, 0.0 ], [ 112.445978, -7.469619, 0.0 ], [ 112.446419, -7.469671, 0.0 ], [ 112.44686, -7.469723, 0.0 ], [ 112.447343, -7.469789, 0.0 ], [ 112.447386, -7.469795, 0.0 ] ] ] ] } },
{ "type": "Feature", "properties": { "KDPPUM": null, "NAMOBJ": "MIJI", "REMARK": "Wilayah Administrasi Keluruhan/Desa", "KDPBPS": null, "FCODE": null, "LUASWH": 0.0, "UUPP": null, "SRS_ID": null, "LCODE": "BA0020", "METADATA": null, "KDEBPS": null, "KDEPUM": null, "KDCBPS": null, "KDCPUM": null, "KDBBPS": null, "KDBPUM": null, "WADMKD": null, "WIADKD": null, "WADMKC": "PRAJURIT KULON", "WIADKC": null, "WADMKK": "KOTAMADYA MOJOKERTO", "WIADKK": null, "WADMPR": "JAWA TIMUR", "WIADPR": null, "TIPADM": 0, "SHAPE_Leng": 0.05909037298, "SHAPE_Area": 6.787527e-05 }, "geometry": { "type": "MultiPolygon", "coordinates": [ [ [ [ 112.431996, -7.471773, 0.0 ], [ 112.432849, -7.471833, 0.0 ], [ 112.43311, -7.471834, 0.0 ], [ 112.433329, -7.471839, 0.0 ], [ 112.433360000000135, -7.471839, 0.0 ], [ 112.433904000000112, -7.471868, 0.0 ], [ 112.4347, -7.471883, 0.0 ], [ 112.434722000000122, -7.471882, 0.0 ], [ 112.434779, -7.471882, 0.0 ], [ 112.435498, -7.471876, 0.0 ], [ 112.43647, -7.471889, 0.0 ], [ 112.436793, -7.471917, 0.0 ], [ 112.436957, -7.471929, 0.0 ], [ 112.436928000000123, -7.472093, 0.0 ], [ 112.436932, -7.47218, 0.0 ], [ 112.437346, -7.472282, 0.0 ], [ 112.437724, -7.472385, 0.0 ], [ 112.43773000000013, -7.472602, 0.0 ], [ 112.437916, -7.4726, 0.0 ], [ 112.43838, -7.472594, 0.0 ], [ 112.438404000000119, -7.472594, 0.0 ], [ 112.43926900000011, -7.472612, 0.0 ], [ 112.439651, -7.47263, 0.0 ], [ 112.439657, -7.473108, 0.0 ], [ 112.439662000000112, -7.473526, 0.0 ], [ 112.440148, -7.473275, 0.0 ], [ 112.441095, -7.473284, 0.0 ], [ 112.44222, -7.47336, 0.0 ], [ 112.443334, -7.473405, 0.0 ], [ 112.443835, -7.473456, 0.0 ], [ 112.443915, -7.473502999999894, 0.0 ], [ 112.444024, -7.473566, 0.0 ], [ 112.444078000000104, -7.473846, 0.0 ], [ 112.444086, -7.474567, 0.0 ], [ 112.444066, -7.475285999999894, 0.0 ], [ 112.443968, -7.476033, 0.0 ], [ 112.44399, -7.476387, 0.0 ], [ 112.443952, -7.476662, 0.0 ], [ 112.443881, -7.477058, 0.0 ], [ 112.443873, -7.477643, 0.0 ], [ 112.443451, -7.477644, 0.0 ], [ 112.443031, -7.477637, 0.0 ], [ 112.441895, -7.477592, 0.0 ], [ 112.441137, -7.477594, 0.0 ], [ 112.440297, -7.477589, 0.0 ], [ 112.439334, -7.477589, 0.0 ], [ 112.438684000000109, -7.477583, 0.0 ], [ 112.438215, -7.477564, 0.0 ], [ 112.438258, -7.477515, 0.0 ], [ 112.438276000000101, -7.477464, 0.0 ], [ 112.438339, -7.477349, 0.0 ], [ 112.43835, -7.477331, 0.0 ], [ 112.438373, -7.477251, 0.0 ], [ 112.438391, -7.477004, 0.0 ], [ 112.438433, -7.476567, 0.0 ], [ 112.438434, -7.476521, 0.0 ], [ 112.438434, -7.476409, 0.0 ], [ 112.43846, -7.475073, 0.0 ], [ 112.438435, -7.474578, 0.0 ], [ 112.438344, -7.474495999999899, 0.0 ], [ 112.438262, -7.474488, 0.0 ], [ 112.438158, -7.474472, 0.0 ], [ 112.437829, -7.474447, 0.0 ], [ 112.437513000000123, -7.474389, 0.0 ], [ 112.437059000000133, -7.474309, 0.0 ], [ 112.436744, -7.474285, 0.0 ], [ 112.43672, -7.474133, 0.0 ], [ 112.436702, -7.47402, 0.0 ], [ 112.435978000000119, -7.473971, 0.0 ], [ 112.435568000000131, -7.473935, 0.0 ], [ 112.435386, -7.473923, 0.0 ], [ 112.435252, -7.473914, 0.0 ], [ 112.434764000000129, -7.473862, 0.0 ], [ 112.434310000000139, -7.473826, 0.0 ], [ 112.433954, -7.473805, 0.0 ], [ 112.433676, -7.473796, 0.0 ], [ 112.433074, -7.473732, 0.0 ], [ 112.432151000000118, -7.473692, 0.0 ], [ 112.432117, -7.47369, 0.0 ], [ 112.43209, -7.473691, 0.0 ], [ 112.432089, -7.474018, 0.0 ], [ 112.432076, -7.475792, 0.0 ], [ 112.432077, -7.475822, 0.0 ], [ 112.43208, -7.475974, 0.0 ], [ 112.432095000000103, -7.476731, 0.0 ], [ 112.432042, -7.476782, 0.0 ], [ 112.431927, -7.476845, 0.0 ], [ 112.43173500000016, -7.47687, 0.0 ], [ 112.431525, -7.476883, 0.0 ], [ 112.43125, -7.476895, 0.0 ], [ 112.430974, -7.476896, 0.0 ], [ 112.430838, -7.476898, 0.0 ], [ 112.430839, -7.476942, 0.0 ], [ 112.430794000000105, -7.477507, 0.0 ], [ 112.430769, -7.477733, 0.0 ], [ 112.43074500000013, -7.478133, 0.0 ], [ 112.430898, -7.47818, 0.0 ], [ 112.430856, -7.478494, 0.0 ], [ 112.430804, -7.478518, 0.0 ], [ 112.430701000000127, -7.478591, 0.0 ], [ 112.43065, -7.478708, 0.0 ], [ 112.430642, -7.478843, 0.0 ], [ 112.430642, -7.478854, 0.0 ], [ 112.430667, -7.478857, 0.0 ], [ 112.430700000000144, -7.478862, 0.0 ], [ 112.430700000000144, -7.47887, 0.0 ], [ 112.430741, -7.47932, 0.0 ], [ 112.43074500000013, -7.479913, 0.0 ], [ 112.430661000000114, -7.480363, 0.0 ], [ 112.430546, -7.480457, 0.0 ], [ 112.430355000000105, -7.480522, 0.0 ], [ 112.430069000000159, -7.48057, 0.0 ], [ 112.429707, -7.480573, 0.0 ], [ 112.429503, -7.480486, 0.0 ], [ 112.429413, -7.480386, 0.0 ], [ 112.429248, -7.480165, 0.0 ], [ 112.428934, -7.479961, 0.0 ], [ 112.428831, -7.479904, 0.0 ], [ 112.428728000000135, -7.479873999999899, 0.0 ], [ 112.428678, -7.47989, 0.0 ], [ 112.428661, -7.479913, 0.0 ], [ 112.428632, -7.479951, 0.0 ], [ 112.428608, -7.480072, 0.0 ], [ 112.428586000000109, -7.480164, 0.0 ], [ 112.428514000000106, -7.480516, 0.0 ], [ 112.428493000000145, -7.480552, 0.0 ], [ 112.428490922003519, -7.480554857245327, 0.0 ], [ 112.428029538999979, -7.480825385999925, 0.0 ], [ 112.427198121000202, -7.480942187999908, 0.0 ], [ 112.426455640361723, -7.480925345211233, 0.0 ], [ 112.426451, -7.480924, 0.0 ], [ 112.426337000000103, -7.480965, 0.0 ], [ 112.426316, -7.480876, 0.0 ], [ 112.426324, -7.480827, 0.0 ], [ 112.42634, -7.480776, 0.0 ], [ 112.426369, -7.480702, 0.0 ], [ 112.426416, -7.480597, 0.0 ], [ 112.426459, -7.480516, 0.0 ], [ 112.426524000000114, -7.4804, 0.0 ], [ 112.426636, -7.480184, 0.0 ], [ 112.426858, -7.479768, 0.0 ], [ 112.426942, -7.479617, 0.0 ], [ 112.427212, -7.479111, 0.0 ], [ 112.42733, -7.478851, 0.0 ], [ 112.427601, -7.478148, 0.0 ], [ 112.427757, -7.477598, 0.0 ], [ 112.4279, -7.476937, 0.0 ], [ 112.428008, -7.476357, 0.0 ], [ 112.428106, -7.475911, 0.0 ], [ 112.428227, -7.475153, 0.0 ], [ 112.428375, -7.474195, 0.0 ], [ 112.428423, -7.474006, 0.0 ], [ 112.428542000000107, -7.47358, 0.0 ], [ 112.428586000000109, -7.473333, 0.0 ], [ 112.428709, -7.472777, 0.0 ], [ 112.428767, -7.472501, 0.0 ], [ 112.42906, -7.47247, 0.0 ], [ 112.430627, -7.472418, 0.0 ], [ 112.430772, -7.472419, 0.0 ], [ 112.430794000000105, -7.472192, 0.0 ], [ 112.430819, -7.471996999999899, 0.0 ], [ 112.430863, -7.471691, 0.0 ], [ 112.431103, -7.471703, 0.0 ], [ 112.431433000000126, -7.471734, 0.0 ], [ 112.431996, -7.471773, 0.0 ] ] ] ] } },
{ "type": "Feature", "properties": { "KDPPUM": null, "NAMOBJ": "KRANGGAN", "REMARK": "Wilayah Administrasi Keluruhan/Desa", "KDPBPS": null, "FCODE": null, "LUASWH": 0.0, "UUPP": null, "SRS_ID": null, "LCODE": "BA0020", "METADATA": null, "KDEBPS": null, "KDEPUM": null, "KDCBPS": null, "KDCPUM": null, "KDBBPS": null, "KDBPUM": null, "WADMKD": null, "WIADKD": null, "WADMKC": "PRAJURIT KULON", "WIADKC": null, "WADMKK": "KOTAMADYA MOJOKERTO", "WIADKK": null, "WADMPR": "JAWA TIMUR", "WIADPR": null, "TIPADM": 0, "SHAPE_Leng": 0.05820711458, "SHAPE_Area": 0.00010771788 }, "geometry": { "type": "MultiPolygon", "coordinates": [ [ [ [ 112.443873, -7.477643, 0.0 ], [ 112.443866, -7.478202, 0.0 ], [ 112.44378, -7.47895, 0.0 ], [ 112.443785, -7.479767, 0.0 ], [ 112.443764000000144, -7.480187, 0.0 ], [ 112.443772, -7.480566, 0.0 ], [ 112.443766000000139, -7.481003, 0.0 ], [ 112.443756, -7.481857, 0.0 ], [ 112.442707, -7.481814, 0.0 ], [ 112.442039, -7.481754, 0.0 ], [ 112.440921000000102, -7.481673, 0.0 ], [ 112.439872, -7.481614, 0.0 ], [ 112.439464, -7.481776, 0.0 ], [ 112.438856000000129, -7.481919, 0.0 ], [ 112.438645, -7.482107, 0.0 ], [ 112.437806, -7.481936, 0.0 ], [ 112.437801, -7.481935, 0.0 ], [ 112.437796, -7.481934, 0.0 ], [ 112.437441, -7.481855, 0.0 ], [ 112.437278000000134, -7.481825, 0.0 ], [ 112.43658, -7.48167, 0.0 ], [ 112.436567551036561, -7.481722974312579, 0.0 ], [ 112.436543836000041, -7.481718572999931, 0.0 ], [ 112.436503590297363, -7.482024400938904, 0.0 ], [ 112.436493, -7.48208, 0.0 ], [ 112.43644, -7.482359, 0.0 ], [ 112.4364360000001, -7.482433, 0.0 ], [ 112.436439, -7.482454, 0.0 ], [ 112.436445216248657, -7.482467986559406, 0.0 ], [ 112.436442716000201, -7.482486985999916, 0.0 ], [ 112.436504351000067, -7.4832253259999, 0.0 ], [ 112.436402893000022, -7.483890343999946, 0.0 ], [ 112.436397263461586, -7.483899786639594, 0.0 ], [ 112.436382, -7.483903, 0.0 ], [ 112.436347, -7.48391, 0.0 ], [ 112.436252, -7.483961, 0.0 ], [ 112.436215000000104, -7.484085, 0.0 ], [ 112.43616, -7.484296, 0.0 ], [ 112.435924, -7.484496, 0.0 ], [ 112.435782, -7.484689, 0.0 ], [ 112.435752, -7.484825, 0.0 ], [ 112.435689, -7.485120999999896, 0.0 ], [ 112.43568, -7.485197, 0.0 ], [ 112.43561600000011, -7.485527, 0.0 ], [ 112.435520000000153, -7.485867999999886, 0.0 ], [ 112.435487, -7.48627, 0.0 ], [ 112.435374, -7.486773, 0.0 ], [ 112.43519756202997, -7.487520633621038, 0.0 ], [ 112.433463597, -7.48711146399992, 0.0 ], [ 112.433459418000098, -7.486092949999936, 0.0 ], [ 112.433676985000162, -7.485853649999942, 0.0 ], [ 112.433519397000097, -7.485356230999908, 0.0 ], [ 112.433569689999985, -7.484837388999967, 0.0 ], [ 112.43008164400014, -7.484120986999933, 0.0 ], [ 112.430409697000101, -7.482688367999881, 0.0 ], [ 112.43020070451918, -7.482680478114691, 0.0 ], [ 112.430203, -7.482671, 0.0 ], [ 112.429714, -7.482659, 0.0 ], [ 112.429676, -7.482659, 0.0 ], [ 112.4296369977056, -7.482656601463102, 0.0 ], [ 112.428294433000147, -7.482349445999905, 0.0 ], [ 112.428623674000022, -7.481279898999961, 0.0 ], [ 112.428652200000073, -7.480460292999915, 0.0 ], [ 112.428490922003519, -7.480554857245327, 0.0 ], [ 112.428493000000145, -7.480552, 0.0 ], [ 112.428514000000106, -7.480516, 0.0 ], [ 112.428586000000109, -7.480164, 0.0 ], [ 112.428608, -7.480072, 0.0 ], [ 112.428632, -7.479951, 0.0 ], [ 112.428661, -7.479913, 0.0 ], [ 112.428678, -7.47989, 0.0 ], [ 112.428728000000135, -7.479873999999899, 0.0 ], [ 112.428831, -7.479904, 0.0 ], [ 112.428934, -7.479961, 0.0 ], [ 112.429248, -7.480165, 0.0 ], [ 112.429413, -7.480386, 0.0 ], [ 112.429503, -7.480486, 0.0 ], [ 112.429707, -7.480573, 0.0 ], [ 112.430069000000159, -7.48057, 0.0 ], [ 112.430355000000105, -7.480522, 0.0 ], [ 112.430546, -7.480457, 0.0 ], [ 112.430661000000114, -7.480363, 0.0 ], [ 112.43074500000013, -7.479913, 0.0 ], [ 112.430741, -7.47932, 0.0 ], [ 112.430700000000144, -7.47887, 0.0 ], [ 112.430700000000144, -7.478862, 0.0 ], [ 112.430667, -7.478857, 0.0 ], [ 112.430642, -7.478854, 0.0 ], [ 112.430642, -7.478843, 0.0 ], [ 112.43065, -7.478708, 0.0 ], [ 112.430701000000127, -7.478591, 0.0 ], [ 112.430804, -7.478518, 0.0 ], [ 112.430856, -7.478494, 0.0 ], [ 112.430898, -7.47818, 0.0 ], [ 112.43074500000013, -7.478133, 0.0 ], [ 112.430769, -7.477733, 0.0 ], [ 112.430794000000105, -7.477507, 0.0 ], [ 112.430839, -7.476942, 0.0 ], [ 112.430838, -7.476898, 0.0 ], [ 112.430974, -7.476896, 0.0 ], [ 112.43125, -7.476895, 0.0 ], [ 112.431525, -7.476883, 0.0 ], [ 112.43173500000016, -7.47687, 0.0 ], [ 112.431927, -7.476845, 0.0 ], [ 112.432042, -7.476782, 0.0 ], [ 112.432095000000103, -7.476731, 0.0 ], [ 112.43208, -7.475974, 0.0 ], [ 112.432077, -7.475822, 0.0 ], [ 112.432076, -7.475792, 0.0 ], [ 112.432089, -7.474018, 0.0 ], [ 112.43209, -7.473691, 0.0 ], [ 112.432117, -7.47369, 0.0 ], [ 112.432151000000118, -7.473692, 0.0 ], [ 112.433074, -7.473732, 0.0 ], [ 112.433676, -7.473796, 0.0 ], [ 112.433954, -7.473805, 0.0 ], [ 112.434310000000139, -7.473826, 0.0 ], [ 112.434764000000129, -7.473862, 0.0 ], [ 112.435252, -7.473914, 0.0 ], [ 112.435386, -7.473923, 0.0 ], [ 112.435568000000131, -7.473935, 0.0 ], [ 112.435978000000119, -7.473971, 0.0 ], [ 112.436702, -7.47402, 0.0 ], [ 112.43672, -7.474133, 0.0 ], [ 112.436744, -7.474285, 0.0 ], [ 112.437059000000133, -7.474309, 0.0 ], [ 112.437513000000123, -7.474389, 0.0 ], [ 112.437829, -7.474447, 0.0 ], [ 112.438158, -7.474472, 0.0 ], [ 112.438262, -7.474488, 0.0 ], [ 112.438344, -7.474495999999899, 0.0 ], [ 112.438435, -7.474578, 0.0 ], [ 112.43846, -7.475073, 0.0 ], [ 112.438434, -7.476409, 0.0 ], [ 112.438434, -7.476521, 0.0 ], [ 112.438433, -7.476567, 0.0 ], [ 112.438391, -7.477004, 0.0 ], [ 112.438373, -7.477251, 0.0 ], [ 112.43835, -7.477331, 0.0 ], [ 112.438339, -7.477349, 0.0 ], [ 112.438276000000101, -7.477464, 0.0 ], [ 112.438258, -7.477515, 0.0 ], [ 112.438215, -7.477564, 0.0 ], [ 112.438684000000109, -7.477583, 0.0 ], [ 112.439334, -7.477589, 0.0 ], [ 112.440297, -7.477589, 0.0 ], [ 112.441137, -7.477594, 0.0 ], [ 112.441895, -7.477592, 0.0 ], [ 112.443031, -7.477637, 0.0 ], [ 112.443451, -7.477644, 0.0 ], [ 112.443873, -7.477643, 0.0 ] ] ] ] } },
{ "type": "Feature", "properties": { "KDPPUM": null, "NAMOBJ": "KARANGKEDAWANG", "REMARK": "Wilayah Administrasi Keluruhan/Desa", "KDPBPS": null, "FCODE": null, "LUASWH": 0.0, "UUPP": null, "SRS_ID": null, "LCODE": "BA0020", "METADATA": null, "KDEBPS": null, "KDEPUM": null, "KDCBPS": null, "KDCPUM": null, "KDBBPS": null, "KDBPUM": null, "WADMKD": null, "WIADKD": null, "WADMKC": "SOOKO", "WIADKC": null, "WADMKK": "MOJOKERTO", "WIADKK": null, "WADMPR": "JAWA TIMUR", "WIADPR": null, "TIPADM": 0, "SHAPE_Leng": 0.04475749869, "SHAPE_Area": 0.00011029667 }, "geometry": { "type": "MultiPolygon", "coordinates": [ [ [ [ 112.407563692342251, -7.479175296776621, 0.0 ], [ 112.406615164000158, -7.479415180999951, 0.0 ], [ 112.405793691000227, -7.479213796999897, 0.0 ], [ 112.405794220196469, -7.479208556291052, 0.0 ], [ 112.405844000000116, -7.479216, 0.0 ], [ 112.406479, -7.479097, 0.0 ], [ 112.406914, -7.479029, 0.0 ], [ 112.407570000000106, -7.47908, 0.0 ], [ 112.407563692342251, -7.479175296776621, 0.0 ] ] ] ] } },
{ "type": "Feature", "properties": { "KDPPUM": null, "NAMOBJ": "SURODINAWAN", "REMARK": "Wilayah Administrasi Keluruhan/Desa", "KDPBPS": null, "FCODE": null, "LUASWH": 0.0, "UUPP": null, "SRS_ID": null, "LCODE": "BA0020", "METADATA": null, "KDEBPS": null, "KDEPUM": null, "KDCBPS": null, "KDCPUM": null, "KDBBPS": null, "KDBPUM": null, "WADMKD": null, "WIADKD": null, "WADMKC": "PRAJURIT KULON", "WIADKC": null, "WADMKK": "KOTAMADYA MOJOKERTO", "WIADKK": null, "WADMPR": "JAWA TIMUR", "WIADPR": null, "TIPADM": 0, "SHAPE_Leng": 0.05185797959, "SHAPE_Area": 0.00011757804 }, "geometry": { "type": "MultiPolygon", "coordinates": [ [ [ [ 112.420467, -7.480481, 0.0 ], [ 112.420403000000107, -7.480535, 0.0 ], [ 112.420112, -7.481837, 0.0 ], [ 112.420149, -7.481842, 0.0 ], [ 112.420904, -7.482016, 0.0 ], [ 112.420935, -7.482022, 0.0 ], [ 112.420938000000135, -7.482023, 0.0 ], [ 112.421603, -7.482152, 0.0 ], [ 112.421934000000121, -7.482219, 0.0 ], [ 112.422012, -7.482233, 0.0 ], [ 112.423777000000115, -7.48262299999989, 0.0 ], [ 112.423847, -7.482646, 0.0 ], [ 112.424023, -7.482221, 0.0 ], [ 112.424205, -7.481691, 0.0 ], [ 112.42507, -7.482049, 0.0 ], [ 112.42526, -7.482153, 0.0 ], [ 112.42578, -7.482475, 0.0 ], [ 112.425398000000115, -7.483014, 0.0 ], [ 112.424939, -7.483636, 0.0 ], [ 112.424938818891874, -7.483636560627851, 0.0 ], [ 112.424938687000136, -7.483636738999923, 0.0 ], [ 112.424921429990533, -7.48369038869199, 0.0 ], [ 112.424782, -7.484122, 0.0 ], [ 112.424616, -7.484696, 0.0 ], [ 112.424608990683751, -7.484710236162819, 0.0 ], [ 112.424108039664773, -7.485634320358827, 0.0 ], [ 112.424102, -7.485644, 0.0 ], [ 112.424164, -7.486297, 0.0 ], [ 112.424227758880917, -7.486773988608199, 0.0 ], [ 112.424269877430092, -7.487090670530129, 0.0 ], [ 112.424151, -7.487741, 0.0 ], [ 112.424069, -7.488452, 0.0 ], [ 112.424069334913099, -7.488452643952971, 0.0 ], [ 112.424069231000132, -7.488453546999942, 0.0 ], [ 112.424302169000129, -7.488900795999911, 0.0 ], [ 112.424478031963176, -7.489264348521065, 0.0 ], [ 112.424525350810498, -7.489780305952689, 0.0 ], [ 112.424529976331527, -7.489831044783603, 0.0 ], [ 112.424187000000103, -7.49048, 0.0 ], [ 112.423752, -7.491009, 0.0 ], [ 112.423334, -7.491594, 0.0 ], [ 112.423248, -7.491943, 0.0 ], [ 112.423247800356449, -7.491944490521043, 0.0 ], [ 112.42323324208968, -7.49205318121713, 0.0 ], [ 112.42316, -7.4926, 0.0 ], [ 112.422965, -7.492933, 0.0 ], [ 112.422508, -7.492777, 0.0 ], [ 112.421892000000113, -7.492617999999897, 0.0 ], [ 112.42130800000011, -7.492478, 0.0 ], [ 112.421044, -7.492429, 0.0 ], [ 112.420905, -7.492549, 0.0 ], [ 112.420865, -7.492565, 0.0 ], [ 112.420780630256857, -7.492606941028381, 0.0 ], [ 112.420326045000124, -7.492471625999954, 0.0 ], [ 112.420105562000089, -7.493138713999905, 0.0 ], [ 112.419920548000064, -7.493299734999905, 0.0 ], [ 112.418808021000117, -7.493513108999974, 0.0 ], [ 112.417961464000243, -7.493676310999977, 0.0 ], [ 112.416366982000028, -7.494026974999947, 0.0 ], [ 112.415612433000121, -7.494017061999926, 0.0 ], [ 112.415415034810238, -7.494480706852393, 0.0 ], [ 112.415398, -7.494483, 0.0 ], [ 112.415396334841731, -7.494524628957901, 0.0 ], [ 112.415354637000107, -7.494622567999933, 0.0 ], [ 112.414958828000039, -7.494623840999861, 0.0 ], [ 112.415142849000077, -7.494154315999914, 0.0 ], [ 112.415074392000108, -7.492106038999903, 0.0 ], [ 112.414566588000099, -7.491897884999911, 0.0 ], [ 112.413663059000129, -7.491715682999935, 0.0 ], [ 112.413592407275914, -7.491869035587097, 0.0 ], [ 112.413592000000108, -7.491869, 0.0 ], [ 112.413590000000113, -7.491586, 0.0 ], [ 112.413590000000113, -7.491418, 0.0 ], [ 112.41358900000013, -7.491083, 0.0 ], [ 112.413564, -7.490699, 0.0 ], [ 112.413692000000125, -7.490433, 0.0 ], [ 112.413745, -7.48964, 0.0 ], [ 112.413771, -7.488888, 0.0 ], [ 112.413784, -7.488568, 0.0 ], [ 112.413783, -7.488387, 0.0 ], [ 112.413844, -7.488252, 0.0 ], [ 112.414325, -7.488226, 0.0 ], [ 112.414638, -7.488249, 0.0 ], [ 112.414854, -7.4882, 0.0 ], [ 112.415069, -7.48806, 0.0 ], [ 112.415065, -7.487927, 0.0 ], [ 112.415066, -7.487831, 0.0 ], [ 112.415072, -7.487278, 0.0 ], [ 112.415075000000158, -7.487072, 0.0 ], [ 112.415120000000144, -7.485477, 0.0 ], [ 112.41512400000012, -7.485251, 0.0 ], [ 112.415164, -7.483651, 0.0 ], [ 112.415164, -7.483636, 0.0 ], [ 112.415163, -7.483605, 0.0 ], [ 112.415162, -7.48357, 0.0 ], [ 112.415156, -7.483433, 0.0 ], [ 112.415158, -7.483336, 0.0 ], [ 112.415196, -7.482774, 0.0 ], [ 112.415202, -7.482626, 0.0 ], [ 112.415219, -7.481832999999895, 0.0 ], [ 112.415221, -7.48145, 0.0 ], [ 112.415244, -7.480687, 0.0 ], [ 112.415296, -7.479917, 0.0 ], [ 112.415825, -7.479623, 0.0 ], [ 112.417372000000142, -7.480346, 0.0 ], [ 112.417455, -7.480566, 0.0 ], [ 112.417566000000107, -7.480694, 0.0 ], [ 112.417870000000136, -7.480785, 0.0 ], [ 112.418201, -7.480821, 0.0 ], [ 112.418588000000113, -7.480847, 0.0 ], [ 112.418845, -7.480864, 0.0 ], [ 112.419149, -7.480843, 0.0 ], [ 112.419471, -7.480816, 0.0 ], [ 112.419701, -7.480732, 0.0 ], [ 112.419896, -7.480574, 0.0 ], [ 112.420001, -7.480502, 0.0 ], [ 112.420302, -7.480407, 0.0 ], [ 112.420467, -7.480481, 0.0 ] ] ] ] } },
{ "type": "Feature", "properties": { "KDPPUM": null, "NAMOBJ": "SOOKO", "REMARK": "Wilayah Administrasi Keluruhan/Desa", "KDPBPS": null, "FCODE": null, "LUASWH": 0.0, "UUPP": null, "SRS_ID": null, "LCODE": "BA0020", "METADATA": null, "KDEBPS": null, "KDEPUM": null, "KDCBPS": null, "KDCPUM": null, "KDBBPS": null, "KDBPUM": null, "WADMKD": null, "WIADKD": null, "WADMKC": "SOOKO", "WIADKC": null, "WADMKK": "MOJOKERTO", "WIADKK": null, "WADMPR": "JAWA TIMUR", "WIADPR": null, "TIPADM": 0, "SHAPE_Leng": 0.05749514297, "SHAPE_Area": 0.00014947613 }, "geometry": { "type": "MultiPolygon", "coordinates": [ [ [ [ 112.422710948013076, -7.493268117057418, 0.0 ], [ 112.422113606000067, -7.494052131999897, 0.0 ], [ 112.421975591033586, -7.493883154767691, 0.0 ], [ 112.422313, -7.493675, 0.0 ], [ 112.422710948013076, -7.493268117057418, 0.0 ] ] ], [ [ [ 112.422965321000191, -7.492934250999951, 0.0 ], [ 112.42296274708302, -7.492937629281517, 0.0 ], [ 112.422965, -7.492933, 0.0 ], [ 112.42316, -7.4926, 0.0 ], [ 112.42323324208968, -7.49205318121713, 0.0 ], [ 112.423159963000131, -7.492600710999888, 0.0 ], [ 112.422965321000191, -7.492934250999951, 0.0 ] ] ], [ [ [ 112.423334202000063, -7.491595219999915, 0.0 ], [ 112.423247800356449, -7.491944490521043, 0.0 ], [ 112.423248, -7.491943, 0.0 ], [ 112.423334, -7.491594, 0.0 ], [ 112.423752, -7.491009, 0.0 ], [ 112.424187000000103, -7.49048, 0.0 ], [ 112.424529976331527, -7.489831044783603, 0.0 ], [ 112.424530046000072, -7.489831808999938, 0.0 ], [ 112.424186764000083, -7.490480962999914, 0.0 ], [ 112.423751858000159, -7.491010447999937, 0.0 ], [ 112.423334202000063, -7.491595219999915, 0.0 ] ] ], [ [ [ 112.424478380000053, -7.489265067999941, 0.0 ], [ 112.424525350810498, -7.489780305952689, 0.0 ], [ 112.424478031963176, -7.489264348521065, 0.0 ], [ 112.424478380000053, -7.489265067999941, 0.0 ] ] ], [ [ [ 112.424151105000064, -7.487742027999957, 0.0 ], [ 112.424069334913099, -7.488452643952971, 0.0 ], [ 112.424069, -7.488452, 0.0 ], [ 112.424151, -7.487741, 0.0 ], [ 112.424269877430092, -7.487090670530129, 0.0 ], [ 112.424151105000064, -7.487742027999957, 0.0 ] ] ], [ [ [ 112.424164468000114, -7.486298143999949, 0.0 ], [ 112.424227758880917, -7.486773988608199, 0.0 ], [ 112.424164, -7.486297, 0.0 ], [ 112.424102, -7.485644, 0.0 ], [ 112.424108039664773, -7.485634320358827, 0.0 ], [ 112.424102293000118, -7.485644921, 0.0 ], [ 112.424164468000114, -7.486298143999949, 0.0 ] ] ], [ [ [ 112.424616223, -7.484696894999978, 0.0 ], [ 112.424608990683751, -7.484710236162819, 0.0 ], [ 112.424616, -7.484696, 0.0 ], [ 112.424782, -7.484122, 0.0 ], [ 112.424921429990533, -7.48369038869199, 0.0 ], [ 112.424782354000158, -7.484122756999902, 0.0 ], [ 112.424616223, -7.484696894999978, 0.0 ] ] ], [ [ [ 112.4296369977056, -7.482656601463102, 0.0 ], [ 112.429676, -7.482659, 0.0 ], [ 112.429714, -7.482659, 0.0 ], [ 112.430203, -7.482671, 0.0 ], [ 112.43020070451918, -7.482680478114691, 0.0 ], [ 112.42965058500026, -7.482659709999908, 0.0 ], [ 112.4296369977056, -7.482656601463102, 0.0 ] ] ], [ [ [ 112.426198000000142, -7.481736, 0.0 ], [ 112.426197861000134, -7.481736790999928, 0.0 ], [ 112.425979914000223, -7.482193807999906, 0.0 ], [ 112.42539797800012, -7.483015587999954, 0.0 ], [ 112.424938818891874, -7.483636560627851, 0.0 ], [ 112.424939, -7.483636, 0.0 ], [ 112.425398000000115, -7.483014, 0.0 ], [ 112.42578, -7.482475, 0.0 ], [ 112.425980000000138, -7.482193, 0.0 ], [ 112.426198000000142, -7.481736, 0.0 ] ] ], [ [ [ 112.426198000000142, -7.481736, 0.0 ], [ 112.426337000000103, -7.480965, 0.0 ], [ 112.426451, -7.480924, 0.0 ], [ 112.426455640361723, -7.480925345211233, 0.0 ], [ 112.426450826000107, -7.480925235999926, 0.0 ], [ 112.42633698600001, -7.480966460999962, 0.0 ], [ 112.426198000000142, -7.481736, 0.0 ] ] ] ] } }
]
}
